id,date,store_nbr,family,sales,onpromotion
2483653,2016-10-28,46,CLEANING,2576.0,61
2761877,2017-04-03,52,DAIRY,0.0,0
1217988,2014-11-16,33,MEATS,357.354,2
1231938,2014-11-24,25,HOME AND KITCHEN I,5.0,0
528175,2013-10-24,29,EGGS,0.0,0
1556448,2015-05-26,30,BEVERAGES,1252.0,0
1307554,2015-01-06,46,POULTRY,1052.111,2
1063711,2014-08-21,54,"LIQUOR,WINE,BEER",20.0,0
25515,2013-01-15,25,CELEBRATION,0.0,0
2267762,2016-06-29,39,BEAUTY,7.0,0
88001,2013-02-19,28,MAGAZINES,0.0,0
463208,2013-09-17,6,LAWN AND GARDEN,1.0,0
492186,2013-10-04,19,MEATS,159.022,0
686609,2014-01-22,24,FROZEN FOODS,111.0,0
907254,2014-05-26,15,HOME CARE,0.0,0
1619353,2015-06-30,45,EGGS,329.0,0
2739971,2017-03-22,38,HARDWARE,1.0,0
2279180,2016-07-06,1,BEAUTY,2.0,1
2683297,2017-02-18,48,BABY CARE,0.0,0
1071702,2014-08-26,29,PLAYERS AND ELECTRONICS,0.0,0
2663310,2017-02-07,37,GROCERY I,3961.0,53
2579933,2016-12-21,47,PET SUPPLIES,32.0,1
1911703,2015-12-11,48,GROCERY II,55.0,0
496055,2013-10-06,27,SEAFOOD,29.984,0
1716889,2015-08-24,31,SCHOOL AND OFFICE SUPPLIES,1.0,0
2454710,2016-10-12,34,BREAD/BAKERY,543.0,8
1181629,2014-10-27,13,SCHOOL AND OFFICE SUPPLIES,0.0,0
1281943,2014-12-22,28,PERSONAL CARE,445.0,0
2487892,2016-10-31,15,"LIQUOR,WINE,BEER",16.0,2
800225,2014-03-27,12,DAIRY,305.0,0
1091467,2014-09-06,33,PERSONAL CARE,228.0,0
2819130,2017-05-06,1,CELEBRATION,15.0,0
1152033,2014-10-10,33,BEVERAGES,1315.0,2
5533,2013-01-04,14,"LIQUOR,WINE,BEER",42.0,0
2201003,2016-05-23,16,BEAUTY,0.0,0
2709533,2017-03-05,34,BEAUTY,3.0,1
575546,2013-11-19,8,PET SUPPLIES,0.0,0
1963289,2016-01-10,45,LAWN AND GARDEN,18.0,0
295647,2013-06-15,54,AUTOMOTIVE,9.0,0
635055,2013-12-23,28,BEVERAGES,1177.0,0
351917,2013-07-17,33,BREAD/BAKERY,210.0,0
2384446,2016-09-03,12,SCHOOL AND OFFICE SUPPLIES,13.0,6
1620866,2015-07-01,38,BREAD/BAKERY,697.348,3
2269923,2016-06-30,49,HOME CARE,327.0,1
369123,2013-07-27,16,HOME CARE,0.0,0
2803695,2017-04-27,26,HOME AND KITCHEN I,16.0,2
377330,2013-07-31,46,DAIRY,584.0,0
1429586,2015-03-16,20,PET SUPPLIES,0.0,0
221694,2013-05-05,3,AUTOMOTIVE,10.0,0
649683,2014-01-01,38,GROCERY I,0.0,0
1328665,2015-01-18,39,LADIESWEAR,0.0,0
2598821,2017-01-02,28,BREAD/BAKERY,996.0,2
2233190,2016-06-10,19,HARDWARE,0.0,0
292486,2013-06-14,16,CLEANING,592.0,0
2591213,2016-12-29,14,LAWN AND GARDEN,0.0,0
1589656,2015-06-14,12,GROCERY II,5.0,0
2838027,2017-05-16,39,PLAYERS AND ELECTRONICS,9.0,0
234341,2013-05-12,34,DAIRY,166.0,0
1684020,2015-08-06,1,PRODUCE,2275.885,0
922900,2014-06-03,53,"LIQUOR,WINE,BEER",18.0,0
402728,2013-08-14,9,PREPARED FOODS,77.0,0
1623778,2015-07-03,2,GROCERY II,31.0,0
717220,2014-02-08,32,SCHOOL AND OFFICE SUPPLIES,0.0,0
1363925,2015-02-07,29,BEAUTY,0.0,0
2967479,2017-07-28,21,LAWN AND GARDEN,4.0,0
2899221,2017-06-19,7,CELEBRATION,16.0,0
1954652,2016-01-05,52,PREPARED FOODS,0.0,0
82075,2013-02-16,12,BOOKS,0.0,0
2182823,2016-05-12,6,BREAD/BAKERY,487.154,15
957759,2014-06-23,32,AUTOMOTIVE,4.0,0
2305848,2016-07-20,8,CELEBRATION,26.0,0
937306,2014-06-11,9,CLEANING,1245.0,0
1056503,2014-08-17,52,DAIRY,0.0,0
202123,2013-04-24,3,SCHOOL AND OFFICE SUPPLIES,0.0,0
1199451,2014-11-06,14,AUTOMOTIVE,1.0,0
2106790,2016-03-31,22,BOOKS,0.0,0
1067545,2014-08-24,12,POULTRY,246.716,0
121856,2013-03-10,28,LAWN AND GARDEN,0.0,0
1361367,2015-02-05,7,HOME CARE,0.0,0
1251145,2014-12-05,14,HOME AND KITCHEN II,4.0,0
1788981,2015-10-03,54,HOME CARE,296.0,2
1578381,2015-06-07,45,MEATS,1927.81,0
1921720,2015-12-17,29,SCHOOL AND OFFICE SUPPLIES,1.0,0
2652750,2017-02-01,40,GROCERY I,6073.0,39
775935,2014-03-13,30,CELEBRATION,3.0,0
2739389,2017-03-22,21,PET SUPPLIES,5.0,1
1220808,2014-11-18,13,CELEBRATION,6.0,0
277687,2013-06-05,5,PERSONAL CARE,175.0,0
313583,2013-06-25,8,HOME APPLIANCES,2.0,0
812905,2014-04-03,18,HOME AND KITCHEN II,0.0,0
1431766,2015-03-17,31,POULTRY,155.723,1
1775039,2015-09-26,14,BEAUTY,2.0,0
2932773,2017-07-08,47,PRODUCE,6112.877,15
2716355,2017-03-09,25,PET SUPPLIES,2.0,0
301378,2013-06-19,15,"LIQUOR,WINE,BEER",24.0,0
2275403,2016-07-03,52,LAWN AND GARDEN,0.0,0
2218478,2016-06-01,6,LAWN AND GARDEN,0.0,0
2324883,2016-07-31,41,AUTOMOTIVE,13.0,0
2512455,2016-11-13,54,AUTOMOTIVE,10.0,0
1293380,2014-12-29,49,FROZEN FOODS,1206.576,5
2071795,2016-03-11,4,"LIQUOR,WINE,BEER",115.0,0
2227992,2016-06-07,22,PRODUCE,459.99,76
1596937,2015-06-18,17,BABY CARE,0.0,0
895427,2014-05-19,33,BREAD/BAKERY,287.0,0
2968188,2017-07-28,41,BEVERAGES,2490.0,0
1276946,2014-12-19,38,FROZEN FOODS,2003.811,2
2520739,2016-11-18,37,BABY CARE,0.0,0
2077047,2016-03-14,37,PLAYERS AND ELECTRONICS,15.0,0
2387780,2016-09-04,6,SEAFOOD,78.716,2
1139090,2014-10-03,2,PREPARED FOODS,121.858,1
2800458,2017-04-25,35,GROCERY I,1601.036,62
2563867,2016-12-12,46,SCHOOL AND OFFICE SUPPLIES,9.0,0
1904863,2015-12-07,7,BOOKS,0.0,0
1136916,2014-10-02,1,AUTOMOTIVE,2.0,0
2928703,2017-07-06,33,LADIESWEAR,0.0,0
2702601,2017-03-01,4,AUTOMOTIVE,2.0,0
2136562,2016-04-16,8,EGGS,480.0,1
2846009,2017-05-21,13,MAGAZINES,1.0,0
1772558,2015-09-24,43,PREPARED FOODS,72.0,0
2166424,2016-05-03,45,CLEANING,2548.0,12
110041,2013-03-03,46,LADIESWEAR,0.0,0
2397765,2016-09-10,36,HOME CARE,249.0,7
2239583,2016-06-13,48,BREAD/BAKERY,711.26,3
880069,2014-05-10,51,PERSONAL CARE,418.0,0
824638,2014-04-09,47,BABY CARE,0.0,0
37169,2013-01-21,51,FROZEN FOODS,133.982,0
2023508,2016-02-13,35,HARDWARE,0.0,0
1902519,2015-12-06,40,BEVERAGES,3700.0,1
2273241,2016-07-02,42,BEVERAGES,3601.0,8
691061,2014-01-24,49,DAIRY,1445.0,0
1483376,2015-04-15,3,PET SUPPLIES,0.0,0
1882552,2015-11-25,30,BABY CARE,0.0,0
948320,2014-06-18,17,SEAFOOD,8.0,0
1372395,2015-02-12,16,MEATS,89.832,10
1164175,2014-10-17,24,BABY CARE,0.0,0
706460,2014-02-02,30,PREPARED FOODS,22.0,0
1748540,2015-09-11,20,BEAUTY,1.0,0
626040,2013-12-18,24,PRODUCE,0.0,0
2137014,2016-04-17,20,AUTOMOTIVE,9.0,0
2469556,2016-10-20,50,BABY CARE,0.0,0
1772334,2015-09-24,38,BEVERAGES,1823.0,7
1582157,2015-06-09,51,BREAD/BAKERY,782.317,0
1981150,2016-01-20,46,POULTRY,846.539,2
1558159,2015-05-27,28,SCHOOL AND OFFICE SUPPLIES,0.0,0
194383,2013-04-20,13,GROCERY II,8.0,0
1098249,2014-09-10,24,DELI,190.112,0
2100826,2016-03-27,54,GROCERY II,16.0,2
713500,2014-02-06,29,CLEANING,0.0,0
1065408,2014-08-22,52,BEVERAGES,0.0,0
1873303,2015-11-20,20,PERSONAL CARE,275.0,0
438973,2013-09-04,26,CLEANING,574.0,0
179424,2013-04-11,43,BEVERAGES,1024.0,0
727718,2014-02-14,28,BEAUTY,0.0,0
632570,2013-12-21,8,PET SUPPLIES,0.0,0
1968938,2016-01-13,53,PET SUPPLIES,0.0,0
1174744,2014-10-23,20,EGGS,0.0,0
27280,2013-01-16,24,"LIQUOR,WINE,BEER",65.0,0
2286880,2016-07-10,25,GROCERY II,10.0,0
795554,2014-03-24,30,MAGAZINES,1.0,0
1163940,2014-10-17,17,PRODUCE,436.301,0
2942166,2017-07-14,11,HOME CARE,442.0,13
2788556,2017-04-18,50,MAGAZINES,5.0,0
1333743,2015-01-21,31,HOME AND KITCHEN I,8.0,0
562065,2013-11-12,3,DELI,282.49,0
384267,2013-08-04,40,HOME AND KITCHEN I,0.0,0
2239587,2016-06-13,48,DELI,507.761,8
2067343,2016-03-09,15,PERSONAL CARE,183.0,8
1042838,2014-08-10,2,BREAD/BAKERY,554.413,1
1747437,2015-09-10,39,LINGERIE,4.0,0
1135241,2014-10-01,12,DAIRY,348.0,1
626869,2013-12-18,48,BABY CARE,0.0,0
487101,2013-10-01,26,LINGERIE,6.0,0
2107058,2016-03-31,3,DAIRY,1872.0,1
13514,2013-01-08,38,HOME APPLIANCES,0.0,0
1688259,2015-08-08,29,GROCERY I,3019.294,4
1709872,2015-08-20,35,EGGS,246.0,0
246114,2013-05-19,15,AUTOMOTIVE,9.0,0
2064744,2016-03-07,42,AUTOMOTIVE,2.0,0
839220,2014-04-17,6,PRODUCE,13.0,0
377169,2013-07-31,41,GROCERY I,1946.0,0
342120,2013-07-11,9,DELI,368.824,0
2168433,2016-05-04,51,BEVERAGES,5503.0,34
1296780,2014-12-31,44,GROCERY I,7743.0,14
286060,2013-06-10,35,HOME AND KITCHEN II,0.0,0
1349966,2015-01-30,37,BEAUTY,2.0,1
924084,2014-06-04,37,HOME CARE,0.0,0
1565156,2015-05-31,24,SEAFOOD,58.285,0
2193275,2016-05-18,48,PREPARED FOODS,93.109,1
2791386,2017-04-20,30,HOME AND KITCHEN I,14.0,1
2213672,2016-05-30,20,SEAFOOD,8.0,1
2422459,2016-09-24,29,POULTRY,191.703,0
868325,2014-05-04,22,PREPARED FOODS,0.0,0
957605,2014-06-23,28,FROZEN FOODS,24.0,0
2144001,2016-04-21,16,MEATS,80.012,14
1460106,2015-04-02,27,LINGERIE,5.0,0
1973320,2016-01-16,27,LADIESWEAR,8.0,0
956480,2014-06-22,46,DAIRY,2381.0,0
1084895,2014-09-02,49,LAWN AND GARDEN,19.0,0
1024592,2014-07-30,8,DAIRY,1369.0,0
169454,2013-04-06,13,SEAFOOD,7.0,0
1156086,2014-10-12,46,PRODUCE,4526.018,2
2509289,2016-11-12,16,BEAUTY,4.0,1
710483,2014-02-04,43,PET SUPPLIES,0.0,0
1630771,2015-07-07,16,EGGS,250.0,0
272972,2013-06-03,18,PREPARED FOODS,58.0,0
1290175,2014-12-28,1,CLEANING,169.0,0
1798714,2015-10-09,28,HOME AND KITCHEN II,14.0,0
384467,2013-08-04,46,HOME APPLIANCES,1.0,0
449117,2013-09-10,10,LAWN AND GARDEN,0.0,0
1839476,2015-11-01,21,MAGAZINES,3.0,0
1352173,2015-01-31,48,SCHOOL AND OFFICE SUPPLIES,0.0,0
2748653,2017-03-27,31,HOME APPLIANCES,0.0,0
668217,2014-01-11,9,AUTOMOTIVE,10.0,0
2834013,2017-05-14,27,CELEBRATION,24.0,0
1754336,2015-09-14,32,MAGAZINES,0.0,0
747179,2014-02-25,23,PET SUPPLIES,0.0,0
1779473,2015-09-28,38,HARDWARE,3.0,0
1179019,2014-10-25,4,POULTRY,599.023,0
2986508,2017-08-07,6,DAIRY,995.0,24
451635,2013-09-11,30,PRODUCE,0.0,0
2136213,2016-04-16,47,MEATS,913.115,3
2642696,2017-01-26,9,MAGAZINES,2.0,0
71475,2013-02-10,14,PRODUCE,0.0,0
1335006,2015-01-22,17,MEATS,289.977,17
169705,2013-04-06,20,LADIESWEAR,0.0,0
2855784,2017-05-26,37,PRODUCE,2964.638,10
808776,2014-03-31,51,GROCERY I,4121.0,0
1756254,2015-09-15,36,PLAYERS AND ELECTRONICS,5.0,0
2222861,2016-06-04,29,HARDWARE,0.0,0
711580,2014-02-05,25,BABY CARE,0.0,0
827455,2014-04-11,26,GROCERY II,0.0,0
1862260,2015-11-14,11,BOOKS,0.0,0
595041,2013-11-30,54,HOME CARE,0.0,0
2760957,2017-04-03,27,GROCERY I,4090.0,35
1994082,2016-01-28,1,MEATS,200.398,0
1324848,2015-01-16,31,PRODUCE,0.0,0
356999,2013-07-20,26,BREAD/BAKERY,314.0,0
1387291,2015-02-20,34,BOOKS,0.0,0
2931999,2017-07-08,26,HOME AND KITCHEN I,9.0,3
890338,2014-05-16,4,SCHOOL AND OFFICE SUPPLIES,0.0,0
2676312,2017-02-14,51,GROCERY I,3919.0,34
1215014,2014-11-14,5,LAWN AND GARDEN,4.0,0
674919,2014-01-15,46,BEVERAGES,3461.0,0
2690493,2017-02-22,5,BEVERAGES,1823.0,15
897582,2014-05-20,43,HOME AND KITCHEN I,0.0,0
2481476,2016-10-27,35,DAIRY,98.0,10
21677,2013-01-13,17,PREPARED FOODS,66.0,0
567742,2013-11-15,39,EGGS,87.0,0
1735439,2015-09-03,52,BEAUTY,0.0,0
393569,2013-08-09,51,FROZEN FOODS,335.961,0
145778,2013-03-23,49,HOME APPLIANCES,2.0,0
1058688,2014-08-19,14,HOME AND KITCHEN I,0.0,0
358630,2013-07-21,21,LADIESWEAR,0.0,0
2636176,2017-01-23,26,BOOKS,0.0,0
2109812,2016-04-01,7,MAGAZINES,11.0,0
591097,2013-11-28,44,BABY CARE,0.0,0
1567943,2015-06-01,52,HARDWARE,0.0,0
2330466,2016-08-03,48,CELEBRATION,13.0,0
36596,2013-01-21,35,SEAFOOD,0.0,0
2022363,2016-02-12,52,MEATS,0.0,0
586512,2013-11-26,16,BEVERAGES,452.0,0
2698569,2017-02-27,26,PLAYERS AND ELECTRONICS,1.0,0
136240,2013-03-18,31,HOME AND KITCHEN II,0.0,0
2889454,2017-06-14,32,CLEANING,308.0,12
2843554,2017-05-19,44,EGGS,614.0,32
321187,2013-06-30,20,SCHOOL AND OFFICE SUPPLIES,0.0,0
129015,2013-03-14,29,HOME CARE,0.0,0
1507989,2015-04-29,20,LINGERIE,1.0,0
520730,2013-10-20,2,MAGAZINES,0.0,0
2051804,2016-02-29,29,PREPARED FOODS,74.064,0
2802132,2017-04-26,32,BEVERAGES,884.0,23
678371,2014-01-17,42,MAGAZINES,0.0,0
1790797,2015-10-04,6,LADIESWEAR,81.0,0
814352,2014-04-03,9,FROZEN FOODS,40.545,0
262676,2013-05-28,29,PREPARED FOODS,0.0,0
970624,2014-06-30,42,POULTRY,0.0,0
1108073,2014-09-15,49,SEAFOOD,114.37,0
720437,2014-02-10,23,HARDWARE,0.0,0
2703470,2017-03-02,14,FROZEN FOODS,57.0,3
2088462,2016-03-20,8,MEATS,455.838,0
979625,2014-07-05,45,LAWN AND GARDEN,27.0,0
1301573,2015-01-03,29,LAWN AND GARDEN,0.0,0
138793,2013-03-19,52,POULTRY,0.0,0
413665,2013-08-21,16,EGGS,229.0,0
1712946,2015-08-22,21,HOME AND KITCHEN I,100.0,0
495991,2013-10-06,26,BABY CARE,0.0,0
217319,2013-05-02,7,HARDWARE,0.0,0
2990234,2017-08-10,10,BREAD/BAKERY,72.0,6
2584381,2016-12-24,22,LADIESWEAR,0.0,0
2631904,2017-01-20,6,"LIQUOR,WINE,BEER",69.0,4
1827909,2015-10-25,47,CELEBRATION,67.0,0
1839932,2015-11-01,34,HOME APPLIANCES,2.0,0
1184369,2014-10-28,4,SEAFOOD,23.869999,0
135232,2013-03-17,52,SCHOOL AND OFFICE SUPPLIES,0.0,0
2471983,2016-10-22,19,LADIESWEAR,16.0,0
484307,2013-09-29,47,SEAFOOD,111.368004,0
1306446,2015-01-06,16,DELI,162.0,2
651011,2014-01-02,25,LAWN AND GARDEN,3.0,0
2247581,2016-06-18,22,HOME APPLIANCES,0.0,0
987248,2014-07-10,1,LAWN AND GARDEN,8.0,0
2964002,2017-07-26,24,DAIRY,1450.0,19
2753645,2017-03-30,21,PET SUPPLIES,3.0,0
2782572,2017-04-15,33,GROCERY I,2905.0,80
1008417,2014-07-21,53,BEVERAGES,1150.0,0
20154,2013-01-12,24,MEATS,426.618,0
213238,2013-04-30,41,PERSONAL CARE,115.0,0
2690029,2017-02-22,37,BABY CARE,0.0,0
1059190,2014-08-19,28,"LIQUOR,WINE,BEER",29.0,0
893874,2014-05-18,4,BEVERAGES,2055.0,0
836056,2014-04-16,18,BABY CARE,0.0,0
183416,2013-04-13,6,BEAUTY,7.0,0
1261130,2014-12-10,44,BEAUTY,8.0,0
2973327,2017-07-31,35,PLAYERS AND ELECTRONICS,0.0,0
2266869,2016-06-29,14,AUTOMOTIVE,0.0,0
2794104,2017-04-21,7,PLAYERS AND ELECTRONICS,11.0,0
2986057,2017-08-07,42,LADIESWEAR,11.0,0
430696,2013-08-30,43,GROCERY II,3.0,0
1891707,2015-11-30,37,HOME AND KITCHEN I,32.0,0
27894,2013-01-16,41,DELI,119.347,0
2574897,2016-12-18,7,CELEBRATION,47.0,1
2979640,2017-08-04,13,BOOKS,0.0,0
2296746,2016-07-15,51,GROCERY I,5130.0,57
63251,2013-02-05,33,MAGAZINES,0.0,0
1698370,2015-08-14,12,PERSONAL CARE,423.0,0
35750,2013-01-21,12,FROZEN FOODS,16.0,0
1648476,2015-07-17,12,PLAYERS AND ELECTRONICS,4.0,0
1594121,2015-06-16,37,MAGAZINES,4.0,0
2332090,2016-08-04,43,GROCERY II,2.0,0
1618368,2015-06-30,18,HOME AND KITCHEN I,28.0,0
1726585,2015-08-29,53,PERSONAL CARE,229.0,2
2662966,2017-02-07,27,SCHOOL AND OFFICE SUPPLIES,2.0,0
2815630,2017-05-04,11,BOOKS,0.0,0
1291874,2014-12-28,7,MAGAZINES,2.0,0
1041282,2014-08-09,26,AUTOMOTIVE,0.0,0
1985670,2016-01-23,23,PLAYERS AND ELECTRONICS,9.0,0
2189358,2016-05-16,39,CELEBRATION,7.0,0
1952258,2016-01-04,36,FROZEN FOODS,97.034996,2
634809,2013-12-23,20,LINGERIE,0.0,0
400520,2013-08-13,46,SEAFOOD,26.115,0
2582337,2016-12-23,15,LINGERIE,9.0,0
1912117,2015-12-12,1,SCHOOL AND OFFICE SUPPLIES,0.0,0
652878,2014-01-03,28,CELEBRATION,20.0,0
877908,2014-05-09,41,DELI,183.3938,0
2233194,2016-06-10,19,HOME CARE,131.0,3
493052,2013-10-04,42,SEAFOOD,0.0,0
47509,2013-01-27,41,"LIQUOR,WINE,BEER",0.0,0
1039944,2014-08-08,38,HOME AND KITCHEN I,0.0,0
97143,2013-02-24,34,MEATS,246.64099,0
454576,2013-09-13,14,BABY CARE,0.0,0
2121802,2016-04-08,43,BABY CARE,0.0,0
2600842,2017-01-03,34,GROCERY II,10.0,0
177146,2013-04-10,3,BEAUTY,11.0,0
1688799,2015-08-08,43,MEATS,158.053,0
2977788,2017-08-03,11,AUTOMOTIVE,8.0,0
2644525,2017-01-28,10,BOOKS,0.0,0
1179769,2014-10-26,11,LADIESWEAR,26.0,0
2971532,2017-07-30,35,HARDWARE,0.0,0
2166368,2016-05-03,43,HOME APPLIANCES,0.0,0
1418896,2015-03-10,20,POULTRY,275.164,2
1803113,2015-10-11,50,PET SUPPLIES,12.0,0
644819,2013-12-29,50,SEAFOOD,22.265,0
581455,2013-11-23,23,POULTRY,418.793,0
808398,2014-03-31,40,PRODUCE,1215.117,0
1646444,2015-07-15,6,DAIRY,934.0,2
584793,2013-11-25,18,AUTOMOTIVE,0.0,0
1165581,2014-10-18,13,LINGERIE,1.0,0
1336041,2015-01-22,46,BEVERAGES,1866.0,2
1337913,2015-01-23,48,PLAYERS AND ELECTRONICS,0.0,0
1669293,2015-07-28,46,LINGERIE,6.0,0
83535,2013-02-16,52,GROCERY I,0.0,0
1910490,2015-12-11,14,LINGERIE,6.0,0
922936,2014-06-03,54,PERSONAL CARE,188.0,0
1148840,2014-10-08,43,FROZEN FOODS,80.681,0
2838754,2017-05-17,1,POULTRY,318.311,0
437656,2013-09-03,39,EGGS,135.0,0
1262541,2014-12-11,33,PLAYERS AND ELECTRONICS,3.0,0
1867276,2015-11-16,51,BOOKS,0.0,0
151507,2013-03-27,10,BOOKS,0.0,0
2057636,2016-03-03,42,LAWN AND GARDEN,16.0,0
478012,2013-09-26,21,CLEANING,0.0,0
2325237,2016-07-31,50,MEATS,524.435,1
2578473,2016-12-20,7,HOME CARE,255.0,5
2935034,2017-07-10,11,HARDWARE,0.0,0
1156572,2014-10-13,10,LINGERIE,7.0,0
2019811,2016-02-11,31,GROCERY II,3.0,0
1724537,2015-08-28,46,MAGAZINES,0.0,0
973982,2014-07-02,37,LAWN AND GARDEN,13.0,2
841863,2014-04-19,30,AUTOMOTIVE,0.0,0
1380377,2015-02-16,4,LAWN AND GARDEN,5.0,0
1670491,2015-07-29,3,SCHOOL AND OFFICE SUPPLIES,0.0,0
2094558,2016-03-24,29,HOME AND KITCHEN I,13.0,0
45129,2013-01-26,25,HOME CARE,0.0,0
78692,2013-02-14,17,LAWN AND GARDEN,0.0,0
15351,2013-01-09,4,CELEBRATION,0.0,0
1467561,2015-04-06,36,HOME CARE,0.0,0
583966,2013-11-24,43,SCHOOL AND OFFICE SUPPLIES,0.0,0
1793013,2015-10-06,18,MEATS,79.371,0
10670,2013-01-06,9,FROZEN FOODS,105.998,0
26503,2013-01-15,52,BOOKS,0.0,0
2441915,2016-10-05,25,HARDWARE,0.0,0
2437760,2016-10-02,9,HOME APPLIANCES,0.0,0
2021547,2016-02-12,30,AUTOMOTIVE,0.0,0
1705449,2015-08-18,11,DELI,430.356,0
911321,2014-05-28,29,PET SUPPLIES,0.0,0
325790,2013-07-02,5,HARDWARE,0.0,0
2536183,2016-11-27,20,BABY CARE,2.0,0
1930839,2015-12-22,35,DELI,98.0,0
1016755,2014-07-26,37,PERSONAL CARE,220.0,1
1751343,2015-09-12,49,AUTOMOTIVE,13.0,0
1294939,2014-12-30,42,LADIESWEAR,0.0,0
2596376,2017-01-01,1,BEAUTY,0.0,0
1558868,2015-05-27,48,HARDWARE,0.0,0
482151,2013-09-28,37,LINGERIE,8.0,0
2185039,2016-05-14,18,EGGS,239.0,1
2791607,2017-04-20,37,BREAD/BAKERY,480.866,6
2172519,2016-05-07,16,PRODUCE,443.659,1
1683766,2015-08-05,52,CLEANING,0.0,0
2129724,2016-04-13,16,BEVERAGES,1287.0,3
1226372,2014-11-21,19,PET SUPPLIES,1.0,0
2111912,2016-04-03,16,FROZEN FOODS,41.0,1
1687611,2015-08-08,10,MEATS,173.524,0
2987273,2017-08-08,27,HARDWARE,1.0,0
1651544,2015-07-18,48,PET SUPPLIES,15.0,0
2661719,2017-02-06,42,BREAD/BAKERY,585.808,8
1109291,2014-09-16,33,PREPARED FOODS,58.0,0
625930,2013-12-18,21,LADIESWEAR,0.0,0
938828,2014-06-12,50,FROZEN FOODS,139.082,0
278410,2013-06-06,20,"LIQUOR,WINE,BEER",0.0,0
1221368,2014-11-18,29,BREAD/BAKERY,0.0,0
1678156,2015-08-02,45,CLEANING,3888.0,1
1996459,2016-01-29,26,PERSONAL CARE,128.0,0
744101,2014-02-23,37,HOME APPLIANCES,0.0,0
623526,2013-12-16,53,MEATS,0.0,0
227023,2013-05-08,29,HOME AND KITCHEN II,0.0,0
2914805,2017-06-28,43,HARDWARE,0.0,0
259786,2013-05-26,48,EGGS,286.0,0
611241,2013-12-10,1,HOME AND KITCHEN I,0.0,0
2266756,2016-06-29,10,LADIESWEAR,2.0,0
420152,2013-08-24,47,PREPARED FOODS,313.803,0
1463499,2015-04-04,22,HOME AND KITCHEN I,0.0,0
2930626,2017-07-07,37,POULTRY,348.401,31
1287568,2014-12-26,36,CLEANING,1445.0,3
2732972,2017-03-18,41,FROZEN FOODS,263.407,3
1116623,2014-09-20,4,BEAUTY,9.0,0
71070,2013-02-09,52,LINGERIE,0.0,0
1325654,2015-01-16,54,FROZEN FOODS,12.6970005,0
1299923,2015-01-02,32,LAWN AND GARDEN,0.0,0
1659689,2015-07-23,27,LAWN AND GARDEN,15.0,0
2211308,2016-05-28,54,FROZEN FOODS,69.731,14
804992,2014-03-29,45,MAGAZINES,2.0,0
169759,2013-04-06,22,CLEANING,0.0,0
1539051,2015-05-16,41,PRODUCE,6.0,0
1519382,2015-05-05,4,PREPARED FOODS,72.103,0
1788020,2015-10-03,28,HARDWARE,1.0,0
2266990,2016-06-29,17,"LIQUOR,WINE,BEER",20.0,0
1841031,2015-11-02,15,PLAYERS AND ELECTRONICS,2.0,0
8987,2013-01-06,11,FROZEN FOODS,50.0,0
2217702,2016-06-01,34,BEVERAGES,1950.0,17
2787580,2017-04-18,24,BOOKS,0.0,0
2236886,2016-06-12,22,HARDWARE,2.0,0
2019964,2016-02-11,36,BABY CARE,6.0,0
80974,2013-02-15,30,PERSONAL CARE,72.0,0
117060,2013-03-07,43,DELI,138.0,0
2596351,2016-12-31,9,EGGS,294.0,0
1140129,2014-10-03,49,GROCERY I,6288.0,6
2073148,2016-03-12,28,"LIQUOR,WINE,BEER",379.0,0
2308847,2016-07-22,41,BEAUTY,8.0,1
1579282,2015-06-08,21,BABY CARE,0.0,0
415831,2013-08-22,26,SCHOOL AND OFFICE SUPPLIES,0.0,0
2875309,2017-06-06,35,LADIESWEAR,0.0,0
1303400,2015-01-04,3,SEAFOOD,189.963,0
1996064,2016-01-29,15,PET SUPPLIES,0.0,0
2955149,2017-07-21,25,SEAFOOD,3.0,1
1807583,2015-10-14,27,DAIRY,912.0,3
1364691,2015-02-07,5,DELI,309.799,0
2623743,2017-01-16,27,GROCERY I,4055.0,59
1616826,2015-06-29,24,MEATS,387.328,0
2204198,2016-05-24,54,PREPARED FOODS,85.0,4
977542,2014-07-04,37,HOME AND KITCHEN II,2.0,0
424514,2013-08-27,20,BEAUTY,0.0,0
2971797,2017-07-30,42,HOME AND KITCHEN I,31.0,0
2705838,2017-03-03,30,BEVERAGES,1288.0,21
1492620,2015-04-20,39,PRODUCE,0.0,0
277757,2013-06-05,51,PREPARED FOODS,244.656,0
2448683,2016-10-09,15,HOME APPLIANCES,0.0,0
1304718,2015-01-05,17,PRODUCE,0.0,0
1168103,2014-10-19,34,BEAUTY,5.0,0
2023322,2016-02-13,3,PET SUPPLIES,34.0,0
1547617,2015-05-21,32,HOME AND KITCHEN II,3.0,0
2390805,2016-09-06,40,LINGERIE,5.0,0
864972,2014-05-02,29,DELI,0.0,0
918091,2014-06-01,19,SCHOOL AND OFFICE SUPPLIES,0.0,0
423474,2013-08-26,40,HOME CARE,0.0,0
1305807,2015-01-05,47,PRODUCE,5.0,0
1363464,2015-02-07,16,BEVERAGES,622.0,1
1008800,2014-07-22,14,MAGAZINES,0.0,0
1650444,2015-07-18,18,HOME AND KITCHEN I,11.0,0
2272440,2016-07-02,2,PLAYERS AND ELECTRONICS,9.0,0
10654,2013-01-06,8,POULTRY,358.15698,0
1183204,2014-10-27,8,"LIQUOR,WINE,BEER",110.0,0
13073,2013-01-08,26,BREAD/BAKERY,210.0,0
172274,2013-04-07,42,HARDWARE,0.0,0
133217,2013-03-16,46,PREPARED FOODS,177.286,0
943823,2014-06-15,40,MAGAZINES,0.0,0
328765,2013-07-04,33,LADIESWEAR,0.0,0
427100,2013-08-28,42,HARDWARE,0.0,0
1243395,2014-11-30,46,LINGERIE,9.0,0
2053154,2016-03-01,17,PET SUPPLIES,0.0,0
1673155,2015-07-30,54,"LIQUOR,WINE,BEER",37.0,2
237941,2013-05-14,35,FROZEN FOODS,11.0,0
2255029,2016-06-22,31,CLEANING,946.0,30
390581,2013-08-08,18,PET SUPPLIES,0.0,0
1631410,2015-07-07,33,"LIQUOR,WINE,BEER",7.0,0
1675457,2015-08-01,2,HARDWARE,3.0,0
2332965,2016-08-05,18,PRODUCE,892.486,2
2187404,2016-05-15,33,SEAFOOD,5.0,0
5000,2013-01-03,49,HOME APPLIANCES,0.0,0
2748773,2017-03-27,35,BREAD/BAKERY,85.0,4
1170993,2014-10-21,15,LINGERIE,1.0,0
576554,2013-11-20,36,FROZEN FOODS,14.0,0
493934,2013-10-05,18,MAGAZINES,0.0,0
320973,2013-06-30,15,HOME AND KITCHEN I,0.0,0
171618,2013-04-07,24,HOME CARE,0.0,0
2629804,2017-01-19,47,BABY CARE,0.0,0
2603867,2017-01-05,2,BEAUTY,5.0,1
2035563,2016-02-20,23,MEATS,344.677,0
76146,2013-02-12,45,HOME AND KITCHEN I,0.0,0
2729632,2017-03-16,48,BOOKS,0.0,0
284920,2013-06-09,52,SCHOOL AND OFFICE SUPPLIES,0.0,0
162205,2013-04-02,10,EGGS,35.0,0
2350537,2016-08-15,11,GROCERY II,7.0,0
2880336,2017-06-09,26,PRODUCE,603.736,0
1483758,2015-04-15,40,GROCERY I,4169.0,8
2433547,2016-09-30,4,POULTRY,598.228,40
1791997,2015-10-05,39,SCHOOL AND OFFICE SUPPLIES,17.0,0
2653524,2017-02-02,12,PLAYERS AND ELECTRONICS,6.0,0
1568471,2015-06-02,18,HARDWARE,0.0,0
1998426,2016-01-30,31,GROCERY I,4951.165,3
1351302,2015-01-31,24,HOME CARE,0.0,0
1671569,2015-07-30,10,LAWN AND GARDEN,0.0,0
1867706,2015-11-17,14,BREAD/BAKERY,199.0,0
1562275,2015-05-29,43,"LIQUOR,WINE,BEER",44.0,0
350214,2013-07-16,35,HOME CARE,0.0,0
2492746,2016-11-02,50,PERSONAL CARE,747.0,10
1943180,2015-12-30,31,DAIRY,1242.0,124
1027910,2014-08-01,5,PET SUPPLIES,0.0,0
419208,2013-08-24,21,DELI,0.0,0
2348661,2016-08-13,9,HOME CARE,400.0,5
2569400,2016-12-15,51,LAWN AND GARDEN,47.0,0
1517493,2015-05-04,37,LINGERIE,3.0,0
1154499,2014-10-11,51,PLAYERS AND ELECTRONICS,7.0,0
755337,2014-03-01,52,AUTOMOTIVE,0.0,0
1204301,2014-11-08,49,SEAFOOD,87.028,0
1007956,2014-07-21,40,BOOKS,0.0,0
383412,2013-08-04,17,HOME CARE,0.0,0
1764055,2015-09-19,6,CLEANING,1579.0,4
1125747,2014-09-25,45,HOME CARE,308.0,0
2968938,2017-07-29,12,PLAYERS AND ELECTRONICS,10.0,0
544014,2013-11-02,23,DELI,126.68,0
1879540,2015-11-23,45,PERSONAL CARE,565.0,2
1224644,2014-11-20,20,HARDWARE,0.0,0
373003,2013-07-29,25,BOOKS,0.0,0
1355905,2015-02-02,53,BABY CARE,0.0,0
1334531,2015-01-21,53,FROZEN FOODS,68.916,1
749902,2014-02-26,5,EGGS,99.0,0
1829701,2015-10-26,47,HOME AND KITCHEN II,39.0,0
1381672,2015-02-17,26,POULTRY,166.11101,0
1785672,2015-10-02,12,DELI,341.0,49
513297,2013-10-16,11,HOME AND KITCHEN I,0.0,0
617596,2013-12-13,38,BABY CARE,0.0,0
2551876,2016-12-06,10,LADIESWEAR,0.0,0
2698041,2017-02-27,11,PLAYERS AND ELECTRONICS,17.0,0
2763130,2017-04-04,38,CLEANING,939.0,9
78932,2013-02-14,23,PREPARED FOODS,31.0,0
333359,2013-07-07,12,PET SUPPLIES,0.0,0
2540908,2016-11-29,52,CLEANING,0.0,0
1479671,2015-04-13,26,HOME APPLIANCES,0.0,0
1921684,2015-12-17,28,POULTRY,234.368,0
834554,2014-04-15,25,HOME APPLIANCES,0.0,0
483950,2013-09-29,38,BREAD/BAKERY,886.993,0
135223,2013-03-17,52,"LIQUOR,WINE,BEER",0.0,0
2039152,2016-02-22,24,HOME AND KITCHEN II,72.0,1
130024,2013-03-14,8,BOOKS,0.0,0
1100328,2014-09-11,32,DELI,115.0,21
1173305,2014-10-22,3,MAGAZINES,15.0,0
1505138,2015-04-27,40,DAIRY,578.0,1
2567412,2016-12-14,46,GROCERY I,9404.0,136
1268127,2014-12-14,40,BEVERAGES,3575.0,1
2254786,2016-06-22,24,POULTRY,502.152,0
915238,2014-05-30,39,HOME AND KITCHEN II,0.0,0
1291758,2014-12-28,53,CELEBRATION,4.0,0
260585,2013-05-27,20,HOME APPLIANCES,0.0,0
1471039,2015-04-08,33,SCHOOL AND OFFICE SUPPLIES,0.0,0
182978,2013-04-13,42,PET SUPPLIES,0.0,0
2482126,2016-10-27,52,SCHOOL AND OFFICE SUPPLIES,0.0,0
2827935,2017-05-10,7,AUTOMOTIVE,4.0,0
2762898,2017-04-04,31,CELEBRATION,3.0,0
2357845,2016-08-19,16,POULTRY,75.708,12
71940,2013-02-10,28,AUTOMOTIVE,5.0,0
1067070,2014-08-23,49,HOME AND KITCHEN I,0.0,0
280422,2013-06-07,27,LINGERIE,5.0,0
1853448,2015-11-09,14,BEVERAGES,1259.0,0
2990526,2017-08-10,19,AUTOMOTIVE,5.0,0
2412537,2016-09-18,50,CELEBRATION,20.0,0
2229634,2016-06-08,19,"LIQUOR,WINE,BEER",13.0,1
1998923,2016-01-30,45,HARDWARE,1.0,0
2773514,2017-04-10,29,PREPARED FOODS,50.15,0
2320961,2016-07-29,31,BREAD/BAKERY,440.0,3
1974114,2016-01-16,49,LINGERIE,7.0,0
1786628,2015-10-02,39,DAIRY,457.0,3
522067,2013-10-20,8,CLEANING,1589.0,0
888630,2014-05-15,42,CELEBRATION,0.0,0
2463982,2016-10-17,44,BOOKS,0.0,0
536339,2013-10-28,8,MAGAZINES,0.0,0
1612571,2015-06-26,54,PET SUPPLIES,0.0,0
2661973,2017-02-06,49,POULTRY,933.902,0
2561067,2016-12-11,19,BEVERAGES,3158.0,44
2237056,2016-06-12,27,LADIESWEAR,23.0,0
1672287,2015-07-30,30,GROCERY I,1460.0,0
2982923,2017-08-05,54,LAWN AND GARDEN,0.0,0
2638150,2017-01-24,30,SCHOOL AND OFFICE SUPPLIES,0.0,0
806499,2014-03-30,38,GROCERY I,5998.0,0
911598,2014-05-28,37,CELEBRATION,0.0,0
1078555,2014-08-30,21,HOME AND KITCHEN II,0.0,0
595858,2013-12-01,28,EGGS,284.0,0
959148,2014-06-24,21,BEVERAGES,0.0,0
1940163,2015-12-28,46,PLAYERS AND ELECTRONICS,25.0,0
1132498,2014-09-29,35,BOOKS,0.0,0
1960412,2016-01-09,15,HARDWARE,0.0,0
116777,2013-03-07,35,MAGAZINES,0.0,0
2245911,2016-06-17,25,PRODUCE,1123.601,0
2544675,2016-12-01,9,GROCERY I,16818.836,111
1785658,2015-10-02,11,POULTRY,674.14197,20
1886174,2015-11-27,31,PET SUPPLIES,1.0,0
1444373,2015-03-24,35,PREPARED FOODS,23.0,0
129864,2013-03-14,52,DELI,0.0,0
2281878,2016-07-07,34,PLAYERS AND ELECTRONICS,8.0,0
865969,2014-05-02,7,HOME AND KITCHEN II,0.0,0
2896273,2017-06-18,23,POULTRY,286.962,1
1460856,2015-04-02,48,GROCERY I,7348.0,4
1343086,2015-01-26,43,LADIESWEAR,0.0,0
919786,2014-06-02,17,EGGS,205.0,0
1977619,2016-01-18,47,POULTRY,1179.053,1
2682972,2017-02-18,39,CELEBRATION,25.0,0
1543557,2015-05-19,19,HOME AND KITCHEN I,10.0,0
158153,2013-03-30,46,HOME APPLIANCES,5.0,0
1159405,2014-10-14,4,HOME AND KITCHEN II,8.0,0
96493,2013-02-24,17,BABY CARE,0.0,0
641968,2013-12-28,21,LADIESWEAR,0.0,0
2046041,2016-02-26,18,DAIRY,437.0,2
2996676,2017-08-13,40,GROCERY I,5364.0,58
1673676,2015-07-31,2,HOME AND KITCHEN I,19.0,0
1303136,2015-01-04,22,SEAFOOD,0.0,0
2992791,2017-08-11,31,LINGERIE,6.0,0
2188961,2016-05-16,28,BREAD/BAKERY,613.0,14
2244546,2016-06-16,37,HOME CARE,202.0,3
870365,2014-05-05,3,MAGAZINES,0.0,0
1546425,2015-05-20,49,GROCERY I,6092.0,13
2790411,2017-04-19,52,PRODUCE,0.0,0
1443214,2015-03-23,52,PERSONAL CARE,0.0,0
2888298,2017-06-13,5,CELEBRATION,20.0,0
2031058,2016-02-17,47,CLEANING,2073.0,0
1581630,2015-06-09,37,CELEBRATION,24.0,0
2614901,2017-01-11,29,HARDWARE,1.0,0
2947557,2017-07-17,12,PRODUCE,407.542,13
1961242,2016-01-09,38,LADIESWEAR,43.0,0
2757273,2017-04-01,23,MEATS,333.697,0
1557716,2015-05-27,16,HOME APPLIANCES,0.0,0
119286,2013-03-08,6,MEATS,555.313,0
2625353,2017-01-17,22,BREAD/BAKERY,119.0,5
578672,2013-11-21,45,HOME APPLIANCES,1.0,0
2099663,2016-03-27,22,BREAD/BAKERY,175.0,37
2031043,2016-02-17,46,PERSONAL CARE,549.0,1
2967270,2017-07-28,16,DELI,130.0,38
2748106,2017-03-27,16,SCHOOL AND OFFICE SUPPLIES,12.0,3
2470457,2016-10-21,26,FROZEN FOODS,71.196,0
1494718,2015-04-21,48,HOME AND KITCHEN II,14.0,1
1205207,2014-11-09,25,HARDWARE,2.0,0
31172,2013-01-18,33,LAWN AND GARDEN,0.0,0
2681472,2017-02-17,46,MEATS,2163.56,51
379803,2013-08-02,16,CELEBRATION,0.0,0
743691,2014-02-23,26,BEVERAGES,532.0,0
179789,2013-04-11,53,BREAD/BAKERY,0.0,0
836969,2014-04-16,42,MAGAZINES,0.0,0
1762761,2015-09-19,2,AUTOMOTIVE,8.0,0
460644,2013-09-16,33,PRODUCE,0.0,0
1683234,2015-08-05,38,BEVERAGES,2419.0,4
1133975,2014-09-30,26,PREPARED FOODS,11.0,0
838083,2014-04-17,24,HOME AND KITCHEN I,0.0,0
395978,2013-08-11,2,FROZEN FOODS,150.0,0
1746160,2015-09-09,52,SCHOOL AND OFFICE SUPPLIES,0.0,0
1277507,2014-12-19,53,FROZEN FOODS,508.513,3
847579,2014-04-22,40,CLEANING,982.0,0
1975379,2016-01-17,34,SEAFOOD,2.0,0
1729869,2015-08-31,46,DELI,922.587,1
2885223,2017-06-12,14,AUTOMOTIVE,6.0,0
2685299,2017-02-19,53,MAGAZINES,9.0,0
1241493,2014-11-29,43,AUTOMOTIVE,11.0,0
2716037,2017-03-09,17,BREAD/BAKERY,292.0,9
1029227,2014-08-02,37,MAGAZINES,0.0,0
1771549,2015-09-24,16,EGGS,84.0,1
1572517,2015-06-04,31,BABY CARE,0.0,0
185825,2013-04-15,23,BEAUTY,0.0,0
1655072,2015-07-20,47,MAGAZINES,2.0,0
387030,2013-08-06,19,CELEBRATION,0.0,0
2077923,2016-03-15,12,GROCERY I,2609.0,15
2757944,2017-04-01,42,BEAUTY,11.0,0
2431602,2016-09-29,35,PRODUCE,219.983,1
1461368,2015-04-03,12,PREPARED FOODS,0.0,0
2733351,2017-03-18,51,PLAYERS AND ELECTRONICS,23.0,0
870910,2014-05-05,45,CLEANING,2410.0,0
105683,2013-03-01,24,HOME APPLIANCES,0.0,0
510214,2013-10-14,25,BABY CARE,0.0,0
1569095,2015-06-02,35,FROZEN FOODS,63.0,0
822573,2014-04-08,39,HOME AND KITCHEN I,0.0,0
1941325,2015-12-29,3,BABY CARE,0.0,0
219492,2013-05-04,18,DELI,200.172,0
2276002,2016-07-04,2,PERSONAL CARE,295.0,9
2935402,2017-07-10,21,LADIESWEAR,2.0,0
499965,2013-10-08,37,HOME AND KITCHEN I,0.0,0
2044138,2016-02-25,14,LADIESWEAR,0.0,0
299226,2013-06-17,54,HOME AND KITCHEN I,0.0,0
1647528,2015-07-16,36,BEVERAGES,2264.0,2
2388680,2016-09-05,31,DAIRY,715.0,1
20112,2013-01-12,23,HOME AND KITCHEN I,0.0,0
1514952,2015-05-03,16,LINGERIE,10.0,0
1714443,2015-08-23,13,PLAYERS AND ELECTRONICS,3.0,0
1844604,2015-11-04,16,BEVERAGES,1679.0,1
1640385,2015-07-12,35,LINGERIE,1.0,0
1525498,2015-05-09,12,CLEANING,0.0,0
1983391,2016-01-22,1,PERSONAL CARE,139.0,0
929198,2014-06-07,30,HOME APPLIANCES,0.0,0
1201531,2014-11-07,22,BABY CARE,0.0,0
279808,2013-06-07,10,BABY CARE,0.0,0
1657230,2015-07-21,9,BEVERAGES,2442.0,2
1958522,2016-01-08,12,BREAD/BAKERY,153.0,0
2653481,2017-02-02,11,HOME APPLIANCES,0.0,0
2675134,2017-02-14,19,"LIQUOR,WINE,BEER",24.0,1
2457097,2016-10-13,50,HOME AND KITCHEN II,43.0,1
2778627,2017-04-13,22,PLAYERS AND ELECTRONICS,5.0,0
687558,2014-01-22,50,BEVERAGES,2825.0,0
380705,2013-08-02,40,HOME APPLIANCES,0.0,0
2800478,2017-04-25,35,SEAFOOD,0.0,0
93654,2013-02-22,37,AUTOMOTIVE,0.0,0
1712179,2015-08-21,5,CLEANING,832.0,3
536990,2013-10-29,26,HARDWARE,1.0,0
133446,2013-03-16,52,PLAYERS AND ELECTRONICS,0.0,0
1004634,2014-07-19,47,HOME AND KITCHEN I,119.0,0
1266391,2014-12-13,41,HOME AND KITCHEN II,32.0,0
1240488,2014-11-29,15,HOME CARE,301.0,0
786616,2014-03-19,3,POULTRY,1229.358,0
1089022,2014-09-05,15,"LIQUOR,WINE,BEER",17.0,0
389100,2013-08-07,26,PRODUCE,1.0,0
836967,2014-04-16,42,LINGERIE,0.0,0
2150391,2016-04-24,45,GROCERY I,16067.0,52
2514631,2016-11-15,15,SCHOOL AND OFFICE SUPPLIES,0.0,0
71091,2013-02-09,53,DELI,0.0,0
2423882,2016-09-25,19,SEAFOOD,2.0,0
2209491,2016-05-27,53,DELI,487.79,63
1324278,2015-01-16,16,LINGERIE,3.0,0
1962460,2016-01-10,22,HOME AND KITCHEN II,17.0,0
919397,2014-06-01,6,HOME APPLIANCES,1.0,0
2493010,2016-11-02,9,PERSONAL CARE,842.0,8
1696220,2015-08-12,51,LAWN AND GARDEN,10.0,1
2022896,2016-02-13,18,PREPARED FOODS,59.0,0
2541001,2016-11-29,6,BABY CARE,0.0,0
749033,2014-02-26,25,SEAFOOD,2.0,0
1789441,2015-10-04,18,HOME AND KITCHEN II,16.0,0
1688345,2015-08-08,30,SEAFOOD,0.0,0
434943,2013-09-02,13,BEVERAGES,697.0,0
1653006,2015-07-19,4,BEVERAGES,3602.0,5
848522,2014-04-23,17,PET SUPPLIES,0.0,0
502051,2013-10-09,45,"LIQUOR,WINE,BEER",85.0,0
165350,2013-04-03,48,LAWN AND GARDEN,3.0,0
404320,2013-08-15,53,BOOKS,0.0,0
1049790,2014-08-14,14,PLAYERS AND ELECTRONICS,0.0,0
1008118,2014-07-21,45,BABY CARE,0.0,0
2151997,2016-04-25,40,BABY CARE,0.0,0
42811,2013-01-25,10,EGGS,14.0,0
2792570,2017-04-21,14,FROZEN FOODS,64.0,4
2012494,2016-02-07,26,"LIQUOR,WINE,BEER",16.0,0
1169160,2014-10-20,14,BEVERAGES,1254.0,0
734184,2014-02-18,1,AUTOMOTIVE,7.0,0
1992260,2016-01-26,9,HOME APPLIANCES,1.0,0
1510985,2015-04-30,54,HARDWARE,0.0,0
8683,2013-01-05,52,BOOKS,0.0,0
2645520,2017-01-28,38,DELI,220.767,9
2797724,2017-04-23,9,HOME APPLIANCES,0.0,0
779187,2014-03-15,21,MEATS,0.0,0
2460066,2016-10-15,34,HOME AND KITCHEN I,25.0,0
669892,2014-01-12,54,PERSONAL CARE,264.0,0
207671,2013-04-27,36,BEAUTY,0.0,0
2659864,2017-02-05,4,SCHOOL AND OFFICE SUPPLIES,0.0,0
1369574,2015-02-10,37,DAIRY,867.0,1
351683,2013-07-17,27,BEAUTY,2.0,0
18424,2013-01-11,26,EGGS,47.0,0
1378908,2015-02-15,49,BEVERAGES,3578.0,1
210240,2013-04-28,8,PRODUCE,4.0,0
1725610,2015-08-29,27,CLEANING,1021.0,1
1289110,2014-12-27,29,SCHOOL AND OFFICE SUPPLIES,0.0,0
313511,2013-06-25,6,FROZEN FOODS,111.0,0
1827386,2015-10-25,32,FROZEN FOODS,20.0,0
2848590,2017-05-22,35,PRODUCE,270.479,2
2108294,2016-04-01,14,MAGAZINES,1.0,0
1826529,2015-10-24,9,GROCERY I,6510.654,1
1971742,2016-01-15,32,PERSONAL CARE,88.0,0
705952,2014-02-02,17,HOME AND KITCHEN II,0.0,0
1154374,2014-10-11,49,BABY CARE,0.0,0
2298985,2016-07-17,15,CLEANING,651.0,22
364079,2013-07-24,24,MAGAZINES,0.0,0
938749,2014-06-12,48,SCHOOL AND OFFICE SUPPLIES,0.0,0
634203,2013-12-22,53,DELI,0.0,0
1624595,2015-07-03,42,BREAD/BAKERY,0.0,0
845808,2014-04-21,40,HOME CARE,0.0,0
1929643,2015-12-21,51,BABY CARE,0.0,0
163015,2013-04-02,32,POULTRY,88.16,0
264567,2013-05-29,32,CELEBRATION,0.0,0
1542705,2015-05-18,44,LINGERIE,15.0,0
602455,2013-12-05,13,CLEANING,544.0,0
1718509,2015-08-25,28,BABY CARE,0.0,0
335159,2013-07-08,13,FROZEN FOODS,13.0,0
218233,2013-05-03,32,BOOKS,0.0,0
141145,2013-03-21,2,BOOKS,0.0,0
1273416,2014-12-17,39,GROCERY I,4348.738,3
255231,2013-05-24,20,DELI,0.0,0
849673,2014-04-23,49,"LIQUOR,WINE,BEER",168.0,0
104031,2013-02-28,28,HOME AND KITCHEN I,0.0,0
2533808,2016-11-25,53,BEAUTY,4.0,0
496804,2013-10-06,48,"LIQUOR,WINE,BEER",0.0,0
2818491,2017-05-05,40,PLAYERS AND ELECTRONICS,10.0,0
1149634,2014-10-09,16,GROCERY II,2.0,0
130484,2013-03-15,20,BEAUTY,0.0,0
2337261,2016-08-07,39,BEVERAGES,3442.0,24
2765957,2017-04-06,17,PREPARED FOODS,68.0,0
6284,2013-01-04,35,HARDWARE,1.0,0
1459316,2015-04-01,54,MAGAZINES,0.0,0
2191345,2016-05-17,44,GROCERY II,74.0,0
33444,2013-01-19,47,HOME AND KITCHEN I,0.0,0
2675995,2017-02-14,42,PERSONAL CARE,128.0,9
1576800,2015-06-06,50,PLAYERS AND ELECTRONICS,25.0,0
659344,2014-01-07,1,BOOKS,0.0,0
1166811,2014-10-18,47,PRODUCE,7198.295,0
1233131,2014-11-24,9,LAWN AND GARDEN,3.0,0
2087897,2016-03-20,41,LAWN AND GARDEN,12.0,0
2333880,2016-08-05,43,LINGERIE,4.0,0
1013483,2014-07-24,45,LAWN AND GARDEN,8.0,0
1817447,2015-10-19,53,BREAD/BAKERY,373.879,1
2070772,2016-03-11,11,"LIQUOR,WINE,BEER",35.0,0
2084610,2016-03-18,5,AUTOMOTIVE,9.0,0
2744468,2017-03-25,14,MAGAZINES,4.0,0
2966908,2017-07-27,6,EGGS,140.0,0
773727,2014-03-12,19,DELI,171.0,0
869859,2014-05-05,16,GROCERY I,2991.0,0
533437,2013-10-27,26,PERSONAL CARE,149.0,0
2621446,2017-01-15,12,PERSONAL CARE,253.0,11
2107989,2016-03-31,6,HOME AND KITCHEN I,12.0,0
1176648,2014-10-24,24,AUTOMOTIVE,1.0,0
1947435,2016-01-01,50,CELEBRATION,0.0,0
2375408,2016-08-29,1,BEAUTY,2.0,0
536222,2013-10-28,54,BREAD/BAKERY,238.0,0
2196207,2016-05-20,30,MEATS,36.831,0
78988,2013-02-14,25,LADIESWEAR,0.0,0
1499318,2015-04-24,27,PREPARED FOODS,71.558,1
254123,2013-05-23,39,MAGAZINES,0.0,0
1507713,2015-04-29,13,DELI,215.0,1
1572178,2015-06-04,21,PERSONAL CARE,0.0,0
2463340,2016-10-17,26,"LIQUOR,WINE,BEER",9.0,0
2604458,2017-01-05,35,SEAFOOD,0.0,0
1721955,2015-08-27,24,HOME AND KITCHEN I,7.0,0
2000780,2016-01-31,47,MAGAZINES,19.0,0
2050360,2016-02-28,39,BOOKS,0.0,0
2177709,2016-05-10,12,CELEBRATION,7.0,0
748995,2014-02-26,24,PLAYERS AND ELECTRONICS,0.0,0
1171353,2014-10-21,25,HOME CARE,61.0,1
1948599,2016-01-02,33,HOME AND KITCHEN I,52.0,0
2710535,2017-03-06,12,HARDWARE,1.0,0
2122494,2016-04-09,13,AUTOMOTIVE,20.0,0
2634084,2017-01-22,17,MEATS,309.29,0
1014542,2014-07-25,25,MAGAZINES,7.0,0
567426,2013-11-15,3,MEATS,891.224,0
391795,2013-08-08,51,LADIESWEAR,0.0,0
528666,2013-10-24,42,CELEBRATION,0.0,0
972325,2014-07-01,40,GROCERY II,10.0,0
965562,2014-06-27,50,HOME AND KITCHEN I,0.0,0
1969618,2016-01-14,23,GROCERY II,23.0,0
2395957,2016-09-09,35,PERSONAL CARE,50.0,5
2285487,2016-07-09,36,CELEBRATION,16.0,0
2644205,2017-01-27,50,HARDWARE,0.0,0
2648336,2017-01-30,17,LAWN AND GARDEN,0.0,0
2035914,2016-02-20,33,GROCERY I,3370.0,56
1612972,2015-06-27,16,SCHOOL AND OFFICE SUPPLIES,0.0,0
216586,2013-05-02,36,CLEANING,0.0,0
1540561,2015-05-17,34,"LIQUOR,WINE,BEER",0.0,0
2510739,2016-11-12,7,AUTOMOTIVE,1.0,0
681348,2014-01-19,26,PRODUCE,752.501,0
2226384,2016-06-06,28,CELEBRATION,5.0,0
727250,2014-02-14,14,PREPARED FOODS,33.0,0
325579,2013-07-02,44,BABY CARE,0.0,0
1137820,2014-10-02,34,GROCERY II,1.0,0
976925,2014-07-04,2,PET SUPPLIES,10.0,0
2324984,2016-07-31,44,BEAUTY,22.0,1
1830822,2015-10-27,29,HOME AND KITCHEN I,12.0,0
728537,2014-02-14,5,PREPARED FOODS,86.738,0
153619,2013-03-28,2,BOOKS,0.0,0
900934,2014-05-22,38,BABY CARE,0.0,0
2553386,2016-12-06,52,FROZEN FOODS,0.0,0
1645726,2015-07-15,35,HOME AND KITCHEN II,8.0,1
77898,2013-02-13,44,HOME CARE,0.0,0
560136,2013-11-11,25,PLAYERS AND ELECTRONICS,0.0,0
2576630,2016-12-19,54,MAGAZINES,2.0,0
1660558,2015-07-23,50,SCHOOL AND OFFICE SUPPLIES,1.0,0
1407376,2015-03-03,47,PERSONAL CARE,842.0,0
736165,2014-02-19,15,BABY CARE,0.0,0
2360850,2016-08-20,5,PRODUCE,1470.151,6
2428848,2016-09-27,9,HOME AND KITCHEN I,69.0,0
1919669,2015-12-16,21,PET SUPPLIES,1.0,0
62952,2013-02-05,25,LINGERIE,22.0,0
1183364,2014-10-28,12,HOME APPLIANCES,0.0,0
611907,2013-12-10,28,LINGERIE,13.0,0
1476020,2015-04-11,23,PREPARED FOODS,51.117,0
1941348,2015-12-29,3,MEATS,788.421,0
2198986,2016-05-21,9,SCHOOL AND OFFICE SUPPLIES,7.0,0
1229796,2014-11-23,15,HOME CARE,207.0,0
2518456,2016-11-17,22,POULTRY,92.630005,0
2417589,2016-09-21,42,DELI,132.602,0
669590,2014-01-12,46,LAWN AND GARDEN,6.0,0
2656800,2017-02-03,54,BEVERAGES,1815.0,25
1591563,2015-06-15,16,CELEBRATION,4.0,0
1042320,2014-08-09,54,HOME AND KITCHEN I,0.0,0
2784956,2017-04-16,5,LAWN AND GARDEN,2.0,0
2468662,2016-10-20,25,SCHOOL AND OFFICE SUPPLIES,0.0,0
2426389,2016-09-26,39,SCHOOL AND OFFICE SUPPLIES,3.0,0
2056226,2016-03-02,52,PREPARED FOODS,0.0,0
2127054,2016-04-11,40,CELEBRATION,2.0,0
1259937,2014-12-10,10,PRODUCE,241.471,2
482789,2013-09-28,54,SEAFOOD,0.0,0
895224,2014-05-19,28,AUTOMOTIVE,8.0,0
840290,2014-04-18,36,FROZEN FOODS,119.0,0
1798910,2015-10-09,33,HARDWARE,0.0,0
316937,2013-06-27,51,BREAD/BAKERY,708.071,0
2110937,2016-04-02,38,PET SUPPLIES,10.0,0
468081,2013-09-20,42,DELI,0.0,0
1223704,2014-11-19,43,SCHOOL AND OFFICE SUPPLIES,0.0,0
277083,2013-06-05,33,HOME AND KITCHEN I,0.0,0
2517855,2016-11-16,6,LINGERIE,2.0,0
280685,2013-06-07,34,LAWN AND GARDEN,0.0,0
1238557,2014-11-28,11,BABY CARE,0.0,0
462651,2013-09-17,4,MEATS,253.649,0
2321519,2016-07-29,47,BEAUTY,15.0,2
298143,2013-06-17,24,LINGERIE,20.0,0
2431913,2016-09-29,44,FROZEN FOODS,395.123,3
1652059,2015-07-19,13,GROCERY II,16.0,0
1307332,2015-01-06,40,BOOKS,0.0,0
241321,2013-05-16,3,PERSONAL CARE,290.0,0
2991615,2017-08-10,49,AUTOMOTIVE,10.0,0
1353932,2015-02-01,48,DAIRY,2898.0,3
2873618,2017-06-05,38,FROZEN FOODS,130.253,1
1391968,2015-02-23,15,POULTRY,120.11,0
415463,2013-08-22,16,PET SUPPLIES,0.0,0
1946783,2016-01-01,32,HARDWARE,0.0,0
1512318,2015-05-01,41,PLAYERS AND ELECTRONICS,0.0,0
787630,2014-03-19,9,LADIESWEAR,9.0,0
1091498,2014-09-06,34,MAGAZINES,2.0,0
1764236,2015-09-20,10,MAGAZINES,0.0,0
663808,2014-01-09,34,GROCERY II,5.0,0
1556534,2015-05-26,32,MAGAZINES,0.0,0
2836835,2017-05-15,6,MAGAZINES,3.0,0
1107100,2014-09-15,22,HOME AND KITCHEN II,0.0,0
547149,2013-11-04,11,DELI,328.368,0
2340521,2016-08-09,3,PREPARED FOODS,275.601,0
1976444,2016-01-18,15,DAIRY,392.0,3
1591860,2015-06-15,24,CELEBRATION,19.0,0
665113,2014-01-10,20,SCHOOL AND OFFICE SUPPLIES,0.0,0
2906129,2017-06-23,5,HOME APPLIANCES,2.0,0
2332570,2016-08-04,7,SCHOOL AND OFFICE SUPPLIES,1.0,0
1883859,2015-11-26,17,LINGERIE,3.0,0
359676,2013-07-21,50,DELI,441.196,0
2532871,2016-11-25,27,"LIQUOR,WINE,BEER",194.0,6
1277137,2014-12-19,43,BOOKS,0.0,0
2739349,2017-03-22,20,LADIESWEAR,12.0,0
2420282,2016-09-23,18,PREPARED FOODS,0.0,0
2275449,2016-07-03,54,AUTOMOTIVE,16.0,0
2734023,2017-03-19,21,CELEBRATION,5.0,0
2663958,2017-02-07,6,AUTOMOTIVE,3.0,0
1193091,2014-11-02,35,DELI,147.0,0
1091017,2014-09-06,21,BOOKS,0.0,0
2481243,2016-10-27,29,CELEBRATION,12.0,0
1213246,2014-11-13,50,BABY CARE,0.0,0
596246,2013-12-01,39,BEAUTY,4.0,0
1339966,2015-01-24,7,BABY CARE,0.0,0
958371,2014-06-23,49,HOME CARE,0.0,0
695435,2014-01-27,21,PET SUPPLIES,0.0,0
756073,2014-03-02,23,EGGS,41.0,0
1571394,2015-06-03,5,AUTOMOTIVE,3.0,0
191217,2013-04-18,24,HOME AND KITCHEN I,0.0,0
1872205,2015-11-19,4,HOME AND KITCHEN II,27.0,1
755325,2014-03-01,51,LINGERIE,12.0,0
1957841,2016-01-07,42,HOME APPLIANCES,1.0,0
306367,2013-06-21,54,POULTRY,20.208,0
426201,2013-08-28,18,CELEBRATION,0.0,0
2633823,2017-01-22,1,PLAYERS AND ELECTRONICS,1.0,0
2845570,2017-05-20,50,GROCERY II,82.0,0
1340494,2015-01-25,21,BABY CARE,0.0,0
1161753,2014-10-15,6,LINGERIE,15.0,0
2952368,2017-07-19,47,MAGAZINES,12.0,0
247324,2013-05-19,48,"LIQUOR,WINE,BEER",0.0,0
37518,2013-01-22,11,PRODUCE,0.0,0
2703641,2017-03-02,19,HOME APPLIANCES,0.0,0
2857812,2017-05-27,44,GROCERY I,12989.0,55
67465,2013-02-07,51,GROCERY II,29.0,0
1673381,2015-07-31,11,HOME APPLIANCES,0.0,0
1029451,2014-08-02,43,HOME AND KITCHEN II,0.0,0
159967,2013-03-31,47,HOME AND KITCHEN II,0.0,0
2345751,2016-08-12,27,GROCERY I,3806.0,33
91841,2013-02-21,36,BEAUTY,0.0,0
5035,2013-01-03,5,LADIESWEAR,0.0,0
930369,2014-06-08,14,AUTOMOTIVE,6.0,0
1659347,2015-07-23,18,DAIRY,414.0,0
300061,2013-06-18,28,PERSONAL CARE,186.0,0
2458147,2016-10-14,30,EGGS,113.0,0
2165645,2016-05-03,23,LAWN AND GARDEN,0.0,0
623770,2013-12-17,11,BOOKS,0.0,0
1119296,2014-09-22,15,BEAUTY,1.0,0
2447686,2016-10-08,37,EGGS,130.0,2
1676418,2015-08-01,46,HOME CARE,1203.0,0
2416488,2016-09-21,11,PRODUCE,898.669,4
461227,2013-09-16,5,LADIESWEAR,0.0,0
1262160,2014-12-11,23,DELI,178.341,1
2284001,2016-07-08,44,BREAD/BAKERY,1493.244,13
530226,2013-10-25,36,HOME AND KITCHEN I,0.0,0
2709675,2017-03-05,38,GROCERY I,6062.0,57
892492,2014-05-17,50,CLEANING,1723.0,0
2697184,2017-02-26,37,POULTRY,170.36,0
1024620,2014-07-30,9,BEVERAGES,2043.0,2
1113831,2014-09-19,11,HOME AND KITCHEN I,39.0,0
937421,2014-06-12,11,MAGAZINES,0.0,0
2522513,2016-11-19,36,PET SUPPLIES,4.0,0
931237,2014-06-08,38,EGGS,212.0,1
1087954,2014-09-04,35,EGGS,447.0,9
1523126,2015-05-07,45,FROZEN FOODS,328.758,2
2306405,2016-07-21,23,BEAUTY,1.0,1
2258630,2016-06-24,32,FROZEN FOODS,22.0,1
194847,2013-04-20,26,HOME AND KITCHEN I,0.0,0
1733349,2015-09-02,43,MEATS,137.8,0
2249107,2016-06-19,15,PERSONAL CARE,135.0,8
1909552,2015-12-10,38,CLEANING,646.0,2
1828363,2015-10-26,1,SCHOOL AND OFFICE SUPPLIES,2.0,0
1344698,2015-01-27,39,HARDWARE,0.0,0
1843588,2015-11-03,37,EGGS,104.0,0
66349,2013-02-07,20,LADIESWEAR,0.0,0
2934395,2017-07-09,43,BEAUTY,6.0,1
1143311,2014-10-05,38,PET SUPPLIES,14.0,0
1801985,2015-10-11,2,LAWN AND GARDEN,10.0,0
2074140,2016-03-12,6,MEATS,577.009,1
1412825,2015-03-06,5,PREPARED FOODS,146.471,1
1705216,2015-08-17,54,CLEANING,1277.0,2
545619,2013-11-03,18,PRODUCE,0.0,0
634863,2013-12-23,22,DELI,0.0,0
1656788,2015-07-21,45,MAGAZINES,4.0,0
1410652,2015-03-05,4,BABY CARE,0.0,0
283650,2013-06-09,18,HOME AND KITCHEN I,0.0,0
178812,2013-04-11,26,HOME CARE,0.0,0
656967,2014-01-05,42,BEVERAGES,0.0,0
68518,2013-02-08,31,EGGS,50.0,0
2937004,2017-07-11,17,BOOKS,0.0,0
1851616,2015-11-08,12,LADIESWEAR,0.0,0
261196,2013-05-27,38,BABY CARE,0.0,0
2549309,2016-12-04,38,PET SUPPLIES,18.0,0
929612,2014-06-07,42,BEAUTY,0.0,0
2024119,2016-02-13,51,SCHOOL AND OFFICE SUPPLIES,5.0,0
1642052,2015-07-13,32,BREAD/BAKERY,77.0,0
2014033,2016-02-08,2,EGGS,165.0,0
89686,2013-02-20,25,PERSONAL CARE,87.0,0
1471120,2015-04-08,36,GROCERY II,4.0,0
2964244,2017-07-26,30,LADIESWEAR,0.0,0
488777,2013-10-02,23,HARDWARE,0.0,0
701822,2014-01-30,50,FROZEN FOODS,150.295,0
2098913,2016-03-26,50,HARDWARE,6.0,0
911522,2014-05-28,34,PREPARED FOODS,21.0,0
679030,2014-01-18,11,"LIQUOR,WINE,BEER",63.0,0
546246,2013-11-03,35,PRODUCE,0.0,0
2107300,2016-03-31,36,LADIESWEAR,0.0,0
522334,2013-10-21,15,EGGS,138.0,0
131895,2013-03-16,1,PLAYERS AND ELECTRONICS,0.0,0
1904062,2015-12-07,33,POULTRY,156.913,0
2603052,2017-01-04,46,GROCERY I,10553.0,141
2893332,2017-06-16,40,MEATS,124.402,0
1956280,2016-01-06,49,CLEANING,2341.0,3
2609631,2017-01-08,30,MEATS,35.167,0
1510779,2015-04-30,49,CELEBRATION,0.0,0
2556332,2016-12-08,35,LAWN AND GARDEN,0.0,0
142373,2013-03-21,53,FROZEN FOODS,0.0,0
1025484,2014-07-31,32,DELI,128.0,22
1316710,2015-01-11,53,EGGS,133.0,1
505702,2013-10-11,48,EGGS,146.0,0
221505,2013-05-05,24,DELI,358.38,0
945502,2014-06-16,38,LADIESWEAR,0.0,0
1766381,2015-09-21,20,MAGAZINES,1.0,0
2401254,2016-09-12,34,DELI,205.072,6
1360551,2015-02-05,33,PLAYERS AND ELECTRONICS,0.0,0
1138230,2014-10-02,45,PLAYERS AND ELECTRONICS,17.0,0
206767,2013-04-27,10,"LIQUOR,WINE,BEER",17.0,0
1584757,2015-06-11,24,SCHOOL AND OFFICE SUPPLIES,2.0,0
2162679,2016-05-01,4,MEATS,558.61,1
910527,2014-05-27,7,MEATS,433.661,0
2118288,2016-04-06,44,HOME CARE,527.0,1
1287590,2014-12-26,36,PREPARED FOODS,65.0,0
59720,2013-02-03,34,MAGAZINES,0.0,0
1263337,2014-12-11,6,SCHOOL AND OFFICE SUPPLIES,0.0,0
2887195,2017-06-13,19,PERSONAL CARE,133.0,7
110355,2013-03-03,6,BEVERAGES,2552.0,0
1769236,2015-09-22,50,CLEANING,1062.0,4
1295712,2014-12-31,15,AUTOMOTIVE,2.0,0
1864590,2015-11-15,26,MEATS,273.323,0
2615627,2017-01-11,49,HARDWARE,0.0,0
2642850,2017-01-27,13,GROCERY I,2192.0,23
966385,2014-06-28,24,GROCERY II,0.0,0
2614598,2017-01-11,20,DAIRY,663.0,135
2649382,2017-01-30,46,EGGS,119.0,2
138359,2013-03-19,40,MAGAZINES,0.0,0
527923,2013-10-24,21,"LIQUOR,WINE,BEER",0.0,0
945821,2014-06-16,47,DAIRY,1893.0,0
772845,2014-03-11,43,HOME CARE,161.0,0
371973,2013-07-28,45,PRODUCE,33.0,0
1007108,2014-07-21,17,HARDWARE,3.0,0
614592,2013-12-11,53,AUTOMOTIVE,0.0,0
1314435,2015-01-10,4,GROCERY I,3554.0,11
2505461,2016-11-09,9,BEAUTY,7.0,1
52025,2013-01-30,19,HOME APPLIANCES,0.0,0
2642654,2017-01-26,8,HARDWARE,1.0,0
1566906,2015-06-01,24,AUTOMOTIVE,5.0,0
800542,2014-03-27,20,POULTRY,0.0,0
1087573,2014-09-04,24,PERSONAL CARE,242.0,0
2386993,2016-09-04,34,BOOKS,0.0,0
1496344,2015-04-22,43,PERSONAL CARE,196.0,0
1391926,2015-02-23,14,LADIESWEAR,0.0,0
699016,2014-01-29,22,EGGS,0.0,0
1063064,2014-08-21,37,BEAUTY,5.0,0
2352804,2016-08-16,25,BEVERAGES,1774.0,25
2104636,2016-03-30,11,POULTRY,490.377,0
2964127,2017-07-26,28,BABY CARE,0.0,0
1257396,2014-12-08,39,PRODUCE,1531.409,1
2466158,2016-10-18,6,BEAUTY,4.0,0
741851,2014-02-22,24,FROZEN FOODS,182.584,0
1492187,2015-04-20,27,PET SUPPLIES,0.0,0
1350271,2015-01-30,45,EGGS,418.0,30
2659848,2017-02-05,4,HOME AND KITCHEN I,36.0,2
1243569,2014-11-30,50,PRODUCE,3385.706,2
2361299,2016-08-21,13,HOME APPLIANCES,0.0,0
2408185,2016-09-16,29,EGGS,141.0,0
286189,2013-06-10,39,GROCERY II,25.0,0
2339966,2016-08-09,15,BEAUTY,1.0,0
1428621,2015-03-15,43,HOME CARE,0.0,0
2240344,2016-06-14,2,CLEANING,790.0,10
2206592,2016-05-26,22,HARDWARE,2.0,0
1631202,2015-07-07,28,GROCERY I,4200.857,10
2541805,2016-11-30,28,GROCERY II,9.0,0
2673123,2017-02-13,12,MEATS,152.00299,0
1188241,2014-10-30,49,EGGS,271.0,0
176092,2013-04-09,5,BOOKS,0.0,0
2035943,2016-02-20,34,DAIRY,651.0,1
2105675,2016-03-30,40,FROZEN FOODS,83.984,0
1190712,2014-11-01,19,CELEBRATION,18.0,0
363521,2013-07-23,9,PET SUPPLIES,0.0,0
60286,2013-02-03,5,POULTRY,241.823,0
28291,2013-01-16,52,EGGS,0.0,0
777656,2014-03-14,29,FROZEN FOODS,0.0,0
355102,2013-07-19,22,"LIQUOR,WINE,BEER",0.0,0
1115256,2014-09-19,50,LINGERIE,15.0,0
2211317,2016-05-28,54,LAWN AND GARDEN,0.0,0
1929119,2015-12-21,37,BREAD/BAKERY,605.89,1
126631,2013-03-13,12,EGGS,29.0,0
736357,2014-02-19,2,POULTRY,467.186,0
2483223,2016-10-28,34,CELEBRATION,17.0,7
1416629,2015-03-08,8,BREAD/BAKERY,1044.038,2
193502,2013-04-19,38,MAGAZINES,0.0,0
2864776,2017-05-31,4,GROCERY II,4.0,0
2755404,2017-03-31,21,BEVERAGES,3529.0,20
711487,2014-02-05,22,CLEANING,0.0,0
941400,2014-06-14,23,DELI,141.67,0
167934,2013-04-05,20,PRODUCE,0.0,0
2059822,2016-03-04,53,POULTRY,221.30699,25
2432234,2016-09-29,53,BEAUTY,5.0,0
500162,2013-10-08,42,HARDWARE,0.0,0
2884471,2017-06-11,42,CLEANING,1137.0,17
1569781,2015-06-02,54,BOOKS,0.0,0
445900,2013-09-08,20,BOOKS,0.0,0
2655719,2017-02-03,24,FROZEN FOODS,216.338,3
2304578,2016-07-20,21,MAGAZINES,1.0,0
204135,2013-04-25,36,PRODUCE,0.0,0
2603653,2017-01-05,13,LADIESWEAR,2.0,0
969166,2014-06-29,51,"LIQUOR,WINE,BEER",0.0,0
2436213,2016-10-02,15,LINGERIE,11.0,0
415629,2013-08-22,20,PLAYERS AND ELECTRONICS,0.0,0
2706479,2017-03-03,48,HOME APPLIANCES,1.0,0
1080823,2014-08-31,35,CLEANING,713.0,2
1796791,2015-10-08,24,CLEANING,969.0,1
2483913,2016-10-28,53,BEVERAGES,1567.0,48
2286244,2016-07-09,8,BOOKS,0.0,0
399409,2013-08-13,16,EGGS,103.0,0
2563417,2016-12-12,34,EGGS,607.0,14
2670391,2017-02-11,35,SCHOOL AND OFFICE SUPPLIES,0.0,0
2572089,2016-12-17,28,BEVERAGES,4785.0,67
448877,2013-09-09,53,FROZEN FOODS,0.0,0
1997818,2016-01-30,14,SCHOOL AND OFFICE SUPPLIES,0.0,0
1351713,2015-01-31,36,AUTOMOTIVE,6.0,0
1768692,2015-09-22,35,MEATS,200.907,0
1396750,2015-02-25,49,PERSONAL CARE,254.0,0
1557041,2015-05-26,47,BEAUTY,9.0,0
808593,2014-03-31,46,PLAYERS AND ELECTRONICS,24.0,0
211528,2013-04-29,43,SCHOOL AND OFFICE SUPPLIES,0.0,0
1391964,2015-02-23,15,MEATS,138.75099,0
1330297,2015-01-19,35,BABY CARE,0.0,0
527549,2013-10-24,11,FROZEN FOODS,21.0,0
1858463,2015-11-11,54,BEAUTY,0.0,0
1604235,2015-06-22,21,CELEBRATION,0.0,0
2987159,2017-08-08,23,SEAFOOD,12.0,0
1141004,2014-10-04,23,PREPARED FOODS,90.725,0
19888,2013-01-12,17,"LIQUOR,WINE,BEER",90.0,0
1149762,2014-10-09,2,DELI,133.957,0
2083438,2016-03-18,17,HOME AND KITCHEN II,12.0,0
2916242,2017-06-29,33,SEAFOOD,3.0,1
2031033,2016-02-17,46,HOME AND KITCHEN I,10.0,0
1431393,2015-03-17,21,HOME CARE,0.0,0
2468728,2016-10-20,27,SCHOOL AND OFFICE SUPPLIES,1.0,0
2223688,2016-06-04,51,HOME AND KITCHEN II,21.0,1
2407346,2016-09-15,54,PREPARED FOODS,70.0,1
1719206,2015-08-25,47,BREAD/BAKERY,1021.178,4
1406944,2015-03-03,35,"LIQUOR,WINE,BEER",57.0,0
486188,2013-09-30,5,SEAFOOD,6.0,0
208248,2013-04-27,51,HOME CARE,0.0,0
1670515,2015-07-29,30,"LIQUOR,WINE,BEER",17.0,0
2963847,2017-07-26,2,HOME CARE,226.0,7
2908935,2017-06-25,29,HOME CARE,426.0,20
1751991,2015-09-13,17,LINGERIE,35.0,0
2097809,2016-03-26,2,SEAFOOD,26.159,0
2864332,2017-05-31,27,SCHOOL AND OFFICE SUPPLIES,0.0,0
2763750,2017-04-04,6,AUTOMOTIVE,8.0,0
528328,2013-10-24,32,SCHOOL AND OFFICE SUPPLIES,0.0,0
1404305,2015-03-02,11,MAGAZINES,0.0,0
955847,2014-06-22,29,BEAUTY,0.0,0
2923872,2017-07-03,48,CELEBRATION,9.0,0
1496930,2015-04-23,10,HOME APPLIANCES,0.0,0
976126,2014-07-03,47,LADIESWEAR,21.0,0
1381482,2015-02-17,21,BEVERAGES,0.0,0
2823388,2017-05-08,29,CLEANING,989.0,25
2945296,2017-07-15,49,GROCERY II,51.0,1
2832412,2017-05-13,31,"LIQUOR,WINE,BEER",62.0,5
2170056,2016-05-05,47,DELI,459.907,4
611538,2013-12-10,18,HOME AND KITCHEN I,0.0,0
1239222,2014-11-28,3,CELEBRATION,40.0,1
2769106,2017-04-07,6,EGGS,142.0,29
1813175,2015-10-17,33,MAGAZINES,4.0,0
1446965,2015-03-25,9,HARDWARE,2.0,0
1837032,2015-10-30,52,LINGERIE,0.0,0
2799708,2017-04-25,14,LINGERIE,1.0,0
214787,2013-05-01,35,MAGAZINES,0.0,0
1211186,2014-11-12,42,LAWN AND GARDEN,0.0,0
335516,2013-07-08,23,BREAD/BAKERY,293.721,0
695850,2014-01-27,33,GROCERY I,2982.0,0
1356920,2015-02-03,31,PET SUPPLIES,0.0,0
1040698,2014-08-09,1,EGGS,149.0,0
1035626,2014-08-06,17,LAWN AND GARDEN,0.0,0
169405,2013-04-06,12,HOME AND KITCHEN II,0.0,0
785366,2014-03-18,44,SEAFOOD,101.211,0
1112038,2014-09-18,11,BOOKS,0.0,0
1679536,2015-08-03,34,BABY CARE,0.0,0
2817241,2017-05-04,6,SCHOOL AND OFFICE SUPPLIES,0.0,0
1027353,2014-08-01,34,PRODUCE,0.0,0
1968257,2016-01-13,35,BREAD/BAKERY,62.0,0
1174730,2014-10-23,2,PREPARED FOODS,97.882,0
672101,2014-01-14,17,MAGAZINES,0.0,0
421882,2013-08-25,46,EGGS,315.0,0
11643,2013-01-07,35,PLAYERS AND ELECTRONICS,0.0,0
2309361,2016-07-22,6,LINGERIE,3.0,0
1258220,2014-12-09,12,PREPARED FOODS,17.0,0
292630,2013-06-14,2,LADIESWEAR,0.0,0
1102693,2014-09-12,48,SCHOOL AND OFFICE SUPPLIES,61.0,0
553397,2013-11-07,36,LAWN AND GARDEN,0.0,0
295854,2013-06-16,10,DELI,363.0,0
1953096,2016-01-05,1,MEATS,412.125,0
2995102,2017-08-12,46,"LIQUOR,WINE,BEER",225.0,8
113997,2013-03-05,8,HOME AND KITCHEN I,0.0,0
854996,2014-04-26,48,SEAFOOD,37.774002,0
2254549,2016-06-22,18,"LIQUOR,WINE,BEER",38.0,0
77528,2013-02-13,34,FROZEN FOODS,36.07,0
2723440,2017-03-13,24,HOME AND KITCHEN II,47.0,2
2338986,2016-08-08,37,GROCERY I,3305.0,28
2690917,2017-02-23,11,SCHOOL AND OFFICE SUPPLIES,3.0,0
1174543,2014-10-23,15,CLEANING,652.0,2
1930546,2015-12-22,27,GROCERY II,19.0,0
94814,2013-02-23,2,BREAD/BAKERY,378.035,0
2155101,2016-04-27,28,BEVERAGES,1412.0,20
1136511,2014-10-01,47,MEATS,898.386,0
368484,2013-07-26,48,CELEBRATION,0.0,0
54256,2013-01-31,31,BOOKS,0.0,0
872814,2014-05-06,48,PRODUCE,1.0,0
1664332,2015-07-25,8,EGGS,424.0,3
2385416,2016-09-03,4,FROZEN FOODS,208.0,0
704406,2014-02-01,23,LINGERIE,1.0,0
1563870,2015-05-30,39,AUTOMOTIVE,9.0,0
244994,2013-05-18,33,BEAUTY,2.0,0
2702341,2017-03-01,32,BOOKS,0.0,0
2389145,2016-09-05,44,FROZEN FOODS,465.206,0
1405343,2015-03-02,40,BREAD/BAKERY,515.0,0
1554976,2015-05-25,39,HOME AND KITCHEN II,9.0,0
2573635,2016-12-18,20,SCHOOL AND OFFICE SUPPLIES,1.0,0
1154787,2014-10-12,10,HOME CARE,251.0,0
1994645,2016-01-28,25,PET SUPPLIES,2.0,0
1868500,2015-11-17,36,CLEANING,927.0,10
659213,2014-01-06,6,BREAD/BAKERY,458.908,0
1755540,2015-09-15,17,CELEBRATION,4.0,0
2443026,2016-10-05,7,BEVERAGES,5138.0,62
1615683,2015-06-28,42,BEVERAGES,0.0,0
2951191,2017-07-19,15,BABY CARE,4.0,0
1811587,2015-10-16,39,LADIESWEAR,2.0,0
1287821,2014-12-26,42,PREPARED FOODS,0.0,0
163462,2013-04-02,45,GROCERY II,49.0,0
1094962,2014-09-08,31,"LIQUOR,WINE,BEER",88.0,0
1640153,2015-07-12,29,LAWN AND GARDEN,1.0,0
2702878,2017-03-01,47,GROCERY II,68.0,0
471450,2013-09-22,37,GROCERY I,3206.0,0
2998814,2017-08-14,50,BREAD/BAKERY,547.679,9
1868121,2015-11-17,25,MEATS,119.945,1
2947673,2017-07-17,16,HARDWARE,0.0,0
1723313,2015-08-28,12,LAWN AND GARDEN,0.0,0
2010200,2016-02-06,12,BREAD/BAKERY,187.0,0
2127315,2016-04-11,48,BEVERAGES,3773.0,56
2069217,2016-03-10,18,HOME CARE,147.0,0
1404553,2015-03-02,19,CLEANING,982.0,0
848147,2014-04-22,7,HARDWARE,0.0,0
2062093,2016-03-06,18,"LIQUOR,WINE,BEER",0.0,0
2969382,2017-07-29,25,DELI,182.875,9
2831349,2017-05-12,51,HOME AND KITCHEN I,96.0,3
198253,2013-04-22,21,"LIQUOR,WINE,BEER",0.0,0
782756,2014-03-17,21,PREPARED FOODS,0.0,0
826487,2014-04-10,49,BEAUTY,5.0,0
2877832,2017-06-07,7,BABY CARE,1.0,0
1917822,2015-12-15,2,PLAYERS AND ELECTRONICS,7.0,0
2298521,2016-07-16,51,BREAD/BAKERY,1127.932,1
1479193,2015-04-13,13,BABY CARE,0.0,0
1288422,2014-12-27,10,BEVERAGES,1487.0,2
1911093,2015-12-11,30,PRODUCE,335.544,0
681321,2014-01-19,26,BEVERAGES,1767.0,0
1388347,2015-02-21,14,BOOKS,0.0,0
2264480,2016-06-27,46,LAWN AND GARDEN,4.0,0
2238269,2016-06-13,11,FROZEN FOODS,91.0,0
2772611,2017-04-09,53,HOME APPLIANCES,0.0,0
903911,2014-05-24,21,DAIRY,0.0,0
1892808,2015-12-01,18,PLAYERS AND ELECTRONICS,3.0,0
935675,2014-06-11,12,PET SUPPLIES,0.0,0
1173071,2014-10-22,23,LAWN AND GARDEN,0.0,0
1619084,2015-06-30,38,BREAD/BAKERY,549.079,0
2953611,2017-07-20,32,GROCERY I,1317.0,39
2129115,2016-04-12,48,LINGERIE,2.0,0
2489201,2016-10-31,51,FROZEN FOODS,236.957,6
100677,2013-02-26,33,PLAYERS AND ELECTRONICS,0.0,0
2780181,2017-04-14,16,PRODUCE,619.816,1
1171973,2014-10-21,42,FROZEN FOODS,0.0,0
1436941,2015-03-20,27,"LIQUOR,WINE,BEER",193.0,0
994119,2014-07-13,51,PLAYERS AND ELECTRONICS,9.0,0
993387,2014-07-13,31,LINGERIE,17.0,0
1875418,2015-11-21,3,POULTRY,1370.089,0
584311,2013-11-24,53,GROCERY II,0.0,0
475698,2013-09-24,7,BEVERAGES,1682.0,0
1821162,2015-10-21,8,MEATS,443.74402,0
2808231,2017-04-29,52,PRODUCE,5905.965,6
581532,2013-11-23,26,CELEBRATION,0.0,0
2355778,2016-08-17,9,CLEANING,1454.0,19
748001,2014-02-25,46,MAGAZINES,0.0,0
1370625,2015-02-11,17,BEVERAGES,603.0,0
2312333,2016-07-24,39,MAGAZINES,15.0,0
1805485,2015-10-13,18,"LIQUOR,WINE,BEER",136.0,0
1831647,2015-10-27,51,HOME AND KITCHEN I,27.0,0
2559242,2016-12-10,17,PET SUPPLIES,5.0,0
1030014,2014-08-03,1,HOME CARE,0.0,0
50910,2013-01-29,37,MEATS,184.827,0
1914380,2015-12-13,23,HOME APPLIANCES,0.0,0
2715555,2017-03-08,52,HOME CARE,0.0,0
1756455,2015-09-15,41,PRODUCE,1358.267,0
2333716,2016-08-05,39,"LIQUOR,WINE,BEER",88.0,0
464914,2013-09-18,53,EGGS,0.0,0
57818,2013-02-02,31,BEAUTY,5.0,0
901626,2014-05-22,8,AUTOMOTIVE,12.0,0
184736,2013-04-14,42,BEAUTY,0.0,0
2029814,2016-02-17,12,HOME APPLIANCES,0.0,0
857714,2014-04-28,25,FROZEN FOODS,53.0,0
2645643,2017-01-28,41,AUTOMOTIVE,8.0,0
2170353,2016-05-05,6,DELI,247.587,2
1189560,2014-10-31,36,DELI,153.682,0
2288639,2016-07-11,24,MAGAZINES,23.0,0
2760379,2017-04-03,10,POULTRY,143.668,0
22543,2013-01-13,41,BOOKS,0.0,0
1253683,2014-12-06,35,GROCERY II,1.0,0
2309955,2016-07-23,22,LINGERIE,6.0,0
1627787,2015-07-05,31,PREPARED FOODS,65.0,0
1405962,2015-03-02,8,PRODUCE,0.0,0
1324299,2015-01-16,17,DELI,322.0,0
2367911,2016-08-24,48,PREPARED FOODS,65.243,1
543463,2013-11-01,8,LADIESWEAR,0.0,0
2011837,2016-02-06,8,PERSONAL CARE,436.0,1
2150613,2016-04-24,51,BEVERAGES,7351.0,34
774448,2014-03-12,39,BOOKS,0.0,0
2922696,2017-07-03,15,HOME CARE,286.0,21
1283416,2014-12-23,2,GROCERY II,124.0,0
509222,2013-10-13,46,SEAFOOD,34.755,0
2429597,2016-09-28,3,BREAD/BAKERY,1415.148,0
665579,2014-01-10,34,BEAUTY,2.0,0
480071,2013-09-27,29,LAWN AND GARDEN,0.0,0
384113,2013-08-04,36,PET SUPPLIES,0.0,0
501860,2013-10-09,4,PREPARED FOODS,45.0,0
2562752,2016-12-12,16,BREAD/BAKERY,141.0,0
1987604,2016-01-24,28,HARDWARE,0.0,0
15518,2013-01-09,44,DAIRY,1548.0,0
2326468,2016-08-01,36,BABY CARE,0.0,0
544863,2013-11-02,47,AUTOMOTIVE,25.0,0
117153,2013-03-07,46,BEVERAGES,1799.0,0
824540,2014-04-09,44,BEAUTY,4.0,0
1914109,2015-12-13,16,EGGS,141.0,0
2628938,2017-01-19,22,PET SUPPLIES,0.0,0
2328781,2016-08-02,50,BOOKS,0.0,0
925964,2014-06-05,4,HOME APPLIANCES,0.0,0
1299524,2015-01-02,21,HOME APPLIANCES,0.0,0
1525399,2015-05-09,1,CLEANING,713.0,0
713417,2014-02-06,26,MAGAZINES,0.0,0
341573,2013-07-11,42,MAGAZINES,0.0,0
1133461,2014-09-30,12,EGGS,73.0,0
2387633,2016-09-04,51,HOME APPLIANCES,0.0,0
772478,2014-03-11,33,HARDWARE,1.0,0
366037,2013-07-25,3,BABY CARE,0.0,0
1697739,2015-08-13,44,LINGERIE,17.0,0
339372,2013-07-10,31,AUTOMOTIVE,4.0,0
2161525,2016-04-30,8,PERSONAL CARE,631.0,5
1367103,2015-02-09,18,GROCERY I,1990.206,1
2878356,2017-06-08,20,PRODUCE,671.707,0
309335,2013-06-23,38,PET SUPPLIES,0.0,0
2637228,2017-01-23,6,AUTOMOTIVE,8.0,0
2062650,2016-03-06,33,HOME CARE,320.0,1
1267302,2014-12-14,18,BEVERAGES,3771.0,3
1558214,2015-05-27,3,LAWN AND GARDEN,15.0,1
788282,2014-03-20,27,FROZEN FOODS,108.802,0
2131289,2016-04-14,1,HOME APPLIANCES,0.0,0
937923,2014-06-12,25,PRODUCE,7.0,0
19342,2013-01-11,51,BOOKS,0.0,0
2689210,2017-02-22,14,CLEANING,988.0,23
1112348,2014-09-18,2,HOME APPLIANCES,2.0,0
409898,2013-08-19,10,BREAD/BAKERY,96.0,0
349429,2013-07-16,13,PERSONAL CARE,82.0,0
1994716,2016-01-28,27,SCHOOL AND OFFICE SUPPLIES,0.0,0
2784367,2017-04-16,33,PERSONAL CARE,241.0,13
1970512,2016-01-14,48,HOME AND KITCHEN II,23.0,0
882340,2014-05-12,16,LADIESWEAR,0.0,0
2086404,2016-03-19,5,GROCERY I,2983.0,31
1820778,2015-10-21,47,BEVERAGES,5914.0,8
1613522,2015-06-27,31,LAWN AND GARDEN,1.0,0
2150395,2016-04-24,45,HOME AND KITCHEN II,106.0,1
485419,2013-09-30,29,"LIQUOR,WINE,BEER",0.0,0
1527587,2015-05-10,20,HOME APPLIANCES,0.0,0
450730,2013-09-10,6,HOME AND KITCHEN II,0.0,0
2352836,2016-08-16,26,BEAUTY,1.0,0
1555762,2015-05-26,11,EGGS,145.0,0
2082365,2016-03-17,36,SEAFOOD,2.0,0
662597,2014-01-08,5,MAGAZINES,0.0,0
2741116,2017-03-23,20,BOOKS,0.0,0
1253938,2014-12-06,42,BOOKS,0.0,0
1275777,2014-12-18,54,PRODUCE,435.224,0
1009178,2014-07-22,25,BREAD/BAKERY,163.516,0
1633522,2015-07-08,42,"LIQUOR,WINE,BEER",0.0,0
2516334,2016-11-16,13,HOME CARE,134.0,9
1882573,2015-11-25,30,"LIQUOR,WINE,BEER",20.0,0
2248272,2016-06-18,41,HOME AND KITCHEN I,48.0,0
1523630,2015-05-08,1,LAWN AND GARDEN,19.0,0
192225,2013-04-18,52,AUTOMOTIVE,0.0,0
1178845,2014-10-25,35,LADIESWEAR,0.0,0
2054342,2016-03-01,5,PET SUPPLIES,2.0,0
2968052,2017-07-28,37,SEAFOOD,16.757,5
1570783,2015-06-03,32,HOME AND KITCHEN II,3.0,0
867500,2014-05-03,49,PREPARED FOODS,374.829,0
1632699,2015-07-08,2,MEATS,425.707,1
1165549,2014-10-18,12,"LIQUOR,WINE,BEER",114.0,0
2605165,2017-01-05,6,GROCERY II,38.0,0
1717234,2015-08-24,41,GROCERY II,28.0,0
377072,2013-07-31,39,HARDWARE,0.0,0
1083642,2014-09-02,14,LINGERIE,0.0,0
1035554,2014-08-06,15,HARDWARE,0.0,0
2932190,2017-07-08,31,DAIRY,798.0,27
2758197,2017-04-01,49,MEATS,1524.321,0
670603,2014-01-13,25,EGGS,60.0,0
2850851,2017-05-23,49,HARDWARE,2.0,0
884481,2014-05-13,26,HOME AND KITCHEN I,0.0,0
887576,2014-05-15,13,DAIRY,171.0,0
808630,2014-03-31,47,SCHOOL AND OFFICE SUPPLIES,6.0,0
2589956,2016-12-28,29,HOME APPLIANCES,0.0,0
1907107,2015-12-09,2,BOOKS,0.0,0
2292661,2016-07-13,37,LADIESWEAR,22.0,0
333419,2013-07-07,14,LAWN AND GARDEN,0.0,0
1946829,2016-01-01,33,PLAYERS AND ELECTRONICS,0.0,0
1134739,2014-09-30,48,BABY CARE,0.0,0
524853,2013-10-22,35,LINGERIE,2.0,0
772286,2014-03-11,28,LAWN AND GARDEN,0.0,0
698502,2014-01-28,8,MEATS,360.154,0
2625190,2017-01-17,18,CLEANING,614.0,16
994149,2014-07-13,52,MEATS,0.0,0
2690105,2017-02-22,39,FROZEN FOODS,75.361,3
938026,2014-06-12,29,BABY CARE,0.0,0
1641031,2015-07-12,53,CLEANING,965.0,3
889492,2014-05-16,17,EGGS,39.0,0
858893,2014-04-28,9,BEAUTY,2.0,0
2203150,2016-05-24,26,BOOKS,0.0,0
1248979,2014-12-03,52,POULTRY,0.0,0
881144,2014-05-11,32,FROZEN FOODS,13.0,0
856096,2014-04-27,3,EGGS,733.0,0
1246320,2014-12-02,29,DELI,0.0,0
1622032,2015-07-02,20,HOME AND KITCHEN II,10.0,0
2153236,2016-04-26,25,LADIESWEAR,0.0,0
1067624,2014-08-24,15,DAIRY,238.0,0
296799,2013-06-16,36,PRODUCE,0.0,0
1040585,2014-08-08,6,PREPARED FOODS,152.15,1
1930855,2015-12-22,35,PERSONAL CARE,109.0,1
82563,2013-02-16,25,PRODUCE,0.0,0
552431,2013-11-07,1,FROZEN FOODS,99.0,0
472683,2013-09-23,21,MEATS,0.0,0
2487603,2016-10-30,7,PRODUCE,4456.242,1
2633975,2017-01-22,14,HARDWARE,1.0,0
1908966,2015-12-10,21,HOME AND KITCHEN I,17.0,0
1987547,2016-01-24,26,MAGAZINES,0.0,0
1950096,2016-01-03,25,PLAYERS AND ELECTRONICS,2.0,0
1508917,2015-04-29,46,PERSONAL CARE,458.0,1
1906966,2015-12-09,15,POULTRY,142.718,0
1380585,2015-02-16,45,PRODUCE,62.0,0
1393378,2015-02-23,54,LADIESWEAR,0.0,0
2777999,2017-04-12,54,PET SUPPLIES,0.0,0
1810490,2015-10-15,9,FROZEN FOODS,89.0,0
1753576,2015-09-14,11,"LIQUOR,WINE,BEER",33.0,1
747042,2014-02-25,2,LINGERIE,10.0,0
2691704,2017-02-23,33,PET SUPPLIES,2.0,0
795169,2014-03-24,20,BABY CARE,0.0,0
94054,2013-02-22,48,BOOKS,0.0,0
1328956,2015-01-18,47,GROCERY II,44.0,1
363275,2013-07-23,51,FROZEN FOODS,204.714,0
987652,2014-07-10,20,POULTRY,0.0,0
1280324,2014-12-21,32,MAGAZINES,0.0,0
2584051,2016-12-24,13,LADIESWEAR,0.0,0
2636941,2017-01-23,47,EGGS,344.0,2
1953658,2016-01-05,25,PERSONAL CARE,123.0,0
807972,2014-03-31,3,AUTOMOTIVE,3.0,0
97012,2013-02-24,30,PERSONAL CARE,142.0,0
1386942,2015-02-20,24,HOME CARE,0.0,0
759719,2014-03-04,25,PET SUPPLIES,3.0,0
102485,2013-02-27,34,LAWN AND GARDEN,0.0,0
2286558,2016-07-10,16,LINGERIE,0.0,0
521033,2013-10-20,28,PREPARED FOODS,105.344,0
1210932,2014-11-12,35,PRODUCE,181.815,0
218712,2013-05-03,45,LINGERIE,12.0,0
2575719,2016-12-19,3,BEVERAGES,10206.0,68
1561667,2015-05-29,27,DAIRY,567.0,5
1561265,2015-05-29,16,BEAUTY,3.0,0
1812030,2015-10-16,51,AUTOMOTIVE,10.0,0
1465463,2015-04-05,27,SEAFOOD,38.283,0
1993700,2016-01-27,49,BREAD/BAKERY,1098.115,1
2914424,2017-06-28,32,PREPARED FOODS,20.0,1
630226,2013-12-20,41,PERSONAL CARE,175.0,0
1535505,2015-05-14,42,HOME AND KITCHEN I,0.0,0
2026073,2016-02-14,8,BREAD/BAKERY,1054.478,1
1613195,2015-06-27,22,MAGAZINES,0.0,0
1210537,2014-11-12,24,SCHOOL AND OFFICE SUPPLIES,1.0,0
1333768,2015-01-21,32,CLEANING,419.0,3
63533,2013-02-05,41,DAIRY,228.0,0
2911037,2017-06-26,38,DAIRY,715.0,20
2048305,2016-02-27,30,POULTRY,92.826,0
1404616,2015-03-02,20,BOOKS,0.0,0
1468049,2015-04-06,5,FROZEN FOODS,103.596,1
2702676,2017-03-01,41,DELI,228.599,5
2819076,2017-05-05,8,HOME CARE,312.0,8
2900469,2017-06-20,41,AUTOMOTIVE,2.0,0
1464525,2015-04-04,50,HOME CARE,0.0,0
355897,2013-07-19,44,PERSONAL CARE,236.0,0
2987485,2017-08-08,32,POULTRY,51.002,0
2228972,2016-06-07,5,LAWN AND GARDEN,1.0,0
2450811,2016-10-10,25,AUTOMOTIVE,0.0,0
878519,2014-05-09,9,PET SUPPLIES,0.0,0
1124711,2014-09-25,17,BREAD/BAKERY,150.0,0
156744,2013-03-29,7,PLAYERS AND ELECTRONICS,0.0,0
2919677,2017-07-01,30,BEAUTY,2.0,1
1375779,2015-02-14,11,DELI,412.855,0
2087952,2016-03-20,43,DELI,270.0,0
1436487,2015-03-20,14,PRODUCE,0.0,0
1058295,2014-08-18,52,HOME CARE,0.0,0
2719019,2017-03-10,5,HOME APPLIANCES,0.0,0
466101,2013-09-19,37,DELI,92.908,0
1968091,2016-01-13,30,BOOKS,0.0,0
2333738,2016-08-05,4,FROZEN FOODS,115.345,0
42141,2013-01-24,41,AUTOMOTIVE,2.0,0
1544068,2015-05-19,32,SCHOOL AND OFFICE SUPPLIES,0.0,0
1243550,2014-11-30,50,FROZEN FOODS,256.617,3
1663453,2015-07-25,32,"LIQUOR,WINE,BEER",182.0,0
614784,2013-12-11,9,PLAYERS AND ELECTRONICS,0.0,0
524174,2013-10-22,17,BEAUTY,0.0,0
900242,2014-05-22,19,BEAUTY,0.0,0
183360,2013-04-13,53,GROCERY I,0.0,0
2368985,2016-08-25,29,HARDWARE,0.0,0
15658,2013-01-09,48,HOME AND KITCHEN II,0.0,0
343523,2013-07-12,47,PET SUPPLIES,0.0,0
2718541,2017-03-10,37,BABY CARE,0.0,0
1463012,2015-04-03,9,MAGAZINES,0.0,0
237372,2013-05-14,2,BEVERAGES,1143.0,0
1309899,2015-01-08,12,PRODUCE,0.0,0
1166970,2014-10-18,51,MEATS,628.179,1
2769189,2017-04-07,8,PLAYERS AND ELECTRONICS,24.0,0
1547646,2015-05-21,33,GROCERY I,1845.0,6
1904992,2015-12-08,10,BABY CARE,0.0,0
1083194,2014-09-01,51,BEAUTY,7.0,0
2002896,2016-02-01,7,PLAYERS AND ELECTRONICS,13.0,0
456474,2013-09-14,17,HOME CARE,0.0,0
1675787,2015-08-01,29,HARDWARE,6.0,0
1331135,2015-01-19,9,HARDWARE,0.0,0
1578313,2015-06-07,43,"LIQUOR,WINE,BEER",0.0,0
1114742,2014-09-19,37,BEAUTY,4.0,0
2842185,2017-05-18,6,PLAYERS AND ELECTRONICS,7.0,0
2247530,2016-06-18,20,SEAFOOD,23.396,4
522425,2013-10-21,18,BEAUTY,2.0,0
963603,2014-06-26,46,BEVERAGES,1403.0,0
1672857,2015-07-30,46,LINGERIE,12.0,0
2760708,2017-04-03,2,PLAYERS AND ELECTRONICS,10.0,0
2054986,2016-03-02,19,EGGS,129.0,0
2701980,2017-03-01,22,CELEBRATION,7.0,0
758259,2014-03-03,34,HOME CARE,213.0,0
1900603,2015-12-05,37,BABY CARE,0.0,0
213930,2013-05-01,11,MEATS,672.645,0
54327,2013-01-31,33,DELI,158.0,0
534381,2013-10-27,52,GROCERY I,0.0,0
224735,2013-05-07,15,BREAD/BAKERY,178.0,0
1559703,2015-05-28,21,MEATS,0.0,0
2327146,2016-08-01,54,LADIESWEAR,0.0,0
1248402,2014-12-03,37,GROCERY I,4566.0,9
626070,2013-12-18,25,PLAYERS AND ELECTRONICS,0.0,0
1820449,2015-10-21,38,BOOKS,0.0,0
2556650,2016-12-08,44,DAIRY,2463.0,26
1265446,2014-12-13,15,POULTRY,125.458,0
1178405,2014-10-25,23,DAIRY,452.0,1
266790,2013-05-30,44,HOME CARE,0.0,0
704584,2014-02-01,29,BABY CARE,0.0,0
474581,2013-09-24,25,DAIRY,161.0,0
1576411,2015-06-06,40,BABY CARE,1.0,0
401866,2013-08-14,34,PERSONAL CARE,228.0,0
2741465,2017-03-23,3,MAGAZINES,25.0,0
1363795,2015-02-07,25,BOOKS,0.0,0
2475372,2016-10-24,14,DELI,272.0,2
2895628,2017-06-17,6,EGGS,302.0,3
1863193,2015-11-14,37,GROCERY II,57.0,0
2444133,2016-10-06,37,LINGERIE,2.0,0
627689,2013-12-19,20,PREPARED FOODS,0.0,0
1222358,2014-11-18,7,BREAD/BAKERY,619.41,0
2534435,2016-11-26,21,BEAUTY,5.0,0
870062,2014-05-05,21,HOME APPLIANCES,0.0,0
1478544,2015-04-12,44,GROCERY I,13603.0,8
1042504,2014-08-10,10,BABY CARE,0.0,0
1978386,2016-01-19,2,BEVERAGES,2578.0,8
3000733,2017-08-15,54,EGGS,79.0,1
2983905,2017-08-06,32,GROCERY I,2121.0,48
698453,2014-01-28,7,DAIRY,1120.0,0
2964195,2017-07-26,3,BEVERAGES,7817.0,28
2076142,2016-03-14,12,GROCERY II,4.0,0
2888564,2017-06-13,8,DAIRY,1323.0,43
725925,2014-02-13,27,MEATS,172.081,0
2475851,2016-10-24,27,PET SUPPLIES,5.0,0
1283358,2014-12-23,18,LINGERIE,5.0,0
2934769,2017-07-09,53,GROCERY II,23.0,1
1772865,2015-09-24,52,CELEBRATION,0.0,0
952641,2014-06-20,38,PRODUCE,9.0,0
1357627,2015-02-03,51,CLEANING,1576.0,4
2579705,2016-12-21,40,PREPARED FOODS,46.0,8
2596537,2017-01-01,13,SCHOOL AND OFFICE SUPPLIES,0.0,0
215443,2013-05-01,53,LADIESWEAR,0.0,0
2627303,2017-01-18,27,DAIRY,1094.0,29
367055,2013-07-25,8,PREPARED FOODS,148.05,0
2147569,2016-04-23,16,POULTRY,105.627,0
951618,2014-06-20,1,PRODUCE,4.0,0
792198,2014-03-22,37,AUTOMOTIVE,7.0,0
117062,2013-03-07,43,FROZEN FOODS,18.0,0
1391048,2015-02-22,39,SEAFOOD,18.0,0
525771,2013-10-23,11,HOME AND KITCHEN I,0.0,0
2607380,2017-01-07,18,HOME APPLIANCES,0.0,0
649376,2014-01-01,3,BEAUTY,0.0,0
2790369,2017-04-19,51,LINGERIE,10.0,0
359230,2013-07-21,38,PERSONAL CARE,293.0,0
1142983,2014-10-05,29,POULTRY,0.0,0
1735693,2015-09-04,1,PERSONAL CARE,158.0,1
501254,2013-10-09,23,HOME APPLIANCES,1.0,0
2077562,2016-03-14,51,HARDWARE,0.0,0
193506,2013-04-19,38,PLAYERS AND ELECTRONICS,0.0,0
914893,2014-05-30,3,BABY CARE,0.0,0
392286,2013-08-09,16,HOME AND KITCHEN I,0.0,0
953309,2014-06-20,8,BREAD/BAKERY,429.365,0
227587,2013-05-08,44,LADIESWEAR,0.0,0
1176848,2014-10-24,3,BEAUTY,4.0,0
321583,2013-06-30,31,SCHOOL AND OFFICE SUPPLIES,0.0,0
747889,2014-02-25,43,EGGS,103.0,0
2556282,2016-12-08,34,BEVERAGES,2038.0,46
2631274,2017-01-20,38,LADIESWEAR,18.0,0
2677298,2017-02-15,3,DAIRY,2317.0,29
1847624,2015-11-05,5,LAWN AND GARDEN,2.0,0
167846,2013-04-05,19,DAIRY,73.0,0
2168544,2016-05-04,54,HOME AND KITCHEN I,6.0,5
33108,2013-01-19,38,DELI,237.457,0
2096135,2016-03-25,23,DAIRY,507.0,0
2001405,2016-02-01,15,LINGERIE,1.0,0
515444,2013-10-17,21,HOME APPLIANCES,0.0,0
1003798,2014-07-19,24,BOOKS,0.0,0
2545718,2016-12-02,37,SEAFOOD,36.906,6
1633003,2015-07-08,28,SCHOOL AND OFFICE SUPPLIES,0.0,0
311049,2013-06-24,36,MEATS,158.968,0
1752794,2015-09-13,39,SEAFOOD,14.186,1
1035015,2014-08-05,5,BEVERAGES,761.0,0
2644538,2017-01-28,10,HOME APPLIANCES,0.0,0
1096095,2014-09-09,14,AUTOMOTIVE,0.0,0
771895,2014-03-11,17,PERSONAL CARE,126.0,0
2917061,2017-06-29,7,PET SUPPLIES,8.0,0
2197304,2016-05-21,11,SEAFOOD,13.0,2
827805,2014-04-11,36,AUTOMOTIVE,3.0,0
2677146,2017-02-15,25,LINGERIE,5.0,0
576514,2013-11-20,35,BOOKS,0.0,0
2526956,2016-11-22,11,HARDWARE,0.0,0
2682523,2017-02-18,26,LADIESWEAR,1.0,0
1661303,2015-07-24,22,HOME APPLIANCES,0.0,0
1595630,2015-06-17,3,HARDWARE,4.0,0
23945,2013-01-14,30,LAWN AND GARDEN,0.0,0
1215638,2014-11-15,18,HOME APPLIANCES,0.0,0
1214171,2014-11-14,27,BEAUTY,1.0,0
1215266,2014-11-14,8,DAIRY,1346.0,1
1675059,2015-07-31,9,GROCERY I,5439.746,1
2915098,2017-06-28,51,EGGS,319.0,0
1734330,2015-09-03,21,HOME AND KITCHEN I,58.0,0
2620741,2017-01-14,42,GROCERY II,37.0,0
1029849,2014-08-02,54,HOME CARE,0.0,0
58917,2013-02-03,12,GROCERY I,2033.0,0
465749,2013-09-19,27,LAWN AND GARDEN,5.0,0
2379007,2016-08-31,10,BOOKS,0.0,0
387778,2013-08-06,39,POULTRY,83.134,0
44304,2013-01-25,51,HOME CARE,0.0,0
2295014,2016-07-14,52,PREPARED FOODS,0.0,0
362688,2013-07-23,35,HOME CARE,0.0,0
1844411,2015-11-04,10,DAIRY,236.0,69
1871184,2015-11-19,11,HOME CARE,270.0,0
800641,2014-03-27,23,POULTRY,226.288,0
909686,2014-05-27,33,DAIRY,464.0,0
2698354,2017-02-27,20,EGGS,286.0,18
2392008,2016-09-07,25,BEVERAGES,0.0,0
1712020,2015-08-21,45,GROCERY II,72.0,0
2818304,2017-05-05,36,BREAD/BAKERY,337.0,6
127003,2013-03-13,22,LADIESWEAR,0.0,0
720779,2014-02-10,32,PET SUPPLIES,0.0,0
1412724,2015-03-06,47,PLAYERS AND ELECTRONICS,0.0,0
1627047,2015-07-05,11,HOME AND KITCHEN I,35.0,0
2794090,2017-04-21,7,GROCERY II,17.0,0
2951084,2017-07-19,11,PET SUPPLIES,1.0,0
2412637,2016-09-18,53,CLEANING,1519.0,38
1584897,2015-06-11,29,CELEBRATION,10.0,0
897251,2014-05-20,34,HARDWARE,1.0,0
553006,2013-11-07,25,PERSONAL CARE,67.0,0
494737,2013-10-05,40,BABY CARE,0.0,0
2132634,2016-04-14,47,DELI,419.065,2
2986356,2017-08-07,50,LINGERIE,2.0,0
753534,2014-02-28,51,GROCERY I,5410.0,0
1175379,2014-10-23,38,HOME CARE,240.0,0
2168163,2016-05-04,43,PRODUCE,582.524,1
724412,2014-02-12,34,PREPARED FOODS,25.0,0
1517610,2015-05-04,40,CELEBRATION,0.0,0
2650277,2017-01-31,21,HARDWARE,2.0,0
2455949,2016-10-13,19,MAGAZINES,1.0,0
1118663,2014-09-21,46,PREPARED FOODS,320.18298,0
372892,2013-07-29,21,PERSONAL CARE,0.0,0
353308,2013-07-18,22,EGGS,0.0,0
1126037,2014-09-25,53,FROZEN FOODS,37.0,0
525842,2013-10-23,13,LAWN AND GARDEN,0.0,0
1994864,2016-01-28,31,HARDWARE,0.0,0
1804234,2015-10-12,32,PERSONAL CARE,82.0,1
2819621,2017-05-06,23,BEAUTY,1.0,0
151541,2013-03-27,11,BREAD/BAKERY,552.0,0
1263146,2014-12-11,50,BREAD/BAKERY,464.684,1
2895428,2017-06-17,5,DAIRY,607.0,21
56723,2013-02-01,5,PREPARED FOODS,93.0,0
2908057,2017-06-24,53,SCHOOL AND OFFICE SUPPLIES,0.0,0
1488581,2015-04-18,26,HOME APPLIANCES,1.0,0
645000,2013-12-29,7,HOME AND KITCHEN I,0.0,0
864196,2014-05-01,7,PERSONAL CARE,235.0,0
1987258,2016-01-24,18,SCHOOL AND OFFICE SUPPLIES,0.0,0
2256612,2016-06-23,26,CELEBRATION,9.0,0
84130,2013-02-17,2,GROCERY II,18.0,0
1194691,2014-11-03,3,PERSONAL CARE,897.0,0
90475,2013-02-20,47,"LIQUOR,WINE,BEER",82.0,0
2525434,2016-11-21,19,EGGS,161.0,12
2324956,2016-07-31,43,CLEANING,1778.0,18
2587047,2016-12-26,47,GROCERY I,14656.0,131
2894793,2017-06-17,32,AUTOMOTIVE,2.0,0
2181497,2016-05-12,18,SEAFOOD,4.7139997,1
1767076,2015-09-21,4,PERSONAL CARE,273.0,7
1630626,2015-07-07,11,PRODUCE,2097.975,124
2176316,2016-05-09,22,SEAFOOD,0.0,0
663349,2014-01-09,21,HOME AND KITCHEN II,0.0,0
1162323,2014-10-16,21,PRODUCE,0.0,0
358394,2013-07-21,15,HARDWARE,2.0,0
2159845,2016-04-30,10,POULTRY,233.701,1
2203702,2016-05-24,40,POULTRY,166.421,0
2491485,2016-11-02,16,HOME CARE,217.0,11
1981385,2016-01-20,52,SEAFOOD,0.0,0
394128,2013-08-10,18,DELI,119.313,0
2253282,2016-06-21,32,DELI,115.0,6
823878,2014-04-09,26,AUTOMOTIVE,5.0,0
1637694,2015-07-11,10,BEVERAGES,1212.0,3
1281111,2014-12-21,54,HOME CARE,404.0,0
185165,2013-04-14,54,BEAUTY,0.0,0
1215545,2014-11-15,15,MAGAZINES,0.0,0
2819863,2017-05-06,3,GROCERY II,118.0,0
817599,2014-04-05,49,MEATS,855.914,0
120563,2013-03-09,41,HARDWARE,2.0,0
2409530,2016-09-17,17,BEAUTY,4.0,0
2517745,2016-11-16,52,EGGS,0.0,0
997273,2014-07-15,40,GROCERY II,3.0,0
661850,2014-01-08,3,BEAUTY,4.0,0
63631,2013-02-05,44,CLEANING,2265.0,0
1082732,2014-09-01,39,BEAUTY,5.0,0
1554799,2015-05-25,34,BOOKS,0.0,0
1946944,2016-01-01,37,EGGS,0.0,0
1909166,2015-12-10,27,HOME APPLIANCES,1.0,0
1952751,2016-01-04,5,DELI,227.488,0
2670188,2017-02-11,3,PET SUPPLIES,27.0,0
1321221,2015-01-14,30,AUTOMOTIVE,3.0,0
1286864,2014-12-26,16,PREPARED FOODS,32.0,1
2388679,2016-09-05,31,CLEANING,1479.0,22
2176884,2016-05-09,39,CELEBRATION,4.0,0
781084,2014-03-16,25,CLEANING,468.0,0
1795696,2015-10-07,43,BABY CARE,0.0,0
1374774,2015-02-13,32,PLAYERS AND ELECTRONICS,0.0,0
2715117,2017-03-08,40,DELI,243.0,8
2272762,2016-07-02,29,LADIESWEAR,0.0,0
934942,2014-06-10,41,LADIESWEAR,0.0,0
2526095,2016-11-21,37,FROZEN FOODS,168.369,1
691599,2014-01-25,14,HOME CARE,425.0,0
361181,2013-07-22,42,PREPARED FOODS,0.0,0
373041,2013-07-29,26,DELI,101.279,0
2635858,2017-01-23,17,HOME AND KITCHEN II,40.0,1
2855720,2017-05-26,35,SEAFOOD,1.0,0
362706,2013-07-23,36,BEVERAGES,323.0,0
2524715,2016-11-20,48,HOME APPLIANCES,0.0,0
2861600,2017-05-29,50,BREAD/BAKERY,684.617,8
2955181,2017-07-21,26,SCHOOL AND OFFICE SUPPLIES,0.0,0
381807,2013-08-03,21,PRODUCE,0.0,0
1737483,2015-09-05,10,AUTOMOTIVE,4.0,0
623708,2013-12-17,1,DAIRY,719.0,0
1025630,2014-07-31,36,MAGAZINES,0.0,0
302902,2013-06-19,8,POULTRY,167.921,0
2623842,2017-01-16,3,GROCERY I,8560.0,58
2225062,2016-06-05,40,BOOKS,0.0,0
220266,2013-05-04,39,MEATS,138.091,0
1417263,2015-03-09,25,GROCERY I,1704.0,5
2126161,2016-04-11,16,BOOKS,0.0,0
1540645,2015-05-17,37,CLEANING,1321.0,2
1514387,2015-05-02,5,HOME APPLIANCES,1.0,0
90983,2013-02-21,12,BEAUTY,0.0,0
2194719,2016-05-19,39,LINGERIE,3.0,0
151874,2013-03-27,20,DAIRY,0.0,0
1180242,2014-10-26,24,PRODUCE,3456.644,2
1757042,2015-09-15,9,MAGAZINES,1.0,0
763003,2014-03-06,18,EGGS,243.0,0
67215,2013-02-07,44,PLAYERS AND ELECTRONICS,0.0,0
959542,2014-06-24,32,BABY CARE,0.0,0
2431485,2016-09-29,32,GROCERY I,1104.0,54
2103695,2016-03-29,35,FROZEN FOODS,38.0,0
990706,2014-07-11,7,GROCERY II,41.0,0
130724,2013-03-15,27,FROZEN FOODS,46.0,0
1803945,2015-10-12,25,AUTOMOTIVE,1.0,0
1041163,2014-08-09,22,GROCERY II,0.0,0
524286,2013-10-22,2,HOME AND KITCHEN I,0.0,0
1583647,2015-06-10,43,EGGS,162.0,0
2591455,2016-12-29,20,SCHOOL AND OFFICE SUPPLIES,0.0,0
2472119,2016-10-22,22,MAGAZINES,4.0,0
2270208,2016-06-30,8,CELEBRATION,25.0,0
2073383,2016-03-12,34,PET SUPPLIES,0.0,0
2453999,2016-10-12,14,LAWN AND GARDEN,0.0,0
2091439,2016-03-22,40,SCHOOL AND OFFICE SUPPLIES,1.0,0
137804,2013-03-19,25,PREPARED FOODS,60.121002,0
1092655,2014-09-07,17,PERSONAL CARE,237.0,0
2007695,2016-02-04,41,DAIRY,490.0,0
1664527,2015-07-26,13,CLEANING,467.0,0
1684656,2015-08-06,28,CELEBRATION,20.0,0
2600186,2017-01-03,16,HOME APPLIANCES,0.0,0
1429250,2015-03-16,11,LAWN AND GARDEN,0.0,0
1916337,2015-12-14,28,PLAYERS AND ELECTRONICS,7.0,0
1818996,2015-10-20,47,BEVERAGES,6345.0,4
2777039,2017-04-12,28,MAGAZINES,6.0,0
272851,2013-06-03,15,CLEANING,1170.0,0
2826623,2017-05-10,2,DAIRY,849.0,40
1753859,2015-09-14,2,DAIRY,748.0,2
2036481,2016-02-20,49,HOME CARE,434.0,0
2936968,2017-07-11,16,BABY CARE,0.0,0
1627544,2015-07-05,25,HOME APPLIANCES,0.0,0
365164,2013-07-24,54,LADIESWEAR,0.0,0
1595288,2015-06-17,20,BEAUTY,4.0,0
1752267,2015-09-13,25,AUTOMOTIVE,1.0,0
716054,2014-02-07,5,LAWN AND GARDEN,0.0,0
1399930,2015-02-27,39,BOOKS,0.0,0
377588,2013-07-31,53,BEAUTY,0.0,0
2888778,2017-06-14,13,MEATS,128.916,0
1578449,2015-06-07,47,PET SUPPLIES,27.0,0
1756495,2015-09-15,43,BOOKS,0.0,0
720186,2014-02-10,16,PLAYERS AND ELECTRONICS,0.0,0
922637,2014-06-03,46,MAGAZINES,0.0,0
316501,2013-06-27,39,SCHOOL AND OFFICE SUPPLIES,0.0,0
669854,2014-01-12,53,LAWN AND GARDEN,0.0,0
1927171,2015-12-20,32,BOOKS,0.0,0
2481003,2016-10-27,21,PRODUCE,696.301,5
240093,2013-05-15,45,HOME CARE,0.0,0
1842698,2015-11-03,12,FROZEN FOODS,91.829,0
1777195,2015-09-27,24,GROCERY II,29.0,0
2244190,2016-06-16,27,PERSONAL CARE,202.0,12
2650002,2017-01-31,14,BEVERAGES,1438.0,20
317646,2013-06-28,21,LINGERIE,0.0,0
2973020,2017-07-31,27,HOME APPLIANCES,3.0,0
2342320,2016-08-10,30,GROCERY II,7.0,0
845827,2014-04-21,41,BOOKS,0.0,0
1562809,2015-05-29,9,POULTRY,319.978,1
895357,2014-05-19,31,BABY CARE,0.0,0
2393569,2016-09-08,19,GROCERY II,1.0,0
2859374,2017-05-28,38,MAGAZINES,14.0,0
1799006,2015-10-09,36,FROZEN FOODS,128.0,0
162130,2013-04-01,9,BABY CARE,0.0,0
778002,2014-03-14,38,PLAYERS AND ELECTRONICS,7.0,0
1047768,2014-08-12,8,HOME CARE,0.0,0
2736532,2017-03-20,41,CLEANING,1006.0,7
630116,2013-12-20,39,HARDWARE,1.0,0
1899641,2015-12-05,1,PREPARED FOODS,89.36,0
52108,2013-01-30,21,BABY CARE,0.0,0
1999677,2016-01-31,17,DELI,780.0,0
1340830,2015-01-25,30,CLEANING,505.0,0
711139,2014-02-05,12,"LIQUOR,WINE,BEER",33.0,0
1334135,2015-01-21,42,FROZEN FOODS,0.0,0
2793128,2017-04-21,3,DAIRY,2715.0,26
1695203,2015-08-12,23,PET SUPPLIES,1.0,0
2979820,2017-08-04,18,LADIESWEAR,4.0,0
649323,2014-01-01,28,HOME AND KITCHEN I,0.0,0
354466,2013-07-18,54,GROCERY II,3.0,0
1636655,2015-07-10,30,LAWN AND GARDEN,0.0,0
1602382,2015-06-21,2,BABY CARE,0.0,0
1318983,2015-01-13,18,CELEBRATION,0.0,0
641354,2013-12-27,53,SEAFOOD,0.0,0
892610,2014-05-17,53,PET SUPPLIES,0.0,0
618302,2013-12-13,8,HARDWARE,4.0,0
1022910,2014-07-30,10,DELI,184.0,0
1022061,2014-07-29,36,HOME CARE,200.0,0
1259202,2014-12-09,4,LINGERIE,1.0,0
376512,2013-07-31,23,HOME AND KITCHEN I,0.0,0
1529417,2015-05-11,21,SEAFOOD,0.0,0
2034395,2016-02-19,40,FROZEN FOODS,70.063,0
879855,2014-05-10,46,DELI,1385.936,0
1313145,2015-01-09,53,DELI,143.559,48
2854154,2017-05-25,41,HOME APPLIANCES,0.0,0
1243651,2014-11-30,53,GROCERY II,21.0,0
2423372,2016-09-24,54,HOME APPLIANCES,0.0,0
1191459,2014-11-01,39,PLAYERS AND ELECTRONICS,13.0,0
2480640,2016-10-27,11,PRODUCE,777.085,7
2123248,2016-04-09,33,POULTRY,244.556,0
1612500,2015-06-26,52,LINGERIE,0.0,0
864566,2014-05-02,17,SEAFOOD,7.0,0
1566130,2015-05-31,51,HOME AND KITCHEN II,16.0,0
1683466,2015-08-05,44,BOOKS,0.0,0
182264,2013-04-13,23,BREAD/BAKERY,259.487,0
1127309,2014-09-26,39,PREPARED FOODS,150.431,0
2444432,2016-10-06,45,MAGAZINES,6.0,0
1726848,2015-08-30,11,MEATS,701.597,0
988023,2014-07-10,31,BEVERAGES,1367.0,1
374953,2013-07-30,3,CLEANING,1572.0,0
1644300,2015-07-14,45,DELI,481.875,1
1256856,2014-12-08,24,HOME CARE,262.0,2
831015,2014-04-13,26,DELI,75.194,0
2767262,2017-04-06,53,HARDWARE,8.0,0
1343235,2015-01-26,48,BEVERAGES,1487.0,2
1928789,2015-12-21,28,BREAD/BAKERY,652.0,0
1402153,2015-02-28,50,HOME AND KITCHEN II,59.0,0
2515690,2016-11-15,45,BABY CARE,0.0,0
2087290,2016-03-20,25,CLEANING,540.0,20
1877906,2015-11-22,5,DAIRY,596.0,0
292973,2013-06-14,29,SEAFOOD,0.0,0
120654,2013-03-09,44,CELEBRATION,0.0,0
2310171,2016-07-23,29,CELEBRATION,16.0,0
1086385,2014-09-03,40,PERSONAL CARE,203.0,0
2413837,2016-09-19,37,LADIESWEAR,20.0,0
1146484,2014-10-07,27,SCHOOL AND OFFICE SUPPLIES,0.0,0
2745292,2017-03-25,37,"LIQUOR,WINE,BEER",158.0,8
2997776,2017-08-14,21,MAGAZINES,3.0,0
2635646,2017-01-23,11,BEAUTY,6.0,0
682116,2014-01-19,48,CELEBRATION,27.0,0
1312242,2015-01-09,28,PRODUCE,0.0,0
826153,2014-04-10,39,SCHOOL AND OFFICE SUPPLIES,0.0,0
1160185,2014-10-15,12,BOOKS,0.0,0
726452,2014-02-13,41,MAGAZINES,0.0,0
1701547,2015-08-15,51,BABY CARE,0.0,0
2233156,2016-06-10,18,GROCERY II,12.0,0
2057233,2016-03-03,31,GROCERY II,14.0,0
271039,2013-06-02,14,EGGS,31.0,0
323592,2013-07-01,38,PLAYERS AND ELECTRONICS,0.0,0
781420,2014-03-16,34,GROCERY II,10.0,0
1506264,2015-04-28,22,GROCERY I,0.0,0
1801669,2015-10-11,11,BABY CARE,0.0,0
1937704,2015-12-27,28,EGGS,186.0,1
2547960,2016-12-03,5,PRODUCE,1640.27,10
1263969,2014-12-12,24,BEVERAGES,4013.0,2
2726897,2017-03-15,21,DAIRY,663.0,125
979140,2014-07-05,31,PRODUCE,1429.73,2
1496999,2015-04-23,12,LAWN AND GARDEN,0.0,0
482049,2013-09-28,34,HOME CARE,0.0,0
2657417,2017-02-04,21,PET SUPPLIES,3.0,0
1697217,2015-08-13,3,PLAYERS AND ELECTRONICS,28.0,0
2183706,2016-05-13,3,PRODUCE,7621.469,1
1258761,2014-12-09,28,DELI,370.601,0
886492,2014-05-14,32,GROCERY II,4.0,0
751447,2014-02-27,43,BOOKS,0.0,0
1364089,2015-02-07,33,BABY CARE,0.0,0
2129488,2016-04-12,9,SCHOOL AND OFFICE SUPPLIES,4.0,0
24787,2013-01-14,54,BOOKS,0.0,0
242453,2013-05-17,12,BEAUTY,0.0,0
196490,2013-04-21,22,DAIRY,0.0,0
801119,2014-03-27,37,FROZEN FOODS,123.0,0
132219,2013-03-16,19,LINGERIE,2.0,0
418160,2013-08-23,41,HOME APPLIANCES,1.0,0
1788345,2015-10-03,37,DELI,183.339,0
383836,2013-08-04,29,GROCERY II,0.0,0
1886294,2015-11-27,35,HARDWARE,0.0,0
2083292,2016-03-18,13,BEAUTY,1.0,0
1334428,2015-01-21,50,CLEANING,1425.0,1
248647,2013-05-20,35,PERSONAL CARE,57.0,0
438815,2013-09-04,21,HARDWARE,0.0,0
1371297,2015-02-11,35,HOME AND KITCHEN I,12.0,1
2446552,2016-10-07,54,SCHOOL AND OFFICE SUPPLIES,0.0,0
45832,2013-01-26,44,POULTRY,666.253,0
753071,2014-02-28,39,FROZEN FOODS,68.0,0
1234855,2014-11-25,7,POULTRY,646.27,0
2067895,2016-03-09,30,HOME AND KITCHEN II,4.0,0
1849931,2015-11-07,15,HOME APPLIANCES,0.0,0
185663,2013-04-15,19,BREAD/BAKERY,169.0,0
2173936,2016-05-07,6,POULTRY,912.916,1
295937,2013-06-16,12,PET SUPPLIES,0.0,0
2528878,2016-11-23,15,"LIQUOR,WINE,BEER",18.0,2
1610663,2015-06-25,50,SEAFOOD,15.066,0
2993888,2017-08-12,12,PREPARED FOODS,17.0,0
2340087,2016-08-09,18,MEATS,91.643,0
2349050,2016-08-14,2,FROZEN FOODS,139.399,0
961161,2014-06-25,28,BEVERAGES,569.0,0
1787679,2015-10-03,19,BEVERAGES,4965.0,17
1226536,2014-11-21,23,PERSONAL CARE,103.0,0
1194685,2014-11-03,3,LADIESWEAR,76.0,0
2149962,2016-04-24,33,GROCERY I,4242.0,29
1229491,2014-11-22,7,EGGS,291.0,0
2654800,2017-02-02,48,HOME AND KITCHEN II,11.0,0
268677,2013-05-31,47,MEATS,931.739,0
1328466,2015-01-18,33,HOME CARE,0.0,0
274046,2013-06-03,48,HARDWARE,1.0,0
2896301,2017-06-18,24,MAGAZINES,14.0,0
2144128,2016-04-21,2,LADIESWEAR,14.0,0
1266259,2014-12-13,38,HOME AND KITCHEN II,14.0,0
131081,2013-03-15,37,BREAD/BAKERY,394.766,0
1751046,2015-09-12,40,AUTOMOTIVE,8.0,0
2227287,2016-06-06,52,HOME CARE,0.0,0
1480995,2015-04-14,13,LINGERIE,2.0,0
1402861,2015-03-01,20,SCHOOL AND OFFICE SUPPLIES,0.0,0
728992,2014-02-15,13,"LIQUOR,WINE,BEER",57.0,0
764866,2014-03-07,2,PERSONAL CARE,179.0,0
1665700,2015-07-26,45,PERSONAL CARE,819.0,0
1346086,2015-01-28,28,HOME AND KITCHEN II,11.0,0
2531547,2016-11-24,4,HOME CARE,231.0,9
1872277,2015-11-19,41,"LIQUOR,WINE,BEER",58.0,0
1433516,2015-03-18,30,PREPARED FOODS,30.0,0
2847569,2017-05-21,7,SEAFOOD,42.655,1
2142324,2016-04-20,19,PRODUCE,350.34,1
2112372,2016-04-03,29,DELI,343.864,0
2196556,2016-05-20,40,EGGS,120.0,1
151331,2013-03-26,54,PET SUPPLIES,0.0,0
311054,2013-06-24,36,PREPARED FOODS,27.214,0
2647202,2017-01-29,35,DAIRY,256.0,8
606477,2013-12-07,26,BEVERAGES,651.0,0
1344903,2015-01-27,44,LINGERIE,17.0,0
745909,2014-02-24,38,EGGS,143.0,0
1182942,2014-10-27,5,MEATS,316.375,0
1999399,2016-01-30,9,POULTRY,620.862,0
374989,2013-07-30,30,EGGS,0.0,0
742110,2014-02-22,31,CELEBRATION,0.0,0
704500,2014-02-01,26,HOME AND KITCHEN II,0.0,0
188126,2013-04-16,37,PET SUPPLIES,0.0,0
2799623,2017-04-25,12,BEAUTY,0.0,0
1602320,2015-06-21,18,BREAD/BAKERY,797.0,75
2602097,2017-01-04,2,HARDWARE,1.0,0
1078873,2014-08-30,30,BOOKS,0.0,0
2394112,2016-09-08,33,POULTRY,124.898,0
2244760,2016-06-16,43,BABY CARE,0.0,0
1314571,2015-01-10,43,HOME AND KITCHEN II,16.0,0
1274862,2014-12-18,3,CELEBRATION,18.0,0
2687336,2017-02-21,11,HARDWARE,0.0,0
2694504,2017-02-25,12,LINGERIE,4.0,0
2150635,2016-04-24,51,PERSONAL CARE,438.0,2
828501,2014-04-11,6,BEVERAGES,1550.0,0
986251,2014-07-09,31,GROCERY II,4.0,0
261883,2013-05-27,7,POULTRY,257.43,0
2342494,2016-08-10,35,"LIQUOR,WINE,BEER",9.0,0
1321310,2015-01-14,32,MAGAZINES,0.0,0
438148,2013-09-03,52,CLEANING,0.0,0
824338,2014-04-09,38,SCHOOL AND OFFICE SUPPLIES,0.0,0
688154,2014-01-23,18,BREAD/BAKERY,744.0,0
682529,2014-01-20,1,MAGAZINES,1.0,0
2598546,2017-01-02,2,PLAYERS AND ELECTRONICS,16.0,0
229064,2013-05-09,36,FROZEN FOODS,35.605,0
2099075,2016-03-26,6,FROZEN FOODS,261.185,0
2362354,2016-08-21,42,HOME AND KITCHEN II,18.0,1
253374,2013-05-23,19,AUTOMOTIVE,3.0,0
1880838,2015-11-24,32,BEVERAGES,723.0,1
101230,2013-02-26,49,LADIESWEAR,0.0,0
217810,2013-05-03,20,EGGS,0.0,0
34422,2013-01-20,25,BEVERAGES,1015.0,0
1417199,2015-03-09,23,HARDWARE,0.0,0
347349,2013-07-14,54,MEATS,85.695,0
2298654,2016-07-16,6,CELEBRATION,32.0,0
174202,2013-04-08,46,POULTRY,509.914,0
587170,2013-11-26,34,BABY CARE,0.0,0
544153,2013-11-02,27,HOME AND KITCHEN II,0.0,0
381144,2013-08-02,52,PLAYERS AND ELECTRONICS,0.0,0
79049,2013-02-14,27,HARDWARE,1.0,0
910056,2014-05-27,43,HOME AND KITCHEN I,0.0,0
349818,2013-07-16,24,HOME CARE,0.0,0
1523293,2015-05-07,5,GROCERY II,51.0,0
2541920,2016-11-30,30,PREPARED FOODS,17.0,7
2491603,2016-11-02,2,BOOKS,4.0,0
2647283,2017-01-29,37,MAGAZINES,4.0,0
1844696,2015-11-04,18,PREPARED FOODS,31.0,10
462848,2013-09-17,45,MAGAZINES,0.0,0
2844386,2017-05-20,18,HOME APPLIANCES,4.0,0
324092,2013-07-01,51,SEAFOOD,71.043,0
2659535,2017-02-05,30,SEAFOOD,8.0,0
1047120,2014-08-12,39,PRODUCE,0.0,0
945139,2014-06-16,28,LADIESWEAR,0.0,0
976170,2014-07-03,48,PRODUCE,1685.094,0
138378,2013-03-19,41,DELI,129.993,0
640948,2013-12-27,42,"LIQUOR,WINE,BEER",0.0,0
734703,2014-02-18,23,MEATS,834.959,0
85341,2013-02-17,53,BEVERAGES,0.0,0
1995857,2016-01-29,1,HOME APPLIANCES,1.0,0
377521,2013-07-31,51,BABY CARE,0.0,0
354787,2013-07-19,14,BOOKS,0.0,0
2438601,2016-10-03,32,AUTOMOTIVE,2.0,0
441510,2013-09-05,47,BEVERAGES,2386.0,0
424737,2013-08-27,26,PLAYERS AND ELECTRONICS,0.0,0
2657427,2017-02-04,22,BEVERAGES,1433.0,22
36779,2013-01-21,40,HOME APPLIANCES,0.0,0
583056,2013-11-24,19,GROCERY I,2638.0,0
2700422,2017-02-28,28,SEAFOOD,9.0,0
1889443,2015-11-29,23,POULTRY,310.928,0
1101073,2014-09-11,52,POULTRY,0.0,0
1552734,2015-05-24,26,HOME CARE,155.0,1
1933009,2015-12-23,46,BABY CARE,0.0,0
464861,2013-09-18,51,MAGAZINES,0.0,0
2046943,2016-02-26,42,LADIESWEAR,10.0,0
825430,2014-04-10,2,BABY CARE,0.0,0
417994,2013-08-23,37,HOME AND KITCHEN II,0.0,0
1941432,2015-12-29,32,DELI,118.0,0
1696250,2015-08-12,52,HOME APPLIANCES,0.0,0
2612156,2017-01-09,51,DAIRY,1376.0,23
2302893,2016-07-19,24,LINGERIE,10.0,0
2494402,2016-11-03,47,SCHOOL AND OFFICE SUPPLIES,7.0,0
792033,2014-03-22,32,AUTOMOTIVE,3.0,0
71313,2013-02-10,10,AUTOMOTIVE,5.0,0
1375864,2015-02-14,13,POULTRY,260.941,0
2640180,2017-01-25,38,HOME AND KITCHEN I,55.0,0
1601856,2015-06-20,54,BEVERAGES,1642.0,0
2655658,2017-02-03,22,HOME AND KITCHEN II,14.0,1
713814,2014-02-06,37,MEATS,249.795,0
831755,2014-04-13,46,MAGAZINES,0.0,0
1397785,2015-02-26,29,BOOKS,0.0,0
1427569,2015-03-15,14,"LIQUOR,WINE,BEER",0.0,0
1774620,2015-09-25,51,GROCERY I,4068.0,12
6490,2013-01-04,40,"LIQUOR,WINE,BEER",40.0,0
2125747,2016-04-10,53,LADIESWEAR,10.0,0
1764594,2015-09-20,20,HOME CARE,483.0,2
1447286,2015-03-26,18,BREAD/BAKERY,819.0,0
2785734,2017-04-17,22,CELEBRATION,5.0,0
63314,2013-02-05,35,LAWN AND GARDEN,0.0,0
168461,2013-04-05,35,PREPARED FOODS,6.0,0
294119,2013-06-15,11,MAGAZINES,0.0,0
1068433,2014-08-24,37,PERSONAL CARE,207.0,1
462492,2013-09-17,35,PRODUCE,0.0,0
149266,2013-03-25,47,CLEANING,1862.0,0
795372,2014-03-24,26,CELEBRATION,5.0,0
1606645,2015-06-23,39,CLEANING,1490.0,1
2145258,2016-04-21,50,PLAYERS AND ELECTRONICS,17.0,0
802030,2014-03-28,12,SCHOOL AND OFFICE SUPPLIES,0.0,0
2308668,2016-07-22,36,LINGERIE,0.0,0
392334,2013-08-09,17,PRODUCE,0.0,0
2607292,2017-01-07,15,POULTRY,159.021,0
1889822,2015-11-29,34,FROZEN FOODS,92.185,1
453630,2013-09-12,37,GROCERY I,2896.0,0
2506806,2016-11-10,45,PLAYERS AND ELECTRONICS,16.0,0
1577083,2015-06-07,1,GROCERY II,11.0,0
1642963,2015-07-13,8,PERSONAL CARE,282.0,0
1680513,2015-08-04,11,LINGERIE,22.0,1
1045338,2014-08-11,39,PRODUCE,0.0,0
2797042,2017-04-23,39,POULTRY,301.844,0
413506,2013-08-21,11,HOME AND KITCHEN II,0.0,0
2293177,2016-07-13,51,CLEANING,1394.0,10
15513,2013-01-09,44,BEVERAGES,4112.0,0
1551020,2015-05-23,28,LAWN AND GARDEN,2.0,0
234495,2013-05-12,38,PRODUCE,12.0,0
1003590,2014-07-19,18,PLAYERS AND ELECTRONICS,11.0,0
1745520,2015-09-09,35,HOME CARE,64.0,0
716063,2014-02-07,5,PREPARED FOODS,91.089,0
2782244,2017-04-15,24,HARDWARE,1.0,0
164644,2013-04-03,29,CLEANING,0.0,0
1289060,2014-12-27,28,HARDWARE,1.0,0
879284,2014-05-10,3,SEAFOOD,155.4,0
999175,2014-07-16,44,BABY CARE,0.0,0
577537,2013-11-21,14,BOOKS,0.0,0
2445385,2016-10-07,22,LADIESWEAR,0.0,0
1013532,2014-07-24,47,BEVERAGES,5051.0,0
1838231,2015-10-31,36,SEAFOOD,1.0,1
2567659,2016-12-14,52,POULTRY,0.0,0
105386,2013-03-01,16,HOME APPLIANCES,0.0,0
1928918,2015-12-21,31,BEAUTY,1.0,0
1230547,2014-11-23,36,EGGS,67.0,0
2900231,2017-06-20,34,PET SUPPLIES,6.0,0
2353629,2016-08-16,48,BEVERAGES,3600.0,48
790200,2014-03-21,30,HOME AND KITCHEN I,12.0,0
1816326,2015-10-19,22,CELEBRATION,8.0,0
2816857,2017-05-04,45,EGGS,298.0,2
750051,2014-02-26,53,PLAYERS AND ELECTRONICS,0.0,0
2268095,2016-06-29,48,BREAD/BAKERY,558.0,5
1691378,2015-08-10,16,PREPARED FOODS,22.0,0
2103621,2016-03-29,33,BEVERAGES,1453.0,3
135992,2013-03-18,24,SEAFOOD,44.264,0
2146462,2016-04-22,35,EGGS,108.0,0
1365404,2015-02-08,2,PREPARED FOODS,142.857,0
1501911,2015-04-25,5,HOME AND KITCHEN I,19.0,0
1989823,2016-01-25,4,"LIQUOR,WINE,BEER",42.0,0
1272640,2014-12-17,17,POULTRY,289.145,0
1033719,2014-08-05,13,PLAYERS AND ELECTRONICS,0.0,0
1966565,2016-01-12,37,PREPARED FOODS,106.457,0
1615044,2015-06-28,24,MEATS,418.342,0
860493,2014-04-29,52,HOME CARE,0.0,0
575660,2013-11-20,11,DAIRY,352.0,0
2129591,2016-04-13,12,BEAUTY,1.0,0
1605895,2015-06-23,18,HOME AND KITCHEN II,14.0,0
1256512,2014-12-08,15,BOOKS,0.0,0
2945346,2017-07-15,5,PRODUCE,1557.275,3
2644593,2017-01-28,12,CELEBRATION,10.0,0
1686053,2015-08-07,17,HOME APPLIANCES,0.0,0
2711507,2017-03-06,39,PREPARED FOODS,98.109,0
1084267,2014-09-02,31,LADIESWEAR,4.0,0
1082438,2014-09-01,30,BREAD/BAKERY,165.0,0
2289647,2016-07-11,52,DAIRY,0.0,0
2244131,2016-06-16,25,SEAFOOD,1.0,1
919139,2014-06-01,48,MAGAZINES,0.0,0
2521546,2016-11-19,1,HOME AND KITCHEN II,20.0,1
2149351,2016-04-24,16,POULTRY,99.569,1
2552860,2016-12-06,38,GROCERY II,22.0,0
1238988,2014-11-28,23,BEVERAGES,1340.0,3
109345,2013-03-03,27,HOME AND KITCHEN II,0.0,0
187458,2013-04-16,19,HOME CARE,0.0,0
1728957,2015-08-31,20,LINGERIE,5.0,0
2177038,2016-05-09,42,POULTRY,171.776,0
1570990,2015-06-03,38,PERSONAL CARE,427.0,5
169863,2013-04-06,25,GROCERY I,2569.0,0
1010598,2014-07-23,15,CELEBRATION,1.0,0
1937853,2015-12-27,31,PLAYERS AND ELECTRONICS,17.0,0
2377643,2016-08-30,21,PET SUPPLIES,0.0,0
2848919,2017-05-22,44,PREPARED FOODS,304.835,2
210076,2013-04-28,52,SCHOOL AND OFFICE SUPPLIES,0.0,0
1351735,2015-01-31,36,"LIQUOR,WINE,BEER",1177.0,0
977021,2014-07-04,22,MAGAZINES,0.0,0
2737726,2017-03-21,25,GROCERY II,14.0,0
1119879,2014-09-22,30,MEATS,48.641,0
583685,2013-11-24,36,HARDWARE,0.0,0
1389749,2015-02-21,52,LAWN AND GARDEN,0.0,0
1878700,2015-11-23,22,EGGS,70.0,12
2922828,2017-07-03,19,HOME CARE,260.0,21
560186,2013-11-11,27,FROZEN FOODS,71.04,0
528320,2013-10-24,32,MAGAZINES,0.0,0
1456095,2015-03-31,15,BEVERAGES,513.0,0
936956,2014-06-11,48,LAWN AND GARDEN,2.0,0
1787583,2015-10-03,16,CELEBRATION,9.0,0
898500,2014-05-21,2,DELI,215.663,0
2388254,2016-09-05,2,FROZEN FOODS,108.0,0
1283384,2014-12-23,19,HARDWARE,1.0,0
1864773,2015-11-15,31,DELI,323.571,0
2015637,2016-02-09,14,PRODUCE,400.762,76
1954,2013-01-02,14,CLEANING,1716.0,0
2004289,2016-02-02,46,BABY CARE,0.0,0
861825,2014-04-30,4,PRODUCE,7.0,0
163576,2013-04-02,48,POULTRY,738.183,0
1161218,2014-10-15,40,HARDWARE,0.0,0
303698,2013-06-20,3,SEAFOOD,47.367,0
1459217,2015-04-01,51,MAGAZINES,3.0,0
2494749,2016-11-03,8,HOME AND KITCHEN I,41.0,0
973142,2014-07-02,14,BREAD/BAKERY,190.0,0
2115382,2016-04-05,13,HOME AND KITCHEN II,6.0,0
2329445,2016-08-03,2,DAIRY,927.0,3
2040882,2016-02-23,22,PRODUCE,422.755,77
2497820,2016-11-05,43,HOME APPLIANCES,0.0,0
1077998,2014-08-29,6,LAWN AND GARDEN,6.0,0
630979,2013-12-21,13,LADIESWEAR,0.0,0
433567,2013-09-01,24,GROCERY II,10.0,0
73157,2013-02-11,11,PREPARED FOODS,49.0,0
1908826,2015-12-10,18,CLEANING,521.0,2
1643673,2015-07-14,28,DELI,431.568,0
851986,2014-04-25,14,PERSONAL CARE,166.0,0
1697993,2015-08-13,51,FROZEN FOODS,183.637,1
1375841,2015-02-14,13,BREAD/BAKERY,150.0,0
656599,2014-01-05,31,SCHOOL AND OFFICE SUPPLIES,3.0,0
1884282,2015-11-26,29,HOME AND KITCHEN I,18.0,0
514612,2013-10-16,48,EGGS,93.0,0
1607809,2015-06-24,21,HOME AND KITCHEN II,0.0,0
2640772,2017-01-25,54,GROCERY II,18.0,0
1299124,2015-01-02,10,GROCERY II,11.0,0
1697387,2015-08-13,34,SEAFOOD,2.0,0
2307954,2016-07-22,17,AUTOMOTIVE,9.0,0
440282,2013-09-05,12,PREPARED FOODS,13.0,0
1944075,2015-12-30,7,GROCERY I,3385.0,0
333115,2013-07-06,6,GROCERY II,26.0,0
901226,2014-05-22,45,PREPARED FOODS,272.478,0
117321,2013-03-07,50,CELEBRATION,0.0,0
1528710,2015-05-10,51,HOME CARE,342.0,2
2157925,2016-04-28,7,"LIQUOR,WINE,BEER",124.0,1
1286566,2014-12-24,8,POULTRY,596.24896,0
2310111,2016-07-23,27,GROCERY I,3568.0,43
256248,2013-05-24,49,BEVERAGES,2569.0,0
1220967,2014-11-18,18,AUTOMOTIVE,1.0,0
2469637,2016-10-20,52,HOME AND KITCHEN II,0.0,0
2702040,2017-03-01,24,AUTOMOTIVE,1.0,0
2423932,2016-09-25,20,HOME AND KITCHEN II,15.0,1
1363066,2015-02-06,54,BABY CARE,0.0,0
1154014,2014-10-11,39,BOOKS,0.0,0
2884299,2017-06-11,38,AUTOMOTIVE,8.0,0
2324147,2016-07-31,20,MAGAZINES,3.0,0
981776,2014-07-06,6,PET SUPPLIES,14.0,0
2769091,2017-04-07,54,POULTRY,62.434,5
2723605,2017-03-13,29,HOME AND KITCHEN II,13.0,0
2379551,2016-08-31,25,LAWN AND GARDEN,0.0,0
550453,2013-11-05,53,GROCERY II,0.0,0
723145,2014-02-11,49,HOME AND KITCHEN II,0.0,0
834487,2014-04-15,23,HOME AND KITCHEN II,0.0,0
1159555,2014-10-14,44,BABY CARE,0.0,0
2707045,2017-03-04,14,"LIQUOR,WINE,BEER",64.0,2
466727,2013-09-19,54,DAIRY,40.0,0
2602518,2017-01-04,31,CELEBRATION,7.0,0
2724320,2017-03-13,49,BREAD/BAKERY,1437.2,6
1655440,2015-07-20,8,POULTRY,637.177,0
493547,2013-10-04,7,SEAFOOD,85.994,0
2561434,2016-12-11,29,CLEANING,1380.0,24
987477,2014-07-10,16,HOME CARE,224.0,0
53527,2013-01-31,11,BABY CARE,0.0,0
996335,2014-07-15,14,SEAFOOD,0.0,0
2258451,2016-06-24,27,PRODUCE,2048.294,1
1881707,2015-11-24,7,HARDWARE,3.0,0
1529182,2015-05-11,15,POULTRY,114.152,0
2839436,2017-05-17,29,HOME APPLIANCES,0.0,0
854207,2014-04-26,27,BEAUTY,3.0,0
2699793,2017-02-28,10,PRODUCE,291.787,59
2079993,2016-03-16,20,BEVERAGES,2109.0,26
1648206,2015-07-16,54,LINGERIE,0.0,0
2112691,2016-04-03,37,SCHOOL AND OFFICE SUPPLIES,2.0,0
2900683,2017-06-20,47,HOME AND KITCHEN II,46.0,2
202996,2013-04-24,54,GROCERY II,5.0,0
1682712,2015-08-05,23,DELI,115.251,1
587220,2013-11-26,35,HOME CARE,0.0,0
306542,2013-06-22,10,BREAD/BAKERY,99.0,0
658927,2014-01-06,47,HOME AND KITCHEN II,26.0,0
706796,2014-02-02,40,BEAUTY,2.0,0
2555563,2016-12-08,14,EGGS,24.0,0
540776,2013-10-31,32,BREAD/BAKERY,96.0,0
598602,2013-12-02,54,HOME AND KITCHEN I,0.0,0
1891710,2015-11-30,37,HOME CARE,253.0,0
984964,2014-07-08,45,GROCERY II,78.0,0
1062996,2014-08-21,35,AUTOMOTIVE,13.0,0
729937,2014-02-15,4,EGGS,223.0,0
1509786,2015-04-30,21,BEVERAGES,0.0,0
1025001,2014-07-31,19,LINGERIE,1.0,0
1243539,2014-11-30,50,AUTOMOTIVE,22.0,0
1471730,2015-04-08,52,PREPARED FOODS,0.0,0
1271357,2014-12-16,30,SEAFOOD,3.0,0
1401309,2015-02-28,27,PRODUCE,30.0,0
350130,2013-07-16,33,AUTOMOTIVE,8.0,0
1909973,2015-12-10,49,SEAFOOD,70.497,0
2398127,2016-09-10,46,HOME APPLIANCES,0.0,0
261059,2013-05-27,33,PREPARED FOODS,34.0,0
1548743,2015-05-22,14,LAWN AND GARDEN,0.0,0
1449027,2015-03-27,16,PRODUCE,0.0,0
430093,2013-08-30,27,BOOKS,0.0,0
1289825,2014-12-27,49,LAWN AND GARDEN,6.0,0
2163483,2016-05-02,13,BEVERAGES,2342.0,22
321829,2013-06-30,39,GROCERY II,30.0,0
1183892,2014-10-28,27,HOME APPLIANCES,0.0,0
222114,2013-05-05,40,MEATS,97.057,0
1336055,2015-01-22,46,HOME APPLIANCES,0.0,0
503538,2013-10-10,37,MEATS,288.727,0
731027,2014-02-16,20,FROZEN FOODS,0.0,0
2314068,2016-07-25,38,DELI,113.268,2
1418758,2015-03-10,17,"LIQUOR,WINE,BEER",17.0,0
2699279,2017-02-27,46,FROZEN FOODS,223.281,3
2604839,2017-01-05,46,HOME APPLIANCES,1.0,0
2693623,2017-02-24,37,SCHOOL AND OFFICE SUPPLIES,2.0,0
1974938,2016-01-17,22,LAWN AND GARDEN,0.0,0
2595776,2016-12-31,41,PREPARED FOODS,86.298004,2
878738,2014-05-10,15,HARDWARE,1.0,0
224226,2013-05-06,5,MEATS,346.624,0
1718089,2015-08-25,16,EGGS,297.0,2
1975746,2016-01-17,45,BEVERAGES,15493.0,0
454931,2013-09-13,23,PET SUPPLIES,0.0,0
2882513,2017-06-10,37,PREPARED FOODS,44.453,0
1917587,2015-12-15,13,MAGAZINES,0.0,0
796037,2014-03-24,44,FROZEN FOODS,392.455,0
775389,2014-03-13,15,LINGERIE,3.0,0
352638,2013-07-17,53,AUTOMOTIVE,0.0,0
50413,2013-01-29,23,"LIQUOR,WINE,BEER",18.0,0
251749,2013-05-22,22,PERSONAL CARE,0.0,0
139173,2013-03-20,14,GROCERY I,2085.0,0
2671480,2017-02-12,16,SCHOOL AND OFFICE SUPPLIES,0.0,0
2847283,2017-05-21,49,EGGS,717.0,1
1203236,2014-11-08,2,MAGAZINES,2.0,0
1111655,2014-09-17,5,HOME APPLIANCES,0.0,0
865777,2014-05-02,50,"LIQUOR,WINE,BEER",145.0,0
2360112,2016-08-20,3,HOME CARE,612.0,5
1884427,2015-11-26,32,POULTRY,62.852,0
2502525,2016-11-08,26,BEVERAGES,1023.0,38
1368652,2015-02-10,11,EGGS,189.0,0
1674235,2015-07-31,35,GROCERY II,4.0,0
1184804,2014-10-28,52,BREAD/BAKERY,0.0,0
2230064,2016-06-08,30,MAGAZINES,0.0,0
2793858,2017-04-21,5,GROCERY I,2503.0,77
625332,2013-12-17,54,HOME AND KITCHEN I,0.0,0
2352976,2016-08-16,3,EGGS,447.0,0
2773196,2017-04-10,20,DAIRY,918.0,9
2159182,2016-04-29,41,PERSONAL CARE,193.0,4
2875460,2017-06-06,4,BREAD/BAKERY,336.96,0
2346700,2016-08-12,53,BOOKS,0.0,0
2809507,2017-04-30,39,LADIESWEAR,13.0,0
1079026,2014-08-30,34,PERSONAL CARE,395.0,0
516800,2013-10-18,1,LAWN AND GARDEN,7.0,0
675476,2014-01-16,11,SEAFOOD,19.0,0
361588,2013-07-22,54,CLEANING,769.0,0
2572505,2016-12-17,39,MAGAZINES,19.0,0
1128174,2014-09-27,14,BEVERAGES,1861.0,1
2986204,2017-08-07,47,BABY CARE,0.0,0
2192688,2016-05-18,32,BEVERAGES,761.0,13
2717797,2017-03-10,16,HOME AND KITCHEN II,11.0,1
1587712,2015-06-12,8,HOME AND KITCHEN II,32.0,0
557664,2013-11-09,6,PRODUCE,48.0,0
1428293,2015-03-15,34,LAWN AND GARDEN,1.0,0
335083,2013-07-08,11,BABY CARE,0.0,0
634250,2013-12-22,54,MAGAZINES,0.0,0
1967760,2016-01-13,21,BEVERAGES,1514.0,0
1069540,2014-08-25,19,EGGS,122.0,1
2766024,2017-04-06,19,PRODUCE,354.57,1
1842142,2015-11-02,46,HOME AND KITCHEN II,39.0,0
264001,2013-05-29,17,BABY CARE,0.0,0
2798246,2017-04-24,23,FROZEN FOODS,37.0,3
2082552,2016-03-17,41,LINGERIE,8.0,1
1466650,2015-04-06,10,SCHOOL AND OFFICE SUPPLIES,0.0,0
30525,2013-01-18,16,AUTOMOTIVE,2.0,0
1968646,2016-01-13,45,SCHOOL AND OFFICE SUPPLIES,7.0,0
1723085,2015-08-27,6,MAGAZINES,1.0,0
347378,2013-07-14,6,LAWN AND GARDEN,0.0,0
469761,2013-09-21,4,CELEBRATION,0.0,0
2669594,2017-02-11,13,PET SUPPLIES,1.0,0
2201716,2016-05-23,35,"LIQUOR,WINE,BEER",61.0,0
741286,2014-02-21,9,CLEANING,991.0,0
1754037,2015-09-14,24,LINGERIE,8.0,1
2662894,2017-02-07,25,PERSONAL CARE,96.0,4
2689221,2017-02-22,14,HOME CARE,251.0,8
1304102,2015-01-04,5,DAIRY,884.0,5
1325465,2015-01-16,49,LAWN AND GARDEN,12.0,0
1417427,2015-03-09,3,FROZEN FOODS,337.041,0
2453145,2016-10-11,4,MEATS,290.019,0
1192713,2014-11-02,24,PLAYERS AND ELECTRONICS,13.0,0
170027,2013-04-06,3,FROZEN FOODS,468.779,0
2079214,2016-03-15,48,HOME AND KITCHEN II,10.0,0
2653733,2017-02-02,19,BREAD/BAKERY,152.0,3
1568235,2015-06-02,11,DELI,664.508,1
42553,2013-01-24,52,HOME AND KITCHEN II,0.0,0
510881,2013-10-14,43,DAIRY,60.0,0
2154574,2016-04-27,13,BOOKS,0.0,0
1207133,2014-11-10,29,PET SUPPLIES,0.0,0
1102952,2014-09-12,6,PET SUPPLIES,5.0,0
1825388,2015-10-24,26,PET SUPPLIES,0.0,0
197368,2013-04-21,46,POULTRY,1344.1951,0
2031702,2016-02-18,15,MEATS,135.911,13
1625874,2015-07-04,28,PRODUCE,2147.101,3
2885566,2017-06-12,23,GROCERY II,30.0,0
1727893,2015-08-30,40,GROCERY II,25.0,0
2935372,2017-07-10,20,"LIQUOR,WINE,BEER",28.0,1
2575316,2016-12-19,18,PREPARED FOODS,54.504,1
291455,2013-06-13,36,SEAFOOD,2.0,0
914303,2014-05-30,13,BREAD/BAKERY,75.0,0
209494,2013-04-28,37,EGGS,190.0,0
1760888,2015-09-18,17,DAIRY,339.0,0
1117936,2014-09-21,26,POULTRY,225.077,0
324279,2013-07-01,8,LINGERIE,34.0,0
122408,2013-03-10,43,FROZEN FOODS,17.607,0
2197670,2016-05-21,22,BEAUTY,0.0,0
71026,2013-02-09,51,EGGS,397.0,0
1935446,2015-12-26,14,PREPARED FOODS,75.0,0
1827155,2015-10-25,26,FROZEN FOODS,60.793,0
1611405,2015-06-26,22,HOME AND KITCHEN I,0.0,0
1103339,2014-09-13,17,HOME APPLIANCES,0.0,0
1185210,2014-10-29,14,HOME AND KITCHEN I,20.0,0
2320965,2016-07-29,31,DELI,317.678,56
2001351,2016-02-01,14,AUTOMOTIVE,3.0,0
2140919,2016-04-19,3,FROZEN FOODS,249.0,2
2876849,2017-06-07,29,DAIRY,787.0,144
1231779,2014-11-24,20,LINGERIE,0.0,0
1403399,2015-03-01,36,DAIRY,699.0,0
1773274,2015-09-25,14,LADIESWEAR,0.0,0
2646016,2017-01-28,51,EGGS,313.0,2
2582519,2016-12-23,20,BREAD/BAKERY,226.0,0
1887596,2015-11-28,21,PREPARED FOODS,99.24,0
2761511,2017-04-03,42,BREAD/BAKERY,568.156,1
866301,2014-05-03,16,HOME CARE,0.0,0
1980007,2016-01-20,15,CLEANING,952.0,1
1525448,2015-05-09,10,MAGAZINES,0.0,0
2802046,2017-04-26,3,HOME AND KITCHEN II,63.0,5
2801628,2017-04-26,18,PLAYERS AND ELECTRONICS,9.0,0
804997,2014-03-29,45,POULTRY,2044.443,0
1254116,2014-12-06,47,HOME APPLIANCES,0.0,0
2648166,2017-01-30,12,HOME AND KITCHEN I,10.0,1
711220,2014-02-05,15,BOOKS,0.0,0
1280753,2014-12-21,44,MAGAZINES,13.0,0
2564030,2016-12-12,50,PREPARED FOODS,105.393,2
326480,2013-07-03,2,FROZEN FOODS,107.434,0
1004789,2014-07-19,51,BREAD/BAKERY,1148.096,1
1100953,2014-09-11,5,CLEANING,825.0,1
1002576,2014-07-18,4,BEVERAGES,1934.0,1
424349,2013-08-27,16,BEAUTY,0.0,0
240549,2013-05-15,9,GROCERY I,4518.0,0
2480633,2016-10-27,11,MAGAZINES,1.0,0
1696414,2015-08-12,8,HOME AND KITCHEN II,10.0,0
800624,2014-03-27,23,FROZEN FOODS,49.0,0
2804841,2017-04-27,9,CELEBRATION,5.0,0
2969372,2017-07-29,24,SEAFOOD,22.713,0
1255854,2014-12-07,46,CELEBRATION,28.0,0
1440600,2015-03-22,3,HOME CARE,0.0,0
1576712,2015-06-06,49,BREAD/BAKERY,1493.8,0
123531,2013-03-11,25,GROCERY I,1544.0,0
1266926,2014-12-13,7,MAGAZINES,2.0,0
1646478,2015-07-15,7,DELI,158.691,0
2960310,2017-07-24,20,GROCERY I,4460.156,60
1450489,2015-03-27,8,CLEANING,1128.0,2
900391,2014-05-22,22,LADIESWEAR,0.0,0
682208,2014-01-19,5,SEAFOOD,15.531,0
1481185,2015-04-14,19,GROCERY II,12.0,0
2750376,2017-03-28,3,MEATS,579.229,0
1630966,2015-07-07,21,CLEANING,0.0,0
213842,2013-05-01,1,BEAUTY,1.0,0
863134,2014-05-01,27,LADIESWEAR,0.0,0
1653319,2015-07-19,48,LADIESWEAR,57.0,0
1615690,2015-06-28,42,EGGS,0.0,0
1117220,2014-09-20,7,BREAD/BAKERY,579.489,0
2934787,2017-07-09,53,SCHOOL AND OFFICE SUPPLIES,2.0,0
101295,2013-02-26,50,HOME CARE,0.0,0
1576413,2015-06-06,40,BEVERAGES,4410.0,1
2970849,2017-07-30,16,MEATS,62.681,0
83111,2013-02-16,40,HOME APPLIANCES,0.0,0
1849030,2015-11-06,4,CLEANING,928.0,1
1490984,2015-04-19,43,FROZEN FOODS,32.435,0
1682557,2015-08-05,19,LADIESWEAR,7.0,0
1491838,2015-04-20,18,CLEANING,621.0,3
2894878,2017-06-17,34,LADIESWEAR,13.0,0
2810123,2017-04-30,7,DAIRY,1395.0,28
1187744,2014-10-30,35,DAIRY,132.0,0
2619038,2017-01-13,44,PET SUPPLIES,28.0,0
1165047,2014-10-17,48,HOME AND KITCHEN I,17.0,0
960852,2014-06-25,19,MEATS,118.413,0
2843083,2017-05-19,31,BABY CARE,0.0,0
69182,2013-02-08,5,HARDWARE,2.0,0
1424078,2015-03-13,16,PREPARED FOODS,51.0,0
1746999,2015-09-10,27,GROCERY I,2372.0,4
72781,2013-02-10,50,HOME AND KITCHEN II,0.0,0
2737665,2017-03-21,23,HOME CARE,168.0,3
2853711,2017-05-25,3,BEVERAGES,7508.0,32
2468915,2016-10-20,32,LAWN AND GARDEN,0.0,0
663388,2014-01-09,22,"LIQUOR,WINE,BEER",0.0,0
2543251,2016-12-01,19,CLEANING,749.0,5
1915493,2015-12-13,54,DAIRY,260.0,2
1270100,2014-12-15,45,PREPARED FOODS,335.521,0
82948,2013-02-16,36,LADIESWEAR,0.0,0
1930927,2015-12-22,37,SCHOOL AND OFFICE SUPPLIES,0.0,0
730289,2014-02-15,49,SEAFOOD,68.234,0
1726678,2015-08-29,7,LADIESWEAR,5.0,0
616340,2013-12-12,51,SEAFOOD,8.687,0
1895946,2015-12-02,6,PRODUCE,3926.585,189
1114867,2014-09-19,4,POULTRY,547.256,36
1982731,2016-01-21,40,PERSONAL CARE,293.0,1
2676436,2017-02-14,6,BOOKS,0.0,0
1811869,2015-10-16,47,BOOKS,0.0,0
11453,2013-01-07,30,BEAUTY,0.0,0
842075,2014-04-19,36,HARDWARE,0.0,0
2128155,2016-04-12,21,HOME CARE,169.0,1
479485,2013-09-27,12,POULTRY,65.406,0
1605709,2015-06-23,12,POULTRY,121.474,0
1171400,2014-10-21,26,SEAFOOD,1.0,0
293965,2013-06-14,8,BABY CARE,0.0,0
1275788,2014-12-18,6,DAIRY,782.0,1
735545,2014-02-18,47,DAIRY,1539.0,0
1987725,2016-01-24,31,BEVERAGES,2904.0,2
367366,2013-07-26,17,EGGS,46.0,0
504052,2013-10-10,51,EGGS,261.0,0
113026,2013-03-05,30,BABY CARE,0.0,0
2190352,2016-05-17,17,EGGS,134.0,2
2126116,2016-04-11,14,PERSONAL CARE,281.0,0
1195810,2014-11-04,11,"LIQUOR,WINE,BEER",10.0,0
1965128,2016-01-11,47,FROZEN FOODS,236.524,4
312328,2013-06-25,22,HOME AND KITCHEN II,0.0,0
1867028,2015-11-16,44,LAWN AND GARDEN,4.0,0
2894646,2017-06-17,28,HOME CARE,363.0,16
2083019,2016-03-17,54,PET SUPPLIES,0.0,0
1986456,2016-01-23,45,LINGERIE,11.0,0
860971,2014-04-30,17,BABY CARE,0.0,0
1085267,2014-09-03,1,PREPARED FOODS,100.09,1
605747,2013-12-06,54,SEAFOOD,0.0,0
746265,2014-02-24,48,BEVERAGES,1595.0,0
2120996,2016-04-08,20,LAWN AND GARDEN,5.0,0
2443906,2016-10-06,30,PERSONAL CARE,85.0,5
2862918,2017-05-30,38,BEVERAGES,1785.0,32
1196417,2014-11-04,29,BEAUTY,0.0,0
534475,2013-10-27,6,CLEANING,1543.0,0
2730248,2017-03-17,15,PET SUPPLIES,2.0,1
1079896,2014-08-31,1,BOOKS,0.0,0
2623713,2017-01-16,26,HOME AND KITCHEN I,43.0,13
1004007,2014-07-19,3,HOME AND KITCHEN I,91.0,0
2257075,2016-06-23,39,CLEANING,911.0,11
428135,2013-08-29,21,PET SUPPLIES,0.0,0
2247798,2016-06-18,29,BEVERAGES,2966.0,20
2509026,2016-11-11,9,BEVERAGES,2467.0,45
2460962,2016-10-16,1,LAWN AND GARDEN,8.0,0
836312,2014-04-16,24,PET SUPPLIES,0.0,0
1394366,2015-02-24,32,HOME APPLIANCES,0.0,0
631290,2013-12-21,22,AUTOMOTIVE,0.0,0
822120,2014-04-08,26,MEATS,177.23,0
1708994,2015-08-20,10,MAGAZINES,0.0,0
1484915,2015-04-16,23,HARDWARE,0.0,0
736964,2014-02-19,37,DAIRY,1090.0,0
1758598,2015-09-16,51,POULTRY,840.707,0
1235157,2014-11-26,16,AUTOMOTIVE,5.0,0
607255,2013-12-07,47,"LIQUOR,WINE,BEER",390.0,0
290880,2013-06-13,20,HOME CARE,0.0,0
608538,2013-12-08,33,HOME CARE,0.0,0
2675042,2017-02-14,16,PREPARED FOODS,27.0,1
2389046,2016-09-05,41,FROZEN FOODS,89.595,0
2214742,2016-05-30,50,GROCERY II,44.0,0
2264872,2016-06-27,8,HOME AND KITCHEN II,30.0,1
1244835,2014-12-01,37,DELI,161.498,4
2775441,2017-04-11,33,DELI,121.0,2
1465200,2015-04-05,20,AUTOMOTIVE,13.0,0
1298729,2015-01-01,49,HARDWARE,0.0,0
1295214,2014-12-30,5,PRODUCE,2708.679,0
649037,2014-01-01,2,PET SUPPLIES,0.0,0
2163106,2016-05-01,51,"LIQUOR,WINE,BEER",0.0,0
2777137,2017-04-12,30,"LIQUOR,WINE,BEER",5.0,0
2158370,2016-04-29,2,BREAD/BAKERY,599.0,3
675349,2014-01-15,9,BOOKS,0.0,0
60063,2013-02-03,44,BEVERAGES,6336.0,0
541386,2013-10-31,49,LINGERIE,4.0,0
1569302,2015-06-02,40,LAWN AND GARDEN,0.0,0
2837706,2017-05-16,30,BEVERAGES,1232.0,23
1297,2013-01-01,45,EGGS,0.0,0
2392828,2016-09-07,47,SCHOOL AND OFFICE SUPPLIES,173.0,7
280410,2013-06-07,27,DELI,177.09,0
790115,2014-03-21,28,PREPARED FOODS,39.091,0
1006601,2014-07-20,52,BEAUTY,0.0,0
1610794,2015-06-25,54,SCHOOL AND OFFICE SUPPLIES,0.0,0
11504,2013-01-07,31,LAWN AND GARDEN,0.0,0
1457122,2015-03-31,43,CLEANING,1259.0,0
658059,2014-01-06,23,CELEBRATION,6.0,0
1645175,2015-07-15,2,PET SUPPLIES,10.0,0
2662722,2017-02-07,20,HOME CARE,293.0,10
659378,2014-01-07,10,BREAD/BAKERY,114.0,0
30971,2013-01-18,28,HOME APPLIANCES,0.0,0
2751521,2017-03-29,12,HARDWARE,2.0,0
358073,2013-07-20,6,MAGAZINES,0.0,0
71635,2013-02-10,19,PERSONAL CARE,39.0,0
745984,2014-02-24,4,LADIESWEAR,0.0,0
953942,2014-06-21,25,FROZEN FOODS,161.0,0
2110732,2016-04-02,32,LADIESWEAR,0.0,0
530584,2013-10-25,46,EGGS,117.0,0
1591911,2015-06-15,25,MEATS,167.863,2
1772460,2015-09-24,40,PRODUCE,734.344,4
2019070,2016-02-11,10,SCHOOL AND OFFICE SUPPLIES,0.0,0
2012194,2016-02-07,18,LADIESWEAR,0.0,0
2586912,2016-12-26,43,DELI,348.451,8
1047625,2014-08-12,53,CLEANING,402.0,0
1779965,2015-09-28,51,FROZEN FOODS,193.363,1
611790,2013-12-10,25,BEVERAGES,556.0,0
77757,2013-02-13,40,DELI,149.0,0
217469,2013-05-03,10,SEAFOOD,2.0,0
2114230,2016-04-04,30,LADIESWEAR,0.0,0
2566126,2016-12-14,10,GROCERY II,2.0,0
2657242,2017-02-04,17,HOME AND KITCHEN II,42.0,0
700741,2014-01-30,20,LADIESWEAR,0.0,0
164136,2013-04-03,14,PLAYERS AND ELECTRONICS,0.0,0
460973,2013-09-16,42,PREPARED FOODS,0.0,0
1118890,2014-09-21,52,PERSONAL CARE,0.0,0
299873,2013-06-18,23,BEAUTY,1.0,0
569112,2013-11-16,27,PLAYERS AND ELECTRONICS,0.0,0
360179,2013-07-22,15,HOME APPLIANCES,0.0,0
2395815,2016-09-09,31,HOME AND KITCHEN I,18.0,0
1346516,2015-01-28,4,HOME APPLIANCES,0.0,0
483856,2013-09-29,35,EGGS,59.0,0
631963,2013-12-21,40,GROCERY II,5.0,0
605975,2013-12-07,11,PREPARED FOODS,41.0,0
2841890,2017-05-18,47,PREPARED FOODS,162.385,2
1061227,2014-08-20,35,GROCERY II,2.0,0
2317390,2016-07-27,30,SCHOOL AND OFFICE SUPPLIES,0.0,0
2055411,2016-03-02,30,CELEBRATION,5.0,0
2385300,2016-09-03,36,PLAYERS AND ELECTRONICS,13.0,0
1964439,2016-01-11,28,HOME AND KITCHEN I,19.0,0
275905,2013-06-04,5,PERSONAL CARE,185.0,0
172266,2013-04-07,42,CELEBRATION,0.0,0
1642852,2015-07-13,54,GROCERY II,20.0,0
1728273,2015-08-30,50,PRODUCE,3029.876,1
2395251,2016-09-09,16,GROCERY I,1881.0,51
2846353,2017-05-21,23,BOOKS,0.0,0
1671378,2015-07-29,54,PLAYERS AND ELECTRONICS,2.0,0
2426382,2016-09-26,39,MEATS,137.869,1
1985162,2016-01-23,1,HARDWARE,1.0,0
1519762,2015-05-05,50,GROCERY II,65.0,1
1492250,2015-04-20,29,MAGAZINES,1.0,0
636902,2013-12-24,3,BEAUTY,5.0,0
2112032,2016-04-03,19,SEAFOOD,18.0,0
346036,2013-07-14,18,SCHOOL AND OFFICE SUPPLIES,0.0,0
2343746,2016-08-11,20,LAWN AND GARDEN,0.0,0
1518683,2015-05-05,20,MAGAZINES,0.0,0
2571375,2016-12-16,8,HOME AND KITCHEN I,74.0,4
2883853,2017-06-11,25,HOME AND KITCHEN II,24.0,2
460061,2013-09-16,18,DAIRY,264.0,0
1697302,2015-08-13,32,GROCERY II,2.0,0
183804,2013-04-14,16,PLAYERS AND ELECTRONICS,0.0,0
189936,2013-04-17,38,LINGERIE,18.0,0
1796844,2015-10-08,25,PLAYERS AND ELECTRONICS,3.0,0
1537578,2015-05-15,50,DELI,470.856,61
2512622,2016-11-14,1,BEAUTY,8.0,1
231653,2013-05-10,9,PET SUPPLIES,0.0,0
2036570,2016-02-20,51,DAIRY,1634.0,0
1308779,2015-01-07,30,SEAFOOD,1.0,0
2819055,2017-05-05,7,PRODUCE,4969.597,2
2988336,2017-08-08,7,LINGERIE,10.0,0
2282969,2016-07-08,15,PREPARED FOODS,44.0,0
2722925,2017-03-13,1,PREPARED FOODS,128.984,0
960255,2014-06-24,51,LINGERIE,2.0,0
1808212,2015-10-14,44,EGGS,563.0,0
2506858,2016-11-10,47,GROCERY II,29.0,0
1666953,2015-07-27,30,MEATS,55.132,0
1349549,2015-01-30,25,HARDWARE,1.0,0
462625,2013-09-17,39,SCHOOL AND OFFICE SUPPLIES,0.0,0
2377931,2016-08-30,3,HOME APPLIANCES,0.0,0
2918191,2017-06-30,39,BABY CARE,0.0,0
2536445,2016-11-27,27,SEAFOOD,34.651,0
1004827,2014-07-19,52,EGGS,0.0,0
2546153,2016-12-02,5,BREAD/BAKERY,306.465,5
2170964,2016-05-06,22,PET SUPPLIES,2.0,0
2448731,2016-10-09,16,SEAFOOD,1.0,0
467150,2013-09-20,17,BEAUTY,2.0,0
960986,2014-06-25,22,PET SUPPLIES,0.0,0
1697064,2015-08-13,26,CELEBRATION,1.0,0
1610218,2015-06-25,39,HOME AND KITCHEN II,19.0,0
2888726,2017-06-14,12,BREAD/BAKERY,199.0,2
30258,2013-01-17,8,PRODUCE,0.0,0
1986029,2016-01-23,33,MAGAZINES,2.0,0
1681607,2015-08-04,41,PET SUPPLIES,7.0,0
2272932,2016-07-02,33,MEATS,308.218,1
1010832,2014-07-23,21,DELI,0.0,0
2010667,2016-02-06,25,EGGS,610.0,0
2800889,2017-04-25,47,HARDWARE,2.0,0
2702653,2017-03-01,40,LADIESWEAR,0.0,0
1653315,2015-07-19,48,HOME AND KITCHEN I,70.0,0
506189,2013-10-12,12,BEAUTY,1.0,0
2460615,2016-10-15,5,BEVERAGES,1834.0,11
1507667,2015-04-29,11,PREPARED FOODS,51.0,0
1072391,2014-08-26,48,MAGAZINES,0.0,0
1577396,2015-06-07,18,PREPARED FOODS,73.0,0
2073174,2016-03-12,29,HOME AND KITCHEN I,24.0,0
2144150,2016-04-21,20,DAIRY,592.0,8
194653,2013-04-20,20,LADIESWEAR,0.0,0
715352,2014-02-07,30,FROZEN FOODS,31.0,0
729996,2014-02-15,41,BEVERAGES,1175.0,0
1961218,2016-01-09,37,POULTRY,278.394,1
2014147,2016-02-08,22,PERSONAL CARE,110.0,0
508399,2013-10-13,24,BABY CARE,0.0,0
868066,2014-05-04,16,BABY CARE,0.0,0
1109429,2014-09-16,38,BEAUTY,0.0,0
1282973,2014-12-22,7,SEAFOOD,54.760998,0
2258292,2016-06-24,23,BEVERAGES,1100.0,3
1120672,2014-09-22,52,PERSONAL CARE,0.0,0
1738708,2015-09-05,44,BOOKS,0.0,0
1357027,2015-02-03,35,BABY CARE,0.0,0
1634352,2015-07-09,16,PLAYERS AND ELECTRONICS,2.0,0
578628,2013-11-21,44,CELEBRATION,0.0,0
1845414,2015-11-04,38,LINGERIE,10.0,0
107734,2013-03-02,31,"LIQUOR,WINE,BEER",51.0,0
439669,2013-09-04,45,EGGS,389.0,0
965577,2014-06-27,50,PRODUCE,4.0,0
109597,2013-03-03,34,BOOKS,0.0,0
2414147,2016-09-19,45,SEAFOOD,68.91,1
419575,2013-08-24,31,GROCERY II,10.0,0
865728,2014-05-02,5,CELEBRATION,0.0,0
1106975,2014-09-15,19,MAGAZINES,1.0,0
189599,2013-04-17,29,HARDWARE,0.0,0
1241592,2014-11-29,46,AUTOMOTIVE,13.0,0
1067827,2014-08-24,20,GROCERY II,0.0,0
1359720,2015-02-05,10,LINGERIE,7.0,0
2357482,2016-08-18,6,POULTRY,418.093,1
1351587,2015-01-31,32,CELEBRATION,0.0,0
407848,2013-08-17,52,BABY CARE,0.0,0
1714515,2015-08-23,16,AUTOMOTIVE,13.0,0
2615172,2017-01-11,36,LINGERIE,0.0,0
487635,2013-10-01,40,PLAYERS AND ELECTRONICS,0.0,0
1511518,2015-05-01,2,LADIESWEAR,0.0,0
366415,2013-07-25,4,HOME AND KITCHEN II,0.0,0
18624,2013-01-11,31,GROCERY I,1816.0,0
979133,2014-07-05,31,MAGAZINES,0.0,0
636971,2013-12-24,31,BREAD/BAKERY,736.0,0
41154,2013-01-24,14,BEVERAGES,429.0,0
2013937,2016-02-08,17,GROCERY II,4.0,0
642909,2013-12-28,48,BEVERAGES,2771.0,0
2203775,2016-05-24,43,BEAUTY,0.0,0
2361016,2016-08-20,54,SCHOOL AND OFFICE SUPPLIES,0.0,0
2007709,2016-02-04,41,"LIQUOR,WINE,BEER",85.0,1
1511564,2015-05-01,20,SEAFOOD,18.589,1
2436361,2016-10-02,2,BOOKS,0.0,0
2965139,2017-07-26,6,MAGAZINES,5.0,0
2871093,2017-06-04,17,PLAYERS AND ELECTRONICS,20.0,0
2244088,2016-06-16,24,"LIQUOR,WINE,BEER",242.0,1
1145436,2014-10-06,48,CELEBRATION,12.0,1
1407889,2015-03-04,12,EGGS,134.0,0
1667272,2015-07-27,4,GROCERY II,26.0,0
2273883,2016-07-03,10,HOME CARE,317.0,8
2456100,2016-10-13,23,DELI,95.343,0
950259,2014-06-19,21,MEATS,0.0,0
702029,2014-01-30,7,LAWN AND GARDEN,12.0,0
2595642,2016-12-31,38,PLAYERS AND ELECTRONICS,7.0,0
1371751,2015-02-11,48,CLEANING,1521.0,6
2275424,2016-07-03,53,DAIRY,1557.0,8
2496664,2016-11-05,11,HOME AND KITCHEN II,36.0,0
911944,2014-05-28,46,"LIQUOR,WINE,BEER",70.0,0
2710560,2017-03-06,13,CELEBRATION,5.0,0
316218,2013-06-27,31,GROCERY I,2609.0,0
2005885,2016-02-03,40,GROCERY II,9.0,0
1587258,2015-06-12,44,MEATS,1279.907,52
2543384,2016-12-01,22,DAIRY,341.0,16
679156,2014-01-18,15,HOME AND KITCHEN II,10.0,0
2357279,2016-08-18,5,MAGAZINES,6.0,0
2669442,2017-02-11,1,CELEBRATION,22.0,0
2475319,2016-10-24,12,"LIQUOR,WINE,BEER",30.0,0
1646039,2015-07-15,43,SEAFOOD,0.0,0
2812249,2017-05-02,16,"LIQUOR,WINE,BEER",16.0,0
1295134,2014-12-30,48,HOME AND KITCHEN II,29.0,0
1282558,2014-12-22,45,GROCERY II,126.0,0
410388,2013-08-19,24,AUTOMOTIVE,1.0,0
1197539,2014-11-05,10,BEAUTY,1.0,0
1541995,2015-05-18,25,BOOKS,0.0,0
1905337,2015-12-08,2,HOME AND KITCHEN II,3.0,0
106773,2013-03-01,54,HOME CARE,0.0,0
2777546,2017-04-12,42,BEAUTY,1.0,0
2680422,2017-02-17,17,PRODUCE,1092.301,0
177588,2013-04-10,41,HOME AND KITCHEN I,0.0,0
375148,2013-07-30,35,BOOKS,0.0,0
2335009,2016-08-06,25,POULTRY,172.981,0
68514,2013-02-08,31,CELEBRATION,0.0,0
2964397,2017-07-26,35,CLEANING,520.0,144
1955585,2016-01-06,3,BREAD/BAKERY,1344.733,0
1895813,2015-12-02,51,PREPARED FOODS,180.676,1
2610074,2017-01-08,43,BREAD/BAKERY,770.0,80
1017742,2014-07-27,15,"LIQUOR,WINE,BEER",0.0,0
1924351,2015-12-18,52,"LIQUOR,WINE,BEER",0.0,0
2770336,2017-04-08,4,LADIESWEAR,30.0,0
2668243,2017-02-10,25,POULTRY,313.461,34
1708854,2015-08-19,7,HOME AND KITCHEN I,16.0,0
2877493,2017-06-07,46,PERSONAL CARE,921.0,11
1816235,2015-10-19,2,HARDWARE,2.0,0
1882021,2015-11-25,15,SCHOOL AND OFFICE SUPPLIES,0.0,0
2554953,2016-12-07,46,PLAYERS AND ELECTRONICS,14.0,0
2777596,2017-04-12,43,LADIESWEAR,0.0,0
2265420,2016-06-28,23,BEVERAGES,891.0,4
2727192,2017-03-15,3,CELEBRATION,41.0,0
2815660,2017-05-04,12,BABY CARE,0.0,0
630531,2013-12-20,50,AUTOMOTIVE,11.0,0
1182134,2014-10-27,28,DAIRY,674.0,1
1246530,2014-12-02,34,LINGERIE,11.0,0
2221543,2016-06-03,41,HOME AND KITCHEN II,13.0,0
1189823,2014-10-31,43,DAIRY,281.0,1
1143986,2014-10-05,8,DAIRY,2065.0,5
1023590,2014-07-30,29,PREPARED FOODS,0.0,0
1831898,2015-10-28,1,BEAUTY,1.0,0
175804,2013-04-09,41,GROCERY II,15.0,0
2183234,2016-05-13,17,LAWN AND GARDEN,0.0,0
2878587,2017-06-08,27,PRODUCE,2164.511,0
2267550,2016-06-29,32,LINGERIE,0.0,0
1732227,2015-09-02,12,MEATS,162.46199,0
2562002,2016-12-11,44,HARDWARE,3.0,0
527488,2013-10-24,1,HOME AND KITCHEN II,0.0,0
1486048,2015-04-16,54,PERSONAL CARE,153.0,0
2830149,2017-05-12,19,BEVERAGES,2325.0,25
1090765,2014-09-06,14,HOME AND KITCHEN II,0.0,0
785633,2014-03-18,52,BEAUTY,0.0,0
2273707,2016-07-02,6,CLEANING,1700.0,21
2819772,2017-05-06,27,LINGERIE,5.0,1
1024542,2014-07-30,6,MEATS,361.137,0
2426498,2016-09-26,42,DAIRY,733.0,7
521638,2013-10-20,45,CLEANING,3182.0,0
699424,2014-01-29,33,"LIQUOR,WINE,BEER",102.0,0
2328166,2016-08-02,33,HOME AND KITCHEN II,16.0,0
2097522,2016-03-26,12,DELI,283.0,0
2389070,2016-09-05,42,BEAUTY,5.0,0
2753441,2017-03-30,16,LAWN AND GARDEN,0.0,0
2810768,2017-05-01,24,PET SUPPLIES,11.0,1
2796130,2017-04-23,14,CLEANING,959.0,40
1045150,2014-08-11,34,CLEANING,779.0,0
974056,2014-07-02,39,POULTRY,145.908,1
1343370,2015-01-26,51,CELEBRATION,0.0,0
481948,2013-09-28,31,HOME AND KITCHEN II,0.0,0
703574,2014-01-31,5,HARDWARE,0.0,0
2969888,2017-07-29,39,LAWN AND GARDEN,21.0,0
2094214,2016-03-24,2,BABY CARE,0.0,0
542442,2013-11-01,29,LINGERIE,0.0,0
1886340,2015-11-27,36,PLAYERS AND ELECTRONICS,4.0,0
1919471,2015-12-16,16,PET SUPPLIES,0.0,0
300340,2013-06-18,36,CLEANING,573.0,0
940808,2014-06-13,7,FROZEN FOODS,279.0,0
769252,2014-03-09,42,"LIQUOR,WINE,BEER",0.0,0
1778658,2015-09-28,15,MEATS,114.888,0
623413,2013-12-16,50,EGGS,91.0,0
1682423,2015-08-05,15,HOME APPLIANCES,0.0,0
760885,2014-03-04,9,BOOKS,0.0,0
2194878,2016-05-19,43,HOME AND KITCHEN I,9.0,0
1291524,2014-12-28,47,BEVERAGES,8393.0,8
2217329,2016-06-01,23,PET SUPPLIES,0.0,0
1389288,2015-02-21,4,LINGERIE,5.0,0
2335013,2016-08-06,25,SEAFOOD,7.0,0
34298,2013-01-20,21,FROZEN FOODS,0.0,0
313397,2013-06-25,51,PREPARED FOODS,146.42,0
144911,2013-03-23,25,DAIRY,649.0,0
521195,2013-10-20,32,PET SUPPLIES,0.0,0
1791014,2015-10-05,12,BREAD/BAKERY,135.0,0
1952667,2016-01-04,47,MEATS,687.762,0
1584489,2015-06-11,17,PLAYERS AND ELECTRONICS,1.0,0
1429662,2015-03-16,23,BEVERAGES,572.0,0
2018632,2016-02-10,48,"LIQUOR,WINE,BEER",58.0,1
490314,2013-10-03,17,AUTOMOTIVE,0.0,0
2419899,2016-09-22,8,DELI,196.948,1
980440,2014-07-06,19,EGGS,94.0,0
1567845,2015-06-01,5,HOME AND KITCHEN I,29.0,0
1862531,2015-11-14,19,FROZEN FOODS,46.0,15
2150143,2016-04-24,38,POULTRY,188.109,0
1641123,2015-07-12,7,AUTOMOTIVE,4.0,0
1698697,2015-08-14,21,"LIQUOR,WINE,BEER",52.0,0
158771,2013-03-31,14,DAIRY,174.0,0
2602335,2017-01-04,26,LINGERIE,2.0,0
1779052,2015-09-28,26,"LIQUOR,WINE,BEER",11.0,0
2960632,2017-07-24,3,BOOKS,0.0,0
2886616,2017-06-12,52,CLEANING,1265.0,20
1948231,2016-01-02,23,EGGS,47.0,0
64586,2013-02-06,21,BREAD/BAKERY,0.0,0
2920848,2017-07-02,13,HOME CARE,292.0,21
2424551,2016-09-25,38,DAIRY,1116.0,3
537341,2013-10-29,36,BEAUTY,2.0,0
2229785,2016-06-08,23,DAIRY,479.0,4
2119351,2016-04-07,24,PERSONAL CARE,265.0,0
1581575,2015-06-09,35,HOME APPLIANCES,0.0,0
52506,2013-01-30,32,BEVERAGES,81.0,0
2851486,2017-05-24,17,"LIQUOR,WINE,BEER",14.0,1
1929391,2015-12-21,44,GROCERY II,158.0,0
2366221,2016-08-23,50,"LIQUOR,WINE,BEER",65.0,0
2673566,2017-02-13,25,BREAD/BAKERY,411.941,8
2883162,2017-06-10,6,HOME CARE,391.0,11
2539242,2016-11-28,6,MEATS,358.132,1
270405,2013-06-01,46,BEVERAGES,4174.0,0
2868860,2017-06-02,54,BREAD/BAKERY,165.0,0
2064477,2016-03-07,34,PRODUCE,751.219,0
2303774,2016-07-19,49,FROZEN FOODS,311.41,0
2475285,2016-10-24,11,LINGERIE,7.0,0
2340383,2016-08-09,26,MAGAZINES,0.0,0
374963,2013-07-30,3,HOME APPLIANCES,1.0,0
1191711,2014-11-01,46,HOME AND KITCHEN I,46.0,0
2218622,2016-06-02,1,SEAFOOD,24.797,1
241352,2013-05-16,30,MAGAZINES,0.0,0
2575779,2016-12-19,30,PRODUCE,554.091,3
1603332,2015-06-21,45,PLAYERS AND ELECTRONICS,42.0,0
1482631,2015-04-15,1,CLEANING,878.0,2
1324230,2015-01-16,15,CELEBRATION,0.0,0
1327459,2015-01-17,6,BABY CARE,0.0,0
571980,2013-11-17,8,MEATS,691.726,0
504993,2013-10-11,28,PLAYERS AND ELECTRONICS,0.0,0
2381901,2016-09-01,40,PLAYERS AND ELECTRONICS,13.0,0
937869,2014-06-12,24,DELI,0.0,0
2081851,2016-03-17,22,GROCERY II,1.0,0
742900,2014-02-22,53,BOOKS,0.0,0
331262,2013-07-05,53,DAIRY,0.0,0
2300985,2016-07-18,20,PLAYERS AND ELECTRONICS,3.0,0
1150538,2014-10-09,40,PET SUPPLIES,2.0,0
94334,2013-02-22,6,LAWN AND GARDEN,2.0,0
127250,2013-03-13,3,BEAUTY,4.0,0
1094770,2014-09-08,26,POULTRY,116.032,0
2660072,2017-02-05,46,DAIRY,2892.0,23
2432016,2016-09-29,47,HOME AND KITCHEN I,65.0,0
608967,2013-12-08,45,HOME CARE,0.0,0
1078143,2014-08-30,10,AUTOMOTIVE,3.0,0
2030147,2016-02-17,21,LAWN AND GARDEN,2.0,0
1058313,2014-08-18,53,BEVERAGES,553.0,0
1047440,2014-08-12,48,LAWN AND GARDEN,0.0,0
792700,2014-03-22,50,CLEANING,2081.0,0
1026240,2014-07-31,53,CELEBRATION,5.0,0
1209477,2014-11-11,44,PLAYERS AND ELECTRONICS,28.0,0
1310158,2015-01-08,2,PERSONAL CARE,240.0,0
1567599,2015-06-01,43,AUTOMOTIVE,5.0,0
2947584,2017-07-17,13,MEATS,191.11,0
2681421,2017-02-17,45,CELEBRATION,26.0,0
2926934,2017-07-05,33,SEAFOOD,1.0,1
2654422,2017-02-02,38,BABY CARE,0.0,0
2730140,2017-03-17,12,HOME APPLIANCES,0.0,0
2599912,2017-01-02,9,CLEANING,4186.0,16
1966149,2016-01-12,26,DELI,56.923,0
2497731,2016-11-05,40,PLAYERS AND ELECTRONICS,11.0,0
828905,2014-04-12,17,FROZEN FOODS,48.0,0
736098,2014-02-19,13,AUTOMOTIVE,8.0,0
2056727,2016-03-03,18,BEAUTY,3.0,0
542173,2013-11-01,21,HOME AND KITCHEN II,0.0,0
315731,2013-06-27,18,LAWN AND GARDEN,6.0,0
1134374,2014-09-30,37,SEAFOOD,18.764,0
2885881,2017-06-12,31,SCHOOL AND OFFICE SUPPLIES,0.0,0
468864,2013-09-21,15,AUTOMOTIVE,1.0,0
2560880,2016-12-11,13,HARDWARE,0.0,0
1959186,2016-01-08,30,DELI,116.0,33
174711,2013-04-09,11,DELI,236.117,0
732195,2014-02-16,52,MEATS,0.0,0
2739312,2017-03-22,2,HOME AND KITCHEN I,18.0,3
833530,2014-04-14,46,HOME AND KITCHEN II,0.0,0
1151865,2014-10-10,29,AUTOMOTIVE,0.0,0
2019485,2016-02-11,22,HOME APPLIANCES,0.0,0
559717,2013-11-11,14,BOOKS,0.0,0
494480,2013-10-05,33,DAIRY,195.0,0
861650,2014-04-30,35,LAWN AND GARDEN,0.0,0
44549,2013-01-25,9,SEAFOOD,8.304,0
1961740,2016-01-09,51,"LIQUOR,WINE,BEER",341.0,0
1316378,2015-01-11,44,DAIRY,3965.0,2
1202329,2014-11-07,44,CLEANING,2407.0,0
665405,2014-01-10,29,PET SUPPLIES,0.0,0
1719348,2015-08-25,50,HOME AND KITCHEN I,64.0,0
906712,2014-05-25,5,BOOKS,0.0,0
24125,2013-01-14,36,BEAUTY,0.0,0
174261,2013-04-08,48,LINGERIE,7.0,0
2201581,2016-05-23,31,LADIESWEAR,1.0,0
1705088,2015-08-17,50,FROZEN FOODS,148.831,1
819805,2014-04-07,11,LADIESWEAR,0.0,0
1258768,2014-12-09,28,HOME AND KITCHEN II,5.0,0
856330,2014-04-27,36,GROCERY II,2.0,0
505411,2013-10-11,4,HOME AND KITCHEN II,0.0,0
1863948,2015-11-14,9,DELI,641.564,0
2807020,2017-04-29,2,CLEANING,1156.0,37
1927384,2015-12-20,38,LADIESWEAR,44.0,0
2612416,2017-01-10,1,BOOKS,3.0,0
1236666,2014-11-26,8,MEATS,399.319,0
143135,2013-03-22,25,HARDWARE,0.0,0
248411,2013-05-20,29,LAWN AND GARDEN,0.0,0
382645,2013-08-03,45,EGGS,486.0,0
1012868,2014-07-24,28,SEAFOOD,0.338,1
2264326,2016-06-27,41,SCHOOL AND OFFICE SUPPLIES,1.0,0
2157100,2016-04-28,33,"LIQUOR,WINE,BEER",45.0,0
1766780,2015-09-21,31,PET SUPPLIES,1.0,0
2289609,2016-07-11,51,BEVERAGES,4719.0,22
2668530,2017-02-10,33,HOME CARE,120.0,7
1174,2013-01-01,41,LADIESWEAR,0.0,0
1116305,2014-09-20,30,HARDWARE,2.0,0
2418352,2016-09-22,14,GROCERY II,10.0,0
1869140,2015-11-17,53,LAWN AND GARDEN,2.0,0
945869,2014-06-16,48,MAGAZINES,0.0,0
319053,2013-06-29,11,DELI,221.285,0
2684504,2017-02-19,31,LAWN AND GARDEN,1.0,0
1276232,2014-12-19,18,MAGAZINES,1.0,0
656308,2014-01-05,24,BOOKS,0.0,0
2059545,2016-03-04,46,HOME AND KITCHEN I,16.0,0
1817490,2015-10-19,54,HOME AND KITCHEN I,27.0,0
2201012,2016-05-23,16,FROZEN FOODS,26.0,1
2810726,2017-05-01,23,HOME APPLIANCES,0.0,0
2662677,2017-02-07,2,CELEBRATION,7.0,0
1459941,2015-04-02,22,LINGERIE,0.0,0
1586551,2015-06-12,25,EGGS,107.0,24
2865330,2017-05-31,6,CELEBRATION,11.0,0
931243,2014-06-08,38,HOME AND KITCHEN II,0.0,0
1303053,2015-01-04,20,HOME AND KITCHEN I,0.0,0
2259730,2016-06-25,13,"LIQUOR,WINE,BEER",32.0,0
2666610,2017-02-09,3,GROCERY I,7829.0,43
1082051,2014-09-01,2,HARDWARE,1.0,0
2081169,2016-03-16,52,MEATS,0.0,0
672065,2014-01-14,16,LAWN AND GARDEN,0.0,0
2478360,2016-10-25,47,PLAYERS AND ELECTRONICS,27.0,0
597081,2013-12-02,12,GROCERY I,2648.0,0
1127332,2014-09-26,4,LADIESWEAR,25.0,0
923285,2014-06-04,15,FROZEN FOODS,25.0,0
509484,2013-10-13,53,PRODUCE,0.0,0
2330355,2016-08-03,44,PLAYERS AND ELECTRONICS,25.0,0
1910322,2015-12-11,1,HOME CARE,145.0,2
2519893,2016-11-18,13,GROCERY II,7.0,0
239602,2013-05-15,31,"LIQUOR,WINE,BEER",3.0,0
1667282,2015-07-27,4,MAGAZINES,0.0,0
1441169,2015-03-22,45,PET SUPPLIES,0.0,0
572536,2013-11-18,23,LADIESWEAR,0.0,0
1798226,2015-10-09,14,MAGAZINES,0.0,0
253757,2013-05-23,29,LAWN AND GARDEN,0.0,0
1164662,2014-10-17,37,PET SUPPLIES,7.0,0
60518,2013-02-03,7,PREPARED FOODS,135.0,0
1521588,2015-05-06,51,MEATS,711.417,2
1709766,2015-08-20,32,BEVERAGES,445.0,6
134131,2013-03-17,22,LADIESWEAR,0.0,0
2428125,2016-09-27,38,HOME CARE,222.0,11
2410527,2016-09-17,44,DELI,830.092,6
1036834,2014-08-06,50,CLEANING,1341.0,7
980273,2014-07-06,14,DAIRY,359.0,0
1963112,2016-01-10,40,DAIRY,492.0,0
306972,2013-06-22,22,CELEBRATION,0.0,0
2939930,2017-07-12,48,PET SUPPLIES,12.0,0
1995202,2016-01-28,40,"LIQUOR,WINE,BEER",20.0,0
488573,2013-10-02,18,DAIRY,214.0,0
1949316,2016-01-02,53,CELEBRATION,10.0,0
1559368,2015-05-28,12,LADIESWEAR,0.0,0
27983,2013-01-16,43,SEAFOOD,0.0,0
1997717,2016-01-30,11,PREPARED FOODS,84.048996,0
289638,2013-06-12,35,PRODUCE,0.0,0
1032552,2014-08-04,30,HOME AND KITCHEN I,0.0,0
623610,2013-12-16,7,DELI,185.991,0
520897,2013-10-20,24,PERSONAL CARE,236.0,0
2424058,2016-09-25,24,EGGS,218.0,0
800471,2014-03-27,19,MAGAZINES,0.0,0
1110546,2014-09-17,19,PRODUCE,270.487,0
2350106,2016-08-14,49,FROZEN FOODS,389.79,0
1858052,2015-11-11,42,LAWN AND GARDEN,11.0,2
417762,2013-08-23,30,HOME AND KITCHEN I,0.0,0
2318109,2016-07-27,50,MEATS,473.627,2
1817254,2015-10-19,48,EGGS,99.0,0
50359,2013-01-29,22,BABY CARE,0.0,0
1462795,2015-04-03,52,BOOKS,0.0,0
2679103,2017-02-16,3,SCHOOL AND OFFICE SUPPLIES,2.0,0
1819492,2015-10-21,11,BOOKS,0.0,0
612021,2013-12-10,31,BEVERAGES,953.0,0
731754,2014-02-16,40,GROCERY I,3861.0,0
2121069,2016-04-08,22,PLAYERS AND ELECTRONICS,1.0,0
2010768,2016-02-06,28,GROCERY I,4650.195,0
1829126,2015-10-26,31,BEAUTY,0.0,0
2885594,2017-06-12,24,DAIRY,1206.0,30
619513,2013-12-14,41,BOOKS,0.0,0
1150209,2014-10-09,31,PLAYERS AND ELECTRONICS,6.0,0
2377309,2016-08-30,12,"LIQUOR,WINE,BEER",29.0,0
1205785,2014-11-09,40,SCHOOL AND OFFICE SUPPLIES,0.0,0
53953,2013-01-31,22,SCHOOL AND OFFICE SUPPLIES,0.0,0
2470357,2016-10-21,23,EGGS,42.0,15
592121,2013-11-29,23,BEAUTY,1.0,0
1921704,2015-12-17,29,HOME AND KITCHEN I,14.0,0
2342295,2016-08-10,3,LINGERIE,9.0,0
2557032,2016-12-08,54,PLAYERS AND ELECTRONICS,1.0,0
928161,2014-06-06,51,BEVERAGES,2691.0,0
824514,2014-04-09,43,DELI,139.0,0
2611574,2017-01-09,35,LAWN AND GARDEN,0.0,0
691827,2014-01-25,20,HOME AND KITCHEN I,0.0,0
1120642,2014-09-22,51,POULTRY,699.807,0
531701,2013-10-26,28,BREAD/BAKERY,585.0,0
980751,2014-07-06,27,MEATS,333.586,1
290530,2013-06-13,10,SCHOOL AND OFFICE SUPPLIES,0.0,0
293901,2013-06-14,6,BEVERAGES,1218.0,0
968854,2014-06-29,43,CLEANING,1191.0,1
2836416,2017-05-15,44,AUTOMOTIVE,7.0,0
977680,2014-07-04,40,"LIQUOR,WINE,BEER",25.0,0
1215061,2014-11-14,51,BABY CARE,0.0,0
2060074,2016-03-05,11,HOME AND KITCHEN II,30.0,0
2234820,2016-06-11,14,PLAYERS AND ELECTRONICS,3.0,0
1489701,2015-04-18,8,HOME AND KITCHEN I,74.0,0
1834621,2015-10-29,35,LADIESWEAR,0.0,0
346430,2013-07-14,29,PREPARED FOODS,0.0,0
680535,2014-01-18,53,DELI,0.0,0
2459199,2016-10-15,10,CELEBRATION,6.0,0
319226,2013-06-29,16,HOME APPLIANCES,0.0,0
300727,2013-06-18,46,SCHOOL AND OFFICE SUPPLIES,0.0,0
2160193,2016-04-30,20,GROCERY II,14.0,0
1524658,2015-05-08,38,PERSONAL CARE,327.0,4
1577745,2015-06-07,28,HOME AND KITCHEN I,20.0,0
2476981,2016-10-25,1,BABY CARE,0.0,0
1090841,2014-09-06,16,PET SUPPLIES,0.0,0
2064440,2016-03-07,33,PET SUPPLIES,0.0,0
1322003,2015-01-14,51,MAGAZINES,0.0,0
1911423,2015-12-11,4,PRODUCE,2155.238,0
1614171,2015-06-27,5,DELI,283.304,2
1337476,2015-01-23,36,LADIESWEAR,0.0,0
1949281,2016-01-02,52,BOOKS,0.0,0
2792830,2017-04-21,21,CLEANING,4457.0,50
2991525,2017-08-10,46,DELI,494.37,9
503248,2013-10-10,29,SCHOOL AND OFFICE SUPPLIES,0.0,0
601375,2013-12-04,32,HOME AND KITCHEN II,0.0,0
1412728,2015-03-06,47,SCHOOL AND OFFICE SUPPLIES,0.0,0
115568,2013-03-06,51,BEAUTY,1.0,0
1081261,2014-08-31,47,HOME AND KITCHEN II,0.0,0
506594,2013-10-12,23,FROZEN FOODS,160.0,0
1262982,2014-12-11,46,CELEBRATION,21.0,0
2416384,2016-09-20,9,PERSONAL CARE,472.0,11
278995,2013-06-06,37,GROCERY II,42.0,0
1600943,2015-06-20,29,HARDWARE,0.0,0
1332909,2015-01-20,9,CELEBRATION,0.0,0
1136278,2014-10-01,40,"LIQUOR,WINE,BEER",101.0,0
2036433,2016-02-20,48,BEVERAGES,6110.0,6
1381380,2015-02-17,19,AUTOMOTIVE,9.0,0
66812,2013-02-07,33,LAWN AND GARDEN,0.0,0
822023,2014-04-08,23,PET SUPPLIES,0.0,0
1854502,2015-11-09,43,BABY CARE,0.0,0
1725891,2015-08-29,34,MEATS,188.519,0
948063,2014-06-18,10,CELEBRATION,0.0,0
2035026,2016-02-19,9,HOME AND KITCHEN I,23.0,0
1581776,2015-06-09,40,LAWN AND GARDEN,0.0,0
946414,2014-06-17,14,CLEANING,708.0,0
1165033,2014-10-17,48,BABY CARE,0.0,0
2912599,2017-06-27,31,LADIESWEAR,2.0,0
1842559,2015-11-02,9,BOOKS,0.0,0
2131700,2016-04-14,20,SEAFOOD,5.96,0
2639873,2017-01-25,3,BREAD/BAKERY,1362.244,16
1793756,2015-10-06,39,DAIRY,544.0,0
207325,2013-04-27,26,LADIESWEAR,0.0,0
850677,2014-04-24,28,BEVERAGES,672.0,1
1023472,2014-07-30,26,EGGS,36.0,0
1256604,2014-12-08,17,PRODUCE,891.586,0
2584609,2016-12-24,29,HOME AND KITCHEN II,48.0,5
381917,2013-08-03,25,DAIRY,342.0,0
1246377,2014-12-02,30,AUTOMOTIVE,6.0,0
25623,2013-01-15,28,HOME AND KITCHEN I,0.0,0
2526065,2016-11-21,36,HARDWARE,2.0,0
2868694,2017-06-02,5,BOOKS,0.0,0
1572264,2015-06-04,24,GROCERY I,3207.0,7
1787283,2015-10-02,8,BEVERAGES,5104.0,6
831305,2014-04-13,34,BEAUTY,4.0,0
1631780,2015-07-07,43,PREPARED FOODS,79.0,0
2551745,2016-12-05,7,LAWN AND GARDEN,53.0,0
2706239,2017-03-03,41,DAIRY,598.0,36
2930896,2017-07-07,45,BABY CARE,0.0,0
554717,2013-11-08,23,LAWN AND GARDEN,0.0,0
1916474,2015-12-14,31,SEAFOOD,3.0,0
2851202,2017-05-24,1,BEAUTY,1.0,0
975738,2014-07-03,36,PLAYERS AND ELECTRONICS,1.0,0
2376265,2016-08-29,33,BABY CARE,0.0,0
2078642,2016-03-15,32,BREAD/BAKERY,90.0,3
1690654,2015-08-09,45,SCHOOL AND OFFICE SUPPLIES,117.0,2
2115003,2016-04-04,52,AUTOMOTIVE,0.0,0
2847150,2017-05-21,45,DELI,1267.314,12
588949,2013-11-27,33,SCHOOL AND OFFICE SUPPLIES,0.0,0
160671,2013-04-01,17,PLAYERS AND ELECTRONICS,0.0,0
1460064,2015-04-02,26,GROCERY I,1258.0,9
884728,2014-05-13,32,SCHOOL AND OFFICE SUPPLIES,0.0,0
2574029,2016-12-18,31,PREPARED FOODS,100.270996,1
1736299,2015-09-04,27,BOOKS,0.0,0
290615,2013-06-13,13,HOME APPLIANCES,1.0,0
2070776,2016-03-11,11,PET SUPPLIES,0.0,0
852874,2014-04-25,39,"LIQUOR,WINE,BEER",56.0,0
1336834,2015-01-23,19,BOOKS,0.0,0
2159463,2016-04-29,5,DELI,180.834,54
2641883,2017-01-26,36,BEAUTY,0.0,0
2769570,2017-04-08,19,GROCERY I,5513.0,53
1522182,2015-05-07,19,MEATS,126.661,14
1239772,2014-11-28,44,POULTRY,1637.239,41
867339,2014-05-03,45,AUTOMOTIVE,17.0,0
1594112,2015-06-16,37,HARDWARE,0.0,0
809312,2014-04-01,17,LAWN AND GARDEN,0.0,0
75640,2013-02-12,31,BOOKS,0.0,0
2673201,2017-02-13,15,BEVERAGES,1849.0,9
2088656,2016-03-21,13,LAWN AND GARDEN,0.0,0
895716,2014-05-19,40,PRODUCE,0.0,0
1089612,2014-09-05,31,HOME CARE,244.0,0
2328351,2016-08-02,39,BEVERAGES,3334.0,10
1807222,2015-10-14,17,EGGS,232.0,0
46630,2013-01-27,18,BABY CARE,0.0,0
2960582,2017-07-24,28,LAWN AND GARDEN,13.0,0
1970353,2016-01-14,43,"LIQUOR,WINE,BEER",5.0,0
999860,2014-07-17,13,PET SUPPLIES,0.0,0
704772,2014-02-01,33,MEATS,211.196,0
1924360,2015-12-18,52,SCHOOL AND OFFICE SUPPLIES,0.0,0
186066,2013-04-15,3,GROCERY I,5654.0,0
2837792,2017-05-16,32,MAGAZINES,0.0,0
2489417,2016-10-31,8,PREPARED FOODS,153.894,0
1938368,2015-12-27,46,HARDWARE,1.0,0
2743591,2017-03-24,4,BOOKS,0.0,0
797580,2014-03-25,38,BEVERAGES,1934.0,0
1332632,2015-01-20,5,PET SUPPLIES,0.0,0
27765,2013-01-16,38,GROCERY I,2329.0,0
18097,2013-01-11,17,GROCERY II,9.0,0
1906702,2015-12-08,8,POULTRY,582.163,0
2712166,2017-03-06,8,POULTRY,555.032,0
680635,2014-01-18,7,EGGS,280.0,0
1124639,2014-09-25,14,SEAFOOD,3.0,2
523384,2013-10-21,44,BOOKS,0.0,0
2920606,2017-07-01,7,CLEANING,1149.0,42
2605545,2017-01-06,16,PRODUCE,475.881,1
835522,2014-04-15,51,POULTRY,626.731,0
216133,2013-05-02,23,HOME AND KITCHEN II,0.0,0
1860967,2015-11-13,24,SCHOOL AND OFFICE SUPPLIES,2.0,0
2520622,2016-11-18,33,HOME AND KITCHEN II,5.0,0
398277,2013-08-12,34,AUTOMOTIVE,5.0,0
2314958,2016-07-26,13,DAIRY,300.0,3
315475,2013-06-27,10,POULTRY,84.047,0
2018528,2016-02-10,45,HOME APPLIANCES,1.0,0
792217,2014-03-22,37,LADIESWEAR,49.0,0
2717501,2017-03-09,8,HOME APPLIANCES,1.0,0
2534569,2016-11-26,25,BOOKS,0.0,0
1433721,2015-03-18,37,BEVERAGES,961.0,0
1414745,2015-03-07,54,BEAUTY,0.0,0
1181945,2014-10-27,22,HOME APPLIANCES,0.0,0
1836035,2015-10-30,25,HARDWARE,4.0,0
824130,2014-04-09,32,LINGERIE,1.0,0
2401315,2016-09-12,36,BOOKS,0.0,0
1933246,2015-12-23,52,CLEANING,0.0,0
965256,2014-06-27,42,CELEBRATION,0.0,0
2765016,2017-04-05,40,GROCERY I,4224.0,54
713676,2014-02-06,33,HOME CARE,0.0,0
905811,2014-05-25,24,PLAYERS AND ELECTRONICS,0.0,0
1461794,2015-04-03,24,PET SUPPLIES,0.0,0
1618135,2015-06-30,11,GROCERY II,7.0,0
2259739,2016-06-25,13,SCHOOL AND OFFICE SUPPLIES,0.0,0
1955932,2016-01-06,39,"LIQUOR,WINE,BEER",37.0,0
1569456,2015-06-02,45,DELI,659.376,3
2147088,2016-04-22,52,DELI,0.0,0
1860969,2015-11-13,25,AUTOMOTIVE,1.0,0
694129,2014-01-26,35,CLEANING,525.0,0
2798054,2017-04-24,18,HOME APPLIANCES,0.0,0
1754818,2015-09-14,46,EGGS,123.0,0
1452255,2015-03-28,7,MEATS,384.908,0
743782,2014-02-23,28,POULTRY,361.406,0
915708,2014-05-30,51,MEATS,904.5252,0
2891183,2017-06-15,30,LAWN AND GARDEN,0.0,0
1439397,2015-03-21,46,BEVERAGES,4648.0,2
2075294,2016-03-13,38,MAGAZINES,29.0,0
1474446,2015-04-10,3,CELEBRATION,0.0,0
566098,2013-11-14,42,HOME AND KITCHEN II,0.0,0
1809537,2015-10-15,31,HOME AND KITCHEN I,6.0,0
2483262,2016-10-28,35,GROCERY I,1340.0,62
2603940,2017-01-05,21,DELI,315.248,0
763432,2014-03-06,3,EGGS,499.0,0
533242,2013-10-27,20,POULTRY,0.0,0
2047047,2016-02-26,45,MEATS,1480.37,53
1248375,2014-12-03,36,HOME CARE,171.0,1
585302,2013-11-25,31,HARDWARE,1.0,0
2031522,2016-02-18,10,DELI,234.0,1
2840466,2017-05-17,8,MEATS,466.105,0
834205,2014-04-15,15,SCHOOL AND OFFICE SUPPLIES,0.0,0
848478,2014-04-23,16,HOME AND KITCHEN I,0.0,0
2609288,2017-01-08,21,FROZEN FOODS,114.136,2
2464656,2016-10-18,13,HOME CARE,98.0,8
1623232,2015-07-02,53,POULTRY,153.228,0
62760,2013-02-05,2,PLAYERS AND ELECTRONICS,0.0,0
1153768,2014-10-11,31,"LIQUOR,WINE,BEER",66.0,0
127522,2013-03-13,37,EGGS,130.0,0
2792223,2017-04-20,53,PLAYERS AND ELECTRONICS,2.0,0
1837942,2015-10-31,29,CLEANING,1226.0,2
1752223,2015-09-13,23,"LIQUOR,WINE,BEER",0.0,0
448806,2013-09-09,51,CELEBRATION,0.0,0
2997316,2017-08-13,9,PERSONAL CARE,510.0,9
567459,2013-11-15,30,MEATS,36.964,0
48572,2013-01-28,21,PREPARED FOODS,0.0,0
2495372,2016-11-04,25,FROZEN FOODS,576.0,7
2159670,2016-04-29,6,HOME CARE,241.0,5
2572104,2016-12-17,28,HOME CARE,331.0,2
2983226,2017-08-06,13,PET SUPPLIES,0.0,0
2494312,2016-11-03,45,CLEANING,3414.0,64
1971627,2016-01-15,3,DELI,377.203,64
222827,2013-05-06,11,FROZEN FOODS,36.0,0
609877,2013-12-09,21,BOOKS,0.0,0
2100921,2016-03-27,8,DELI,335.254,1
2620139,2017-01-14,26,BREAD/BAKERY,215.414,6
2140254,2016-04-19,11,CELEBRATION,12.0,0
1210588,2014-11-12,26,HOME AND KITCHEN II,0.0,0
2164792,2016-05-02,49,PERSONAL CARE,658.0,6
1705452,2015-08-18,11,GROCERY I,5759.817,5
2779604,2017-04-13,5,HARDWARE,1.0,0
1753649,2015-09-14,13,PREPARED FOODS,38.0,0
1566693,2015-06-01,18,HOME CARE,173.0,1
2762035,2017-04-03,8,BABY CARE,0.0,0
67432,2013-02-07,50,GROCERY II,49.0,0
422115,2013-08-25,52,GROCERY I,0.0,0
374187,2013-07-29,9,AUTOMOTIVE,35.0,0
2865078,2017-05-31,48,HOME CARE,419.0,12
855524,2014-04-27,13,SEAFOOD,0.0,0
2630984,2017-01-20,3,PET SUPPLIES,12.0,0
826842,2014-04-10,9,PLAYERS AND ELECTRONICS,0.0,0
2815402,2017-05-03,54,CLEANING,954.0,40
1609819,2015-06-25,28,GROCERY II,2.0,0
1233697,2014-11-25,24,PERSONAL CARE,231.0,1
552837,2013-11-07,20,LINGERIE,0.0,0
862478,2014-04-30,9,MAGAZINES,0.0,0
1198453,2014-11-05,35,PERSONAL CARE,87.0,1
976193,2014-07-03,49,LAWN AND GARDEN,9.0,0
2252959,2016-06-21,23,HOME AND KITCHEN II,3.0,0
2655287,2017-02-03,12,DAIRY,412.0,12
1406218,2015-03-03,15,"LIQUOR,WINE,BEER",16.0,0
1198691,2014-11-05,41,SEAFOOD,6.0,0
1613949,2015-06-27,43,HOME CARE,202.0,0
212765,2013-04-30,29,HARDWARE,0.0,0
2053944,2016-03-01,39,MEATS,197.22101,0
1757376,2015-09-16,18,PLAYERS AND ELECTRONICS,10.0,0
43680,2013-01-25,34,LINGERIE,22.0,0
219105,2013-05-03,7,HOME CARE,0.0,0
952496,2014-06-20,34,HOME APPLIANCES,1.0,0
1954696,2016-01-05,54,CLEANING,1136.0,0
757358,2014-03-03,1,DAIRY,236.0,0
747784,2014-02-25,40,BOOKS,0.0,0
1827463,2015-10-25,34,"LIQUOR,WINE,BEER",0.0,0
961521,2014-06-25,38,AUTOMOTIVE,2.0,0
1151258,2014-10-10,11,LAWN AND GARDEN,1.0,0
1692863,2015-08-10,8,PREPARED FOODS,169.774,0
1879662,2015-11-23,49,HOME AND KITCHEN I,28.0,0
893951,2014-05-18,41,HARDWARE,1.0,0
1082380,2014-09-01,29,GROCERY II,0.0,0
54374,2013-01-31,34,MAGAZINES,0.0,0
2202870,2016-05-24,18,LINGERIE,0.0,0
1716500,2015-08-24,21,BREAD/BAKERY,657.0,0
642328,2013-12-28,31,HOME AND KITCHEN II,0.0,0
1772406,2015-09-24,4,DELI,194.267,1
2758455,2017-04-01,7,HOME CARE,353.0,4
9178,2013-01-06,17,BOOKS,0.0,0
2413183,2016-09-19,19,PERSONAL CARE,185.0,9
1414660,2015-03-07,51,HOME AND KITCHEN II,26.0,0
1514217,2015-05-02,45,GROCERY I,14357.0,27
2378706,2016-08-30,51,AUTOMOTIVE,8.0,0
375774,2013-07-30,52,BEVERAGES,0.0,0
2982089,2017-08-05,31,FROZEN FOODS,156.286,16
1963652,2016-01-10,6,LAWN AND GARDEN,1.0,0
2907668,2017-06-24,43,BREAD/BAKERY,602.0,7
153676,2013-03-28,20,POULTRY,0.0,0
2693381,2017-02-24,30,LAWN AND GARDEN,0.0,0
598219,2013-12-02,43,POULTRY,175.894,0
2674247,2017-02-13,43,PET SUPPLIES,2.0,0
920437,2014-06-02,35,BABY CARE,0.0,0
2473747,2016-10-23,19,BABY CARE,0.0,0
689888,2014-01-24,16,MAGAZINES,0.0,0
136271,2013-03-18,32,HARDWARE,3.0,0
2391159,2016-09-06,50,GROCERY I,5368.0,28
223840,2013-05-06,4,BABY CARE,0.0,0
2912326,2017-06-27,24,EGGS,165.0,1
1226482,2014-11-21,22,BOOKS,0.0,0
807913,2014-03-31,28,CLEANING,837.0,0
2895481,2017-06-17,50,POULTRY,609.426,0
462261,2013-09-17,29,PRODUCE,0.0,0
1915877,2015-12-14,15,PREPARED FOODS,40.0,0
2786486,2017-04-17,42,SEAFOOD,29.912,0
1733130,2015-09-02,38,BEVERAGES,3036.0,8
376216,2013-07-31,15,HOME AND KITCHEN II,0.0,0
771270,2014-03-10,49,PLAYERS AND ELECTRONICS,19.0,0
2333775,2016-08-05,40,HOME AND KITCHEN I,8.0,0
440404,2013-09-05,16,LADIESWEAR,0.0,0
2365969,2016-08-23,44,BABY CARE,0.0,0
2447407,2016-10-08,29,POULTRY,187.205,1
1228057,2014-11-22,16,POULTRY,109.297,1
2643695,2017-01-27,36,SEAFOOD,0.0,0
60641,2013-02-04,10,LAWN AND GARDEN,0.0,0
213148,2013-04-30,4,BABY CARE,0.0,0
996653,2014-07-15,23,LAWN AND GARDEN,0.0,0
580073,2013-11-22,34,SEAFOOD,0.0,0
748282,2014-02-25,54,CLEANING,786.0,0
2284235,2016-07-08,50,DAIRY,1047.0,45
2981269,2017-08-04,9,HOME AND KITCHEN II,29.0,0
932855,2014-06-09,33,FROZEN FOODS,13.0,0
188416,2013-04-16,45,LADIESWEAR,0.0,0
144181,2013-03-22,54,BOOKS,0.0,0
2002703,2016-02-01,50,SEAFOOD,20.786,0
1562165,2015-05-29,40,FROZEN FOODS,93.397,0
1674161,2015-07-31,33,BREAD/BAKERY,230.0,0
1199402,2014-11-06,12,HOME APPLIANCES,0.0,0
615019,2013-12-12,15,SCHOOL AND OFFICE SUPPLIES,0.0,0
985350,2014-07-08,7,BEVERAGES,3568.0,1
2775271,2017-04-11,29,BOOKS,0.0,0
664057,2014-01-09,40,SCHOOL AND OFFICE SUPPLIES,0.0,0
2694204,2017-02-24,53,HOME CARE,222.0,5
1641614,2015-07-13,2,PREPARED FOODS,137.261,0
2608193,2017-01-07,40,BREAD/BAKERY,427.0,5
1587453,2015-06-12,5,LINGERIE,12.0,0
549853,2013-11-05,37,CLEANING,1226.0,0
1984450,2016-01-22,39,POULTRY,238.47,19
2093967,2016-03-24,12,HOME CARE,166.0,0
2588188,2016-12-27,29,SCHOOL AND OFFICE SUPPLIES,0.0,0
1646532,2015-07-15,8,PRODUCE,7034.8,209
500861,2013-10-09,12,LAWN AND GARDEN,0.0,0
401943,2013-08-14,37,BEVERAGES,646.0,0
2261261,2016-06-25,7,BEAUTY,5.0,1
324245,2013-07-01,7,LAWN AND GARDEN,0.0,0
508066,2013-10-13,14,SCHOOL AND OFFICE SUPPLIES,0.0,0
270293,2013-06-01,42,MAGAZINES,0.0,0
1470524,2015-04-08,2,FROZEN FOODS,109.261,4
34418,2013-01-20,24,SEAFOOD,53.807,0
2347534,2016-08-13,27,GROCERY II,15.0,0
1019672,2014-07-28,2,BREAD/BAKERY,436.137,0
952313,2014-06-20,29,SEAFOOD,0.0,0
1402570,2015-03-01,13,BOOKS,0.0,0
1460736,2015-04-02,44,MEATS,755.236,0
709806,2014-02-04,25,DELI,92.467,0
22896,2013-01-13,50,PLAYERS AND ELECTRONICS,0.0,0
145839,2013-03-23,50,GROCERY I,6896.0,0
1315021,2015-01-10,7,BOOKS,0.0,0
592430,2013-11-29,31,HARDWARE,1.0,0
2543502,2016-12-01,25,PLAYERS AND ELECTRONICS,3.0,0
2024645,2016-02-14,17,PREPARED FOODS,116.0,0
298174,2013-06-17,25,LADIESWEAR,0.0,0
2301219,2016-07-18,27,PRODUCE,2704.222,1
2577257,2016-12-20,22,MAGAZINES,2.0,0
1743829,2015-09-08,38,EGGS,86.0,1
1629428,2015-07-06,28,LAWN AND GARDEN,0.0,0
292086,2013-06-13,54,BEVERAGES,215.0,0
61474,2013-02-04,33,POULTRY,89.826,0
15049,2013-01-09,31,BABY CARE,0.0,0
2169894,2016-05-05,42,GROCERY I,2631.0,63
2322837,2016-07-30,34,AUTOMOTIVE,5.0,0
1079784,2014-08-30,6,MEATS,569.203,1
1790821,2015-10-04,7,EGGS,308.0,1
2435704,2016-10-01,50,CLEANING,3181.0,36
300474,2013-06-18,4,DELI,121.799,0
457926,2013-09-14,8,HOME CARE,0.0,0
472358,2013-09-23,12,PREPARED FOODS,15.0,0
2609900,2017-01-08,38,PREPARED FOODS,155.612,1
1876118,2015-11-21,5,BEAUTY,5.0,0
2122142,2016-04-08,52,FROZEN FOODS,0.0,0
1034195,2014-08-05,27,DAIRY,491.0,2
2944928,2017-07-15,39,DAIRY,836.0,20
2326749,2016-08-01,43,HOME CARE,342.0,3
425218,2013-08-27,4,GROCERY II,10.0,0
2811276,2017-05-01,39,CELEBRATION,9.0,0
86326,2013-02-18,30,SCHOOL AND OFFICE SUPPLIES,0.0,0
639752,2013-12-27,1,HARDWARE,4.0,0
2861068,2017-05-29,36,BABY CARE,0.0,0
1874215,2015-11-20,46,GROCERY II,53.0,0
2192461,2016-05-18,26,CLEANING,302.0,6
474773,2013-09-24,30,BEAUTY,0.0,0
2502467,2016-11-08,24,FROZEN FOODS,154.484,6
2766703,2017-04-06,38,HOME AND KITCHEN II,22.0,1
2950253,2017-07-18,38,LAWN AND GARDEN,21.0,0
740718,2014-02-21,42,AUTOMOTIVE,0.0,0
2683616,2017-02-18,7,MAGAZINES,16.0,0
300752,2013-06-18,47,MAGAZINES,0.0,0
1919585,2015-12-16,2,DAIRY,1084.0,3
1782258,2015-09-30,16,PLAYERS AND ELECTRONICS,5.0,0
1437752,2015-03-20,5,DAIRY,511.0,1
713133,2014-02-06,19,BEVERAGES,952.0,0
420688,2013-08-25,13,BOOKS,0.0,0
1821066,2015-10-21,54,PLAYERS AND ELECTRONICS,4.0,0
2035211,2016-02-20,14,BEAUTY,1.0,0
2825945,2017-05-09,5,MAGAZINES,8.0,0
2217951,2016-06-01,40,LINGERIE,2.0,0
1269896,2014-12-15,4,MAGAZINES,1.0,0
2234227,2016-06-10,47,POULTRY,1507.212,43
1726458,2015-08-29,5,PRODUCE,1639.698,1
1883041,2015-11-25,43,POULTRY,121.893,0
2224919,2016-06-05,36,PET SUPPLIES,1.0,0
2292763,2016-07-13,4,"LIQUOR,WINE,BEER",35.0,0
2110309,2016-04-02,20,PERSONAL CARE,807.0,0
1563395,2015-05-30,25,LAWN AND GARDEN,13.0,0
2308730,2016-07-22,38,HOME APPLIANCES,0.0,0
2344295,2016-08-11,36,DAIRY,471.0,4
2743970,2017-03-24,5,LAWN AND GARDEN,8.0,0
2092466,2016-03-23,20,BEAUTY,0.0,0
601387,2013-12-04,32,POULTRY,49.586998,0
882047,2014-05-11,8,MAGAZINES,0.0,0
1214788,2014-11-14,43,PERSONAL CARE,146.0,0
1664947,2015-07-26,24,SCHOOL AND OFFICE SUPPLIES,0.0,0
2701760,2017-03-01,16,HOME APPLIANCES,0.0,0
1338992,2015-01-24,29,HOME APPLIANCES,0.0,0
643117,2013-12-28,53,GROCERY II,0.0,0
989111,2014-07-11,12,BEAUTY,1.0,0
1058060,2014-08-18,46,HARDWARE,0.0,0
691890,2014-01-25,22,GROCERY I,0.0,0
75888,2013-02-12,38,LINGERIE,40.0,0
406856,2013-08-17,24,SEAFOOD,49.371002,0
1193920,2014-11-02,9,GROCERY II,5.0,0
2396279,2016-09-09,44,HOME APPLIANCES,4.0,0
2455948,2016-10-13,19,"LIQUOR,WINE,BEER",6.0,0
938493,2014-06-12,41,CELEBRATION,0.0,0
2228607,2016-06-07,4,HOME CARE,165.0,0
31343,2013-01-18,38,PET SUPPLIES,0.0,0
377055,2013-07-31,38,PRODUCE,6.0,0
1177538,2014-10-24,48,SEAFOOD,29.944,7
2620065,2017-01-14,23,PRODUCE,1475.943,8
525601,2013-10-22,7,EGGS,211.0,0
2225782,2016-06-06,10,SCHOOL AND OFFICE SUPPLIES,0.0,0
638805,2013-12-26,32,MEATS,30.115,0
819790,2014-04-07,11,BOOKS,0.0,0
1425992,2015-03-14,2,PREPARED FOODS,173.919,0
2359661,2016-08-20,17,PREPARED FOODS,104.0,1
437607,2013-09-03,37,PLAYERS AND ELECTRONICS,0.0,0
1038433,2014-08-07,45,"LIQUOR,WINE,BEER",150.0,0
2075434,2016-03-13,41,SCHOOL AND OFFICE SUPPLIES,0.0,0
1274838,2014-12-18,29,HOME AND KITCHEN I,0.0,0
899512,2014-05-21,47,SCHOOL AND OFFICE SUPPLIES,0.0,0
715170,2014-02-07,25,PLAYERS AND ELECTRONICS,0.0,0
2486315,2016-10-30,20,PREPARED FOODS,167.864,0
2014220,2016-02-08,24,SEAFOOD,23.976,0
2059743,2016-03-04,51,HOME AND KITCHEN I,27.0,0
900047,2014-05-22,13,BREAD/BAKERY,93.0,0
605298,2013-12-06,42,GROCERY I,0.0,0
1893328,2015-12-01,32,LADIESWEAR,0.0,0
2618076,2017-01-13,18,LINGERIE,1.0,0
357057,2013-07-20,27,PRODUCE,24.0,0
1333480,2015-01-21,24,HOME AND KITCHEN II,43.0,0
1527604,2015-05-10,21,BABY CARE,0.0,0
146788,2013-03-24,28,BOOKS,0.0,0
6484,2013-01-04,40,HOME AND KITCHEN II,0.0,0
226347,2013-05-08,10,AUTOMOTIVE,4.0,0
951856,2014-06-20,17,BOOKS,0.0,0
147283,2013-03-24,41,BOOKS,0.0,0
576658,2013-11-20,39,HOME AND KITCHEN II,0.0,0
1975844,2016-01-17,48,BEAUTY,27.0,1
1426323,2015-03-14,29,PRODUCE,0.0,0
1310625,2015-01-08,32,PRODUCE,0.0,0
687719,2014-01-22,54,SEAFOOD,2.0,0
1592412,2015-06-15,39,PRODUCE,1754.625,6
2332446,2016-08-04,53,CELEBRATION,9.0,0
1105400,2014-09-14,24,SEAFOOD,47.826,0
1440443,2015-03-22,25,PET SUPPLIES,0.0,0
66099,2013-02-07,14,AUTOMOTIVE,1.0,0
1214803,2014-11-14,44,CLEANING,2016.0,1
2484652,2016-10-29,24,HOME AND KITCHEN II,48.0,1
1216965,2014-11-15,54,MEATS,47.806,2
1308866,2015-01-07,33,LAWN AND GARDEN,0.0,0
1151198,2014-10-10,1,PET SUPPLIES,1.0,0
647843,2013-12-31,36,LAWN AND GARDEN,1.0,0
2765877,2017-04-06,15,HOME AND KITCHEN I,19.0,0
960917,2014-06-25,20,MAGAZINES,0.0,0
902729,2014-05-23,38,HARDWARE,0.0,0
661099,2014-01-07,9,EGGS,193.0,0
777946,2014-03-14,37,BOOKS,0.0,0
895993,2014-05-19,49,EGGS,398.0,0
1943765,2015-12-30,47,SEAFOOD,103.823,0
519921,2013-10-19,47,CELEBRATION,0.0,0
1915245,2015-12-13,47,MEATS,1122.823,1
1172923,2014-10-22,2,BOOKS,0.0,0
2129240,2016-04-12,51,HARDWARE,0.0,0
973002,2014-07-02,1,PRODUCE,3951.501,178
2027089,2016-02-15,35,SCHOOL AND OFFICE SUPPLIES,0.0,0
124222,2013-03-11,44,EGGS,518.0,0
2833200,2017-05-13,53,HOME CARE,245.0,12
1356384,2015-02-03,17,HOME CARE,0.0,0
2008586,2016-02-05,17,DAIRY,378.0,0
1986478,2016-01-23,46,EGGS,215.0,0
2221272,2016-06-03,34,DELI,255.797,53
75396,2013-02-12,24,MEATS,273.993,0
832312,2014-04-14,12,LADIESWEAR,0.0,0
2349048,2016-08-14,2,DELI,247.702,4
1266779,2014-12-13,52,DAIRY,0.0,0
2200051,2016-05-22,39,CLEANING,1969.0,21
1894304,2015-12-02,10,BREAD/BAKERY,160.0,0
312374,2013-06-25,23,PREPARED FOODS,32.0,0
1387493,2015-02-20,4,DAIRY,692.0,2
1824063,2015-10-23,39,LINGERIE,1.0,0
2874556,2017-06-06,14,PERSONAL CARE,423.0,7
466829,2013-09-19,8,FROZEN FOODS,133.0,0
1529040,2015-05-11,11,HOME CARE,517.0,1
414975,2013-08-21,52,AUTOMOTIVE,0.0,0
1653303,2015-07-19,48,BEVERAGES,6775.0,7
1243896,2014-12-01,10,PLAYERS AND ELECTRONICS,3.0,0
19923,2013-01-12,18,MEATS,90.157,0
2945578,2017-07-15,7,SCHOOL AND OFFICE SUPPLIES,0.0,0
181298,2013-04-12,45,PREPARED FOODS,131.0,0
738285,2014-02-20,24,DELI,201.641,0
62816,2013-02-05,21,HOME APPLIANCES,0.0,0
1066888,2014-08-23,43,SCHOOL AND OFFICE SUPPLIES,0.0,0
2846990,2017-05-21,40,HARDWARE,1.0,0
358829,2013-07-21,27,LAWN AND GARDEN,12.0,0
1808799,2015-10-15,11,BEVERAGES,2269.0,3
600904,2013-12-04,2,CLEANING,1240.0,0
2242543,2016-06-15,30,POULTRY,106.67,5
2728691,2017-03-16,21,LAWN AND GARDEN,2.0,0
2512905,2016-11-14,17,LINGERIE,2.0,0
1209366,2014-11-11,41,HOME AND KITCHEN I,245.0,0
996965,2014-07-15,32,BEAUTY,2.0,0
605863,2013-12-06,9,HOME AND KITCHEN II,0.0,0
1740509,2015-09-06,44,MAGAZINES,7.0,0
1171236,2014-10-21,22,AUTOMOTIVE,0.0,0
2031542,2016-02-18,10,PREPARED FOODS,35.0,0
1964875,2016-01-11,4,"LIQUOR,WINE,BEER",23.0,0
437522,2013-09-03,35,DAIRY,58.0,0
24032,2013-01-14,33,DAIRY,138.0,0
1900145,2015-12-05,24,BREAD/BAKERY,827.496,0
860376,2014-04-29,5,AUTOMOTIVE,0.0,0
787395,2014-03-19,51,HOME AND KITCHEN I,12.0,0
683555,2014-01-20,38,PET SUPPLIES,2.0,0
2369452,2016-08-25,41,LADIESWEAR,16.0,0
2169973,2016-05-05,44,PERSONAL CARE,365.0,2
1789676,2015-10-04,24,LAWN AND GARDEN,10.0,0
1721848,2015-08-27,21,CLEANING,776.0,0
1611838,2015-06-26,34,LADIESWEAR,2.0,0
382198,2013-08-03,32,PERSONAL CARE,209.0,0
2844655,2017-05-20,25,"LIQUOR,WINE,BEER",364.0,7
2392587,2016-09-07,40,LINGERIE,6.0,0
2045387,2016-02-25,49,HARDWARE,2.0,0
2385991,2016-09-03,6,PERSONAL CARE,449.0,6
2716349,2017-03-09,25,LAWN AND GARDEN,16.0,0
1447517,2015-03-26,24,BREAD/BAKERY,528.381,0
1597014,2015-06-18,19,GROCERY I,2408.0,2
349434,2013-07-16,13,PRODUCE,0.0,0
1654301,2015-07-20,26,FROZEN FOODS,16.0,1
1860253,2015-11-12,54,EGGS,40.0,0
1561744,2015-05-29,29,LADIESWEAR,0.0,0
1439853,2015-03-21,9,PRODUCE,0.0,0
1373585,2015-02-12,49,PET SUPPLIES,0.0,0
244411,2013-05-18,17,GROCERY II,13.0,0
1860001,2015-11-12,47,"LIQUOR,WINE,BEER",230.0,0
1683820,2015-08-05,53,POULTRY,112.486,0
1753088,2015-09-13,47,PREPARED FOODS,349.066,0
1248867,2014-12-03,5,HOME AND KITCHEN I,10.0,0
2347842,2016-08-13,35,MEATS,213.993,0
2896601,2017-06-18,32,PET SUPPLIES,1.0,0
423016,2013-08-26,28,"LIQUOR,WINE,BEER",13.0,0
702059,2014-01-30,8,HOME APPLIANCES,2.0,0
2972526,2017-07-31,13,HOME CARE,162.0,7
2764483,2017-04-05,26,CLEANING,464.0,5
1754985,2015-09-14,50,GROCERY I,5224.0,11
924602,2014-06-04,51,DAIRY,1724.0,0
2642827,2017-01-27,12,"LIQUOR,WINE,BEER",48.0,1
990368,2014-07-11,47,BREAD/BAKERY,882.518,1
117544,2013-03-07,7,SCHOOL AND OFFICE SUPPLIES,0.0,0
2851611,2017-05-24,20,HOME AND KITCHEN I,18.0,0
2282393,2016-07-07,49,HARDWARE,3.0,0
1764024,2015-09-19,54,DELI,224.0,3
2020308,2016-02-11,45,HOME AND KITCHEN I,96.0,0
317910,2013-06-28,29,LINGERIE,0.0,0
1361564,2015-02-06,12,HOME APPLIANCES,0.0,0
478106,2013-09-26,24,BEAUTY,5.0,0
1716762,2015-08-24,29,BEVERAGES,1720.0,4
2029220,2016-02-16,45,HOME APPLIANCES,1.0,0
2609255,2017-01-08,20,FROZEN FOODS,143.084,3
2212154,2016-05-29,28,SEAFOOD,13.0,0
591349,2013-11-28,50,"LIQUOR,WINE,BEER",93.0,0
2358459,2016-08-19,33,HOME AND KITCHEN I,33.0,0
1708774,2015-08-19,54,BABY CARE,0.0,0
2957806,2017-07-22,5,HOME AND KITCHEN II,19.0,0
797093,2014-03-25,24,FROZEN FOODS,173.534,0
2252185,2016-06-20,51,BABY CARE,0.0,0
2756955,2017-04-01,15,BEVERAGES,2500.0,22
932061,2014-06-09,11,DELI,298.802,0
2671015,2017-02-11,52,POULTRY,0.0,0
1293089,2014-12-29,40,HOME APPLIANCES,1.0,0
2473932,2016-10-23,23,LINGERIE,7.0,0
394060,2013-08-10,16,CLEANING,1167.0,0
2182499,2016-05-12,46,FROZEN FOODS,229.854,5
757723,2014-03-03,2,EGGS,147.0,0
902768,2014-05-23,39,LAWN AND GARDEN,17.0,0
1008494,2014-07-21,6,HARDWARE,0.0,0
2435858,2016-10-01,54,PREPARED FOODS,40.0,2
1953536,2016-01-05,22,BEAUTY,0.0,0
1919662,2015-12-16,21,LADIESWEAR,0.0,0
2265583,2016-06-28,28,BABY CARE,0.0,0
1563972,2015-05-30,41,BEVERAGES,2583.0,4
2451944,2016-10-10,7,FROZEN FOODS,197.551,3
1888431,2015-11-28,45,CELEBRATION,45.0,0
15530,2013-01-09,44,LAWN AND GARDEN,2.0,0
263769,2013-05-29,10,AUTOMOTIVE,0.0,0
668074,2014-01-11,53,"LIQUOR,WINE,BEER",0.0,0
355654,2013-07-19,38,GROCERY II,21.0,0
2368419,2016-08-25,13,DELI,105.0,7
927754,2014-06-06,4,PERSONAL CARE,148.0,0
2456240,2016-10-13,27,HOME APPLIANCES,0.0,0
2162469,2016-05-01,34,GROCERY I,4901.97,55
753529,2014-02-28,51,CLEANING,1703.0,0
194080,2013-04-19,54,CLEANING,692.0,0
497675,2013-10-07,23,BEAUTY,0.0,0
459940,2013-09-16,14,LADIESWEAR,0.0,0
2802705,2017-04-26,48,HOME AND KITCHEN I,39.0,0
1750348,2015-09-12,20,POULTRY,398.27002,0
1913629,2015-12-12,51,PERSONAL CARE,313.0,3
2212319,2016-05-29,32,SEAFOOD,3.0,0
1938193,2015-12-27,41,BOOKS,0.0,0
1900563,2015-12-05,35,PLAYERS AND ELECTRONICS,4.0,0
2538244,2016-11-28,28,HOME AND KITCHEN II,24.0,2
2521284,2016-11-18,51,HOME CARE,309.0,10
747463,2014-02-25,31,GROCERY II,18.0,0
1759475,2015-09-17,27,HARDWARE,2.0,0
1345669,2015-01-28,16,POULTRY,80.160995,0
2538181,2016-11-28,26,LADIESWEAR,0.0,0
1755153,2015-09-14,6,HOME AND KITCHEN I,8.0,0
1482629,2015-04-15,1,BREAD/BAKERY,438.645,0
2700198,2017-02-28,22,CELEBRATION,15.0,0
1481964,2015-04-14,40,AUTOMOTIVE,6.0,0
1869164,2015-11-17,54,FROZEN FOODS,15.0,0
1055413,2014-08-17,22,CLEANING,0.0,0
286868,2013-06-10,8,SEAFOOD,34.137,0
1565986,2015-05-31,48,BOOKS,0.0,0
1925782,2015-12-19,43,BABY CARE,0.0,0
1706506,2015-08-18,40,EGGS,285.0,0
1636878,2015-07-10,37,GROCERY I,3444.0,7
164076,2013-04-03,13,AUTOMOTIVE,6.0,0
1290047,2014-12-27,6,FROZEN FOODS,371.457,6
2508296,2016-11-11,37,SEAFOOD,20.764,5
304321,2013-06-20,47,POULTRY,476.048,0
1775492,2015-09-26,26,PET SUPPLIES,2.0,0
139328,2013-03-20,19,BEAUTY,0.0,0
1758249,2015-09-16,42,DELI,165.474,0
1083253,2014-09-01,52,POULTRY,0.0,0
227276,2013-05-08,36,BREAD/BAKERY,0.0,0
2079799,2016-03-16,15,CLEANING,699.0,2
2204157,2016-05-24,53,LINGERIE,4.0,3
1415353,2015-03-08,21,HOME AND KITCHEN II,0.0,0
1884766,2015-11-26,42,BOOKS,0.0,0
625111,2013-12-17,48,PERSONAL CARE,548.0,0
1809127,2015-10-15,20,BABY CARE,0.0,0
697221,2014-01-28,21,PRODUCE,0.0,0
916565,2014-05-31,26,MAGAZINES,0.0,0
2087523,2016-03-20,31,DELI,297.536,0
1582444,2015-06-10,1,POULTRY,266.487,0
2364214,2016-08-22,44,POULTRY,1185.998,1
2517489,2016-11-16,45,HOME CARE,728.0,16
696473,2014-01-27,50,DAIRY,989.0,0
2975731,2017-08-01,52,"LIQUOR,WINE,BEER",181.0,4
1694208,2015-08-11,45,LINGERIE,2.0,0
608669,2013-12-08,37,HOME APPLIANCES,0.0,0
1155848,2014-10-12,4,MAGAZINES,0.0,0
498805,2013-10-07,54,EGGS,34.0,0
1623607,2015-07-03,15,CLEANING,988.0,1
254666,2013-05-23,54,BREAD/BAKERY,119.0,0
2688564,2017-02-21,45,LINGERIE,2.0,0
577808,2013-11-21,21,FROZEN FOODS,0.0,0
1232040,2014-11-24,28,HOME CARE,208.0,0
1959892,2016-01-08,5,"LIQUOR,WINE,BEER",74.0,0
1936164,2015-12-26,34,LINGERIE,19.0,0
1963058,2016-01-10,39,LAWN AND GARDEN,10.0,0
116883,2013-03-07,38,PRODUCE,0.0,0
1402345,2015-02-28,7,EGGS,260.0,0
1810693,2015-10-16,14,HOME AND KITCHEN II,12.0,0
1894449,2015-12-02,14,HOME CARE,283.0,0
1165973,2014-10-18,24,HOME APPLIANCES,0.0,0
459767,2013-09-16,1,FROZEN FOODS,104.0,0
181040,2013-04-12,39,BEAUTY,0.0,0
548508,2013-11-04,49,HOME AND KITCHEN I,0.0,0
375760,2013-07-30,51,"LIQUOR,WINE,BEER",96.0,0
489122,2013-10-02,32,PREPARED FOODS,15.0,0
1593586,2015-06-16,22,HOME AND KITCHEN II,0.0,0
2020965,2016-02-12,14,GROCERY I,2581.0,51
2432352,2016-09-29,7,LINGERIE,5.0,0
73448,2013-02-11,2,MAGAZINES,0.0,0
2001655,2016-02-01,22,CLEANING,691.0,0
1002481,2014-07-18,37,CLEANING,1070.0,3
269127,2013-06-01,10,GROCERY I,3899.0,0
1585355,2015-06-11,41,BEAUTY,0.0,0
1200127,2014-11-06,32,HOME AND KITCHEN II,2.0,0
1791431,2015-10-05,23,PET SUPPLIES,1.0,0
2795220,2017-04-22,38,LINGERIE,10.0,0
2347342,2016-08-13,21,LADIESWEAR,2.0,0
2028456,2016-02-16,24,GROCERY I,3832.0,30
1100934,2014-09-11,49,LINGERIE,2.0,0
1537588,2015-05-15,50,LADIESWEAR,0.0,0
215253,2013-05-01,48,PLAYERS AND ELECTRONICS,0.0,0
1288902,2014-12-27,23,LINGERIE,2.0,0
318061,2013-06-28,33,CLEANING,647.0,0
1103103,2014-09-13,10,GROCERY I,2915.0,13
2821864,2017-05-07,36,BABY CARE,0.0,0
1097181,2014-09-09,43,PRODUCE,643.184,70
1821453,2015-10-22,16,HOME CARE,120.0,0
2491042,2016-11-01,53,BOOKS,0.0,0
428759,2013-08-29,39,MAGAZINES,0.0,0
741812,2014-02-22,23,BREAD/BAKERY,264.85,0
749491,2014-02-26,38,POULTRY,193.137,0
1186909,2014-10-30,11,SCHOOL AND OFFICE SUPPLIES,2.0,0
2996110,2017-08-13,25,CLEANING,449.0,12
187548,2013-04-16,21,DELI,0.0,0
1254045,2014-12-06,45,GROCERY I,12052.0,20
1729101,2015-08-31,25,AUTOMOTIVE,2.0,0
2411036,2016-09-17,9,MAGAZINES,6.0,0
2262675,2016-06-26,45,PRODUCE,8476.214,1
723776,2014-02-12,17,LAWN AND GARDEN,0.0,0
236950,2013-05-13,8,EGGS,284.0,0
1010899,2014-07-23,23,EGGS,50.0,0
158522,2013-03-30,7,MAGAZINES,0.0,0
484721,2013-09-30,1,HOME APPLIANCES,0.0,0
832369,2014-04-14,14,EGGS,65.0,0
456287,2013-09-14,11,PREPARED FOODS,26.0,0
766544,2014-03-08,17,LAWN AND GARDEN,0.0,0
837238,2014-04-16,5,POULTRY,232.94,0
2350622,2016-08-15,13,SEAFOOD,2.0,0
1018332,2014-07-27,31,HOME CARE,395.0,0
2605085,2017-01-05,52,SEAFOOD,0.0,0
2760767,2017-04-03,21,LAWN AND GARDEN,2.0,0
1010427,2014-07-23,10,AUTOMOTIVE,7.0,0
1853551,2015-11-09,17,CLEANING,1203.0,0
2472941,2016-10-22,45,LAWN AND GARDEN,16.0,0
460362,2013-09-16,26,GROCERY I,1657.0,0
446109,2013-09-08,26,HOME AND KITCHEN I,0.0,0
1888057,2015-11-28,34,POULTRY,137.848,0
1441185,2015-03-22,46,DELI,1395.107,2
2907485,2017-06-24,38,LAWN AND GARDEN,25.0,0
731361,2014-02-16,3,HOME AND KITCHEN I,0.0,0
1724695,2015-08-28,50,HOME AND KITCHEN II,49.0,0
2643855,2017-01-27,40,PLAYERS AND ELECTRONICS,6.0,0
198633,2013-04-22,32,CELEBRATION,0.0,0
1015428,2014-07-25,5,HOME CARE,217.0,1
2750397,2017-03-28,30,GROCERY I,2136.0,35
1432912,2015-03-18,14,LADIESWEAR,0.0,0
2920672,2017-07-01,9,CLEANING,2768.0,53
2068996,2016-03-10,11,POULTRY,542.066,0
1777270,2015-09-27,26,"LIQUOR,WINE,BEER",0.0,0
2418576,2016-09-22,20,CELEBRATION,1.0,0
454934,2013-09-13,23,PREPARED FOODS,53.279,0
680981,2014-01-19,16,PET SUPPLIES,0.0,0
1173688,2014-10-22,40,EGGS,141.0,1
2029824,2016-02-17,12,PLAYERS AND ELECTRONICS,0.0,0
2281414,2016-07-07,21,PERSONAL CARE,210.0,10
303525,2013-06-20,25,MEATS,106.717,0
1942399,2015-12-30,1,LADIESWEAR,25.0,0
1869731,2015-11-18,20,HOME APPLIANCES,0.0,0
2300047,2016-07-17,44,GROCERY II,46.0,0
281000,2013-06-07,43,BREAD/BAKERY,209.0,0
354276,2013-07-18,49,LINGERIE,5.0,0
2902598,2017-06-21,50,HOME APPLIANCES,3.0,0
2000678,2016-01-31,44,LAWN AND GARDEN,14.0,0
848962,2014-04-23,3,BOOKS,0.0,0
2623675,2017-01-16,25,EGGS,85.0,2
1887554,2015-11-28,20,LAWN AND GARDEN,4.0,0
274993,2013-06-04,25,BOOKS,0.0,0
1683653,2015-08-05,49,PET SUPPLIES,8.0,0
1652781,2015-07-19,33,DELI,332.0,0
2138049,2016-04-17,49,GROCERY I,21134.0,44
1573326,2015-06-04,53,HOME CARE,89.0,1
1007017,2014-07-21,14,"LIQUOR,WINE,BEER",14.0,0
1328610,2015-01-18,37,PRODUCE,10.0,0
1951422,2016-01-04,13,AUTOMOTIVE,8.0,0
708060,2014-02-03,26,GROCERY I,1766.0,0
432746,2013-08-31,50,HOME APPLIANCES,0.0,0
1702503,2015-08-16,29,AUTOMOTIVE,5.0,0
541303,2013-10-31,47,BOOKS,0.0,0
2427306,2016-09-27,15,MEATS,147.867,0
2512142,2016-11-13,45,HOME APPLIANCES,0.0,0
1256095,2014-12-07,52,HOME AND KITCHEN II,0.0,0
1142856,2014-10-05,26,AUTOMOTIVE,4.0,0
846587,2014-04-22,13,BREAD/BAKERY,130.0,0
2768907,2017-04-07,5,DELI,201.818,59
1421238,2015-03-11,36,PLAYERS AND ELECTRONICS,0.0,0
2142765,2016-04-20,31,DELI,219.845,2
1357791,2015-02-03,7,CELEBRATION,0.0,0
1297888,2015-01-01,25,SCHOOL AND OFFICE SUPPLIES,0.0,0
1739898,2015-09-06,28,CELEBRATION,13.0,0
1421719,2015-03-11,5,GROCERY II,19.0,0
2640673,2017-01-25,51,GROCERY II,27.0,0
62962,2013-02-05,25,SCHOOL AND OFFICE SUPPLIES,0.0,0
1042944,2014-08-10,22,GROCERY I,0.0,0
1533393,2015-05-13,33,HOME AND KITCHEN I,18.0,0
2871125,2017-06-04,18,PET SUPPLIES,11.0,0
2001457,2016-02-01,17,CLEANING,1419.0,1
1523832,2015-05-08,15,MEATS,83.167,0
2909900,2017-06-25,6,PET SUPPLIES,20.0,0
465530,2013-09-19,20,SEAFOOD,0.0,0
502196,2013-10-09,5,BEAUTY,1.0,0
565899,2013-11-14,37,HOME AND KITCHEN I,0.0,0
2715356,2017-03-08,47,HOME APPLIANCES,4.0,0
1523287,2015-05-07,5,CLEANING,1054.0,4
941546,2014-06-14,27,MAGAZINES,0.0,0
1714551,2015-08-23,17,BEVERAGES,3339.0,3
723401,2014-02-11,7,DAIRY,1185.0,0
2899652,2017-06-20,19,DAIRY,390.0,28
1773763,2015-09-25,28,GROCERY II,8.0,0
2882873,2017-06-10,47,PET SUPPLIES,27.0,0
308185,2013-06-22,6,SCHOOL AND OFFICE SUPPLIES,0.0,0
2179453,2016-05-11,11,BABY CARE,0.0,0
638217,2013-12-26,16,PRODUCE,0.0,0
1842160,2015-11-02,47,BABY CARE,0.0,0
815949,2014-04-04,52,MEATS,0.0,0
2793659,2017-04-21,44,FROZEN FOODS,482.798,2
633131,2013-12-22,23,PET SUPPLIES,0.0,0
1755345,2015-09-15,11,DELI,500.309,6
1292118,2014-12-29,14,BEVERAGES,1421.0,0
1087419,2014-09-04,20,BEVERAGES,0.0,0
1183368,2014-10-28,12,LINGERIE,5.0,0
1237066,2014-11-27,19,POULTRY,259.193,12
1168225,2014-10-19,37,PERSONAL CARE,280.0,2
1594528,2015-06-16,49,BABY CARE,0.0,0
2187088,2016-05-15,25,GROCERY II,22.0,0
1517641,2015-05-04,41,BOOKS,0.0,0
849981,2014-04-23,9,AUTOMOTIVE,8.0,0
2058256,2016-03-04,10,GROCERY II,7.0,0
2554685,2016-12-07,39,MAGAZINES,3.0,0
1343450,2015-01-26,53,LAWN AND GARDEN,1.0,0
1946648,2016-01-01,29,FROZEN FOODS,0.0,0
1586409,2015-06-12,21,AUTOMOTIVE,0.0,0
217862,2013-05-03,21,PREPARED FOODS,0.0,0
2887712,2017-06-13,33,HARDWARE,1.0,0
889631,2014-05-16,20,HOME APPLIANCES,0.0,0
527274,2013-10-23,53,AUTOMOTIVE,0.0,0
65940,2013-02-07,1,CELEBRATION,0.0,0
858674,2014-04-28,51,HARDWARE,0.0,0
2084108,2016-03-18,35,PET SUPPLIES,0.0,0
1451031,2015-03-28,22,LINGERIE,0.0,0
2566196,2016-12-14,12,HOME APPLIANCES,0.0,0
2447797,2016-10-08,4,"LIQUOR,WINE,BEER",165.0,4
1124331,2014-09-24,6,LINGERIE,13.0,0
2134507,2016-04-15,5,BABY CARE,0.0,0
1075671,2014-08-28,40,BEVERAGES,421.0,0
2593970,2016-12-30,41,BREAD/BAKERY,605.456,3
964099,2014-06-27,10,BOOKS,0.0,0
2960673,2017-07-24,30,GROCERY I,1637.0,36
2222325,2016-06-04,14,CELEBRATION,2.0,0
230336,2013-05-10,21,PREPARED FOODS,0.0,0
1925937,2015-12-19,47,MEATS,965.873,0
467385,2013-09-20,23,CELEBRATION,0.0,0
2567472,2016-12-14,48,CELEBRATION,14.0,1
2977725,2017-08-03,1,BEVERAGES,2037.0,7
1048464,2014-08-13,27,LINGERIE,8.0,0
2247111,2016-06-18,1,DELI,137.046,3
2578973,2016-12-21,20,MAGAZINES,3.0,0
1392455,2015-02-23,29,LAWN AND GARDEN,0.0,0
270642,2013-06-01,52,DELI,0.0,0
2978039,2017-08-03,18,LAWN AND GARDEN,8.0,0
597600,2013-12-02,27,BEVERAGES,1186.0,0
1825525,2015-10-24,3,SCHOOL AND OFFICE SUPPLIES,0.0,0
1311432,2015-01-08,6,GROCERY I,3467.0,12
1636157,2015-07-10,17,HOME APPLIANCES,0.0,0
2744415,2017-03-25,13,BEVERAGES,2015.0,15
2140012,2016-04-18,53,POULTRY,4.583,0
198572,2013-04-22,30,FROZEN FOODS,18.0,0
2201803,2016-05-23,38,EGGS,119.0,0
345603,2013-07-13,6,PLAYERS AND ELECTRONICS,0.0,0
926754,2014-06-06,12,HOME AND KITCHEN I,0.0,0
459668,2013-09-15,7,FROZEN FOODS,215.226,0
2830015,2017-05-12,15,BABY CARE,1.0,0
1402811,2015-03-01,2,HARDWARE,3.0,0
425941,2013-08-28,10,EGGS,36.0,0
752868,2014-02-28,33,CELEBRATION,0.0,0
1666017,2015-07-26,54,GROCERY I,4277.0,9
1905986,2015-12-08,38,BREAD/BAKERY,472.855,0
844611,2014-04-20,8,DELI,316.153,0
2670736,2017-02-11,45,GROCERY II,72.0,1
2968341,2017-07-28,45,MEATS,2003.222,53
1208061,2014-11-10,54,PRODUCE,425.964,0
992045,2014-07-12,43,SEAFOOD,0.0,0
442219,2013-09-06,17,LADIESWEAR,0.0,0
24973,2013-01-15,1,PERSONAL CARE,95.0,0
1728221,2015-08-30,5,FROZEN FOODS,118.0,1
1311941,2015-01-09,2,PET SUPPLIES,0.0,0
1732524,2015-09-02,20,MEATS,303.988,0
302380,2013-06-19,43,BABY CARE,0.0,0
1400323,2015-02-27,5,BABY CARE,0.0,0
2904659,2017-06-22,9,SEAFOOD,14.226,0
1442492,2015-03-23,32,PREPARED FOODS,14.0,0
1366906,2015-02-09,12,GROCERY II,6.0,0
1609598,2015-06-25,21,MAGAZINES,0.0,0
1799050,2015-10-09,37,"LIQUOR,WINE,BEER",196.0,3
2280912,2016-07-06,8,HOME CARE,382.0,5
98709,2013-02-25,29,CELEBRATION,0.0,0
668123,2014-01-11,6,BREAD/BAKERY,538.007,0
848397,2014-04-23,14,AUTOMOTIVE,0.0,0
1207125,2014-11-10,29,HOME CARE,0.0,0
1055276,2014-08-17,19,BEAUTY,2.0,0
2146239,2016-04-22,29,HOME CARE,542.0,1
293273,2013-06-14,38,BEAUTY,1.0,0
2106397,2016-03-31,11,CLEANING,1704.0,1
1058469,2014-08-18,8,PLAYERS AND ELECTRONICS,0.0,0
44411,2013-01-25,54,PET SUPPLIES,0.0,0
2558153,2016-12-09,36,PET SUPPLIES,2.0,0
2306833,2016-07-21,35,BABY CARE,0.0,0
1462912,2015-04-03,6,"LIQUOR,WINE,BEER",147.0,0
1566562,2015-06-01,14,LADIESWEAR,0.0,0
2047374,2016-02-26,54,LINGERIE,5.0,0
290468,2013-06-13,1,BEAUTY,0.0,0
2820262,2017-05-06,40,HOME AND KITCHEN II,39.0,1
2179695,2016-05-11,18,GROCERY I,3747.0,76
1449696,2015-03-27,35,CELEBRATION,0.0,0
1791425,2015-10-05,23,LAWN AND GARDEN,0.0,0
2868669,2017-06-02,49,GROCERY I,10716.0,49
1097017,2014-09-09,39,SCHOOL AND OFFICE SUPPLIES,12.0,0
1291701,2014-12-28,51,HOME AND KITCHEN I,9.0,0
779630,2014-03-15,34,BREAD/BAKERY,760.0,0
2308684,2016-07-22,37,BOOKS,0.0,0
640057,2013-12-27,18,"LIQUOR,WINE,BEER",128.0,0
2631885,2017-01-20,6,BEVERAGES,3795.0,47
1350836,2015-01-31,11,HARDWARE,0.0,0
2716591,2017-03-09,31,SCHOOL AND OFFICE SUPPLIES,2.0,0
2886167,2017-06-12,4,LAWN AND GARDEN,18.0,0
2166792,2016-05-03,6,GROCERY I,4816.0,74
2089861,2016-03-21,47,BOOKS,0.0,0
241263,2013-05-16,29,AUTOMOTIVE,0.0,0
814351,2014-04-03,9,EGGS,136.0,20
268430,2013-05-31,40,DAIRY,105.0,0
2434737,2016-10-01,23,PRODUCE,1276.235,2
2082458,2016-03-17,39,PET SUPPLIES,1.0,0
767543,2014-03-08,44,PREPARED FOODS,637.385,0
512305,2013-10-15,33,GROCERY II,0.0,0
1313751,2015-01-10,20,LINGERIE,0.0,0
814783,2014-04-04,20,GROCERY II,0.0,0
2672668,2017-02-12,49,SCHOOL AND OFFICE SUPPLIES,8.0,0
2001278,2016-02-01,11,PET SUPPLIES,1.0,0
37939,2013-01-22,23,"LIQUOR,WINE,BEER",15.0,0
2790057,2017-04-19,43,CELEBRATION,9.0,0
2673560,2017-02-13,24,SEAFOOD,23.462,1
420383,2013-08-24,53,PREPARED FOODS,0.0,0
1240329,2014-11-29,10,MEATS,200.43001,0
236315,2013-05-13,4,BEAUTY,1.0,0
1472213,2015-04-09,17,HOME APPLIANCES,0.0,0
1468272,2015-04-06,7,BEVERAGES,2332.0,3
541185,2013-10-31,43,HOME CARE,0.0,0
1316545,2015-01-11,49,EGGS,644.0,0
1735327,2015-09-03,49,"LIQUOR,WINE,BEER",220.0,0
755990,2014-03-02,20,PET SUPPLIES,0.0,0
1349337,2015-01-30,2,AUTOMOTIVE,3.0,0
380068,2013-08-02,23,CLEANING,629.0,0
550867,2013-11-06,15,SCHOOL AND OFFICE SUPPLIES,0.0,0
2600077,2017-01-03,13,CLEANING,1250.0,8
2828240,2017-05-11,15,DAIRY,355.0,16
2305011,2016-07-20,33,PLAYERS AND ELECTRONICS,3.0,0
1826202,2015-10-24,49,HOME AND KITCHEN I,72.0,0
1002,2013-01-01,37,GROCERY I,0.0,0
809475,2014-04-01,21,HOME CARE,0.0,0
1337448,2015-01-23,35,MEATS,137.853,0
1843245,2015-11-03,27,PRODUCE,3736.084,0
1565113,2015-05-31,23,"LIQUOR,WINE,BEER",0.0,0
1679686,2015-08-03,38,LADIESWEAR,38.0,0
2881905,2017-06-10,20,HOME AND KITCHEN I,64.0,4
2012431,2016-02-07,24,PERSONAL CARE,158.0,0
442881,2013-09-06,35,LINGERIE,0.0,0
1263734,2014-12-12,17,SEAFOOD,0.0,0
2285052,2016-07-09,24,AUTOMOTIVE,3.0,0
819895,2014-04-07,14,EGGS,59.0,0
1882085,2015-11-25,17,PREPARED FOODS,73.0,10
1278279,2014-12-20,25,MEATS,189.96199,1
2819983,2017-05-06,33,BABY CARE,0.0,0
1734948,2015-09-03,39,CELEBRATION,12.0,0
1407536,2015-03-03,51,LAWN AND GARDEN,17.0,0
2345233,2016-08-12,12,"LIQUOR,WINE,BEER",68.0,0
2500524,2016-11-07,2,HOME AND KITCHEN I,35.0,0
2411301,2016-09-18,16,MEATS,72.006996,0
550235,2013-11-05,47,PET SUPPLIES,0.0,0
898373,2014-05-21,16,HARDWARE,4.0,0
2033205,2016-02-18,8,DELI,201.653,1
1595001,2015-06-17,12,GROCERY I,2454.0,0
1437778,2015-03-20,50,BABY CARE,0.0,0
1141894,2014-10-04,48,POULTRY,1842.187,0
1179824,2014-10-26,13,DAIRY,368.0,1
1916375,2015-12-14,29,SEAFOOD,4.0,0
2782927,2017-04-15,43,BOOKS,0.0,0
1632745,2015-07-08,21,BOOKS,0.0,0
1604266,2015-06-22,22,BOOKS,0.0,0
1050295,2014-08-14,29,BOOKS,0.0,0
2652609,2017-02-01,37,BEVERAGES,3743.0,24
682731,2014-01-20,15,PLAYERS AND ELECTRONICS,0.0,0
77207,2013-02-13,25,LAWN AND GARDEN,0.0,0
759539,2014-03-04,20,FROZEN FOODS,0.0,0
1292731,2014-12-29,30,"LIQUOR,WINE,BEER",84.0,0
2989125,2017-08-09,29,HOME CARE,158.0,5
291293,2013-06-13,32,BEAUTY,0.0,0
722686,2014-02-11,36,LADIESWEAR,0.0,0
804643,2014-03-29,36,BOOKS,0.0,0
703545,2014-01-31,49,HOME CARE,297.0,0
1180917,2014-10-26,43,GROCERY I,4006.0,3
404955,2013-08-16,21,GROCERY I,0.0,0
2521104,2016-11-18,47,BEVERAGES,7359.0,59
2560421,2016-12-10,5,HOME APPLIANCES,0.0,0
2430277,2016-09-28,48,PERSONAL CARE,386.0,6
1508406,2015-04-29,32,DELI,97.0,0
384254,2013-08-04,40,BEAUTY,0.0,0
735645,2014-02-18,5,DELI,195.332,0
2449818,2016-10-09,46,PRODUCE,5079.612,43
1446052,2015-03-25,32,PERSONAL CARE,74.0,0
154681,2013-03-28,49,EGGS,296.0,0
2551020,2016-12-05,36,LINGERIE,0.0,0
2700251,2017-02-28,23,PET SUPPLIES,2.0,0
428222,2013-08-29,24,HARDWARE,3.0,0
1917421,2015-12-14,9,"LIQUOR,WINE,BEER",42.0,0
2569171,2016-12-15,45,"LIQUOR,WINE,BEER",346.0,7
2788383,2017-04-18,46,HOME AND KITCHEN I,20.0,1
2906048,2017-06-23,48,BEAUTY,6.0,0
699352,2014-01-29,31,HOME AND KITCHEN II,8.0,0
189188,2013-04-17,17,SEAFOOD,6.0,0
1610723,2015-06-25,52,PET SUPPLIES,0.0,0
960696,2014-06-25,15,AUTOMOTIVE,1.0,0
2180518,2016-05-11,40,EGGS,111.0,0
737488,2014-02-19,51,BOOKS,0.0,0
22612,2013-01-13,43,CLEANING,692.0,0
207122,2013-04-27,20,HARDWARE,0.0,0
1673402,2015-07-31,12,BREAD/BAKERY,140.0,0
1858016,2015-11-11,41,HOME APPLIANCES,0.0,0
248871,2013-05-20,41,HOME CARE,0.0,0
2520241,2016-11-18,22,SCHOOL AND OFFICE SUPPLIES,0.0,0
2154555,2016-04-27,12,HOME CARE,160.0,1
2221465,2016-06-03,4,BOOKS,0.0,0
329902,2013-07-05,16,BABY CARE,0.0,0
2650281,2017-01-31,21,HOME CARE,287.0,14
2376332,2016-08-29,35,BEAUTY,1.0,1
385801,2013-08-05,33,SCHOOL AND OFFICE SUPPLIES,0.0,0
942520,2014-06-14,54,CLEANING,981.0,4
563668,2013-11-13,24,POULTRY,626.395,0
1922340,2015-12-17,46,MEATS,998.13696,0
1119874,2014-09-22,30,LADIESWEAR,0.0,0
2945607,2017-07-15,8,PLAYERS AND ELECTRONICS,29.0,0
2094643,2016-03-24,31,BABY CARE,2.0,0
2615170,2017-01-11,36,LADIESWEAR,0.0,0
1378634,2015-02-15,40,PET SUPPLIES,0.0,0
792958,2014-03-22,9,BABY CARE,0.0,0
817381,2014-04-05,43,BOOKS,0.0,0
2665638,2017-02-08,51,PRODUCE,7628.849,211
2276058,2016-07-04,21,HOME AND KITCHEN I,13.0,0
2473634,2016-10-23,15,LAWN AND GARDEN,0.0,0
2793232,2017-04-21,32,GROCERY II,0.0,0
405750,2013-08-16,43,HOME AND KITCHEN I,0.0,0
1345957,2015-01-28,24,LADIESWEAR,0.0,0
2186823,2016-05-15,18,GROCERY I,4616.301,60
1709564,2015-08-20,26,SEAFOOD,4.552,0
419760,2013-08-24,37,AUTOMOTIVE,4.0,0
2825996,2017-05-09,51,DAIRY,1250.0,34
2302831,2016-07-19,22,PERSONAL CARE,108.0,5
1334468,2015-01-21,51,HARDWARE,0.0,0
1859970,2015-11-12,46,MEATS,822.712,0
1006716,2014-07-20,6,HOME CARE,461.0,1
692650,2014-01-25,43,GROCERY II,6.0,0
32491,2013-01-19,20,LADIESWEAR,0.0,0
1279790,2014-12-21,18,HOME APPLIANCES,0.0,0
2064904,2016-03-07,46,POULTRY,914.928,0
2027841,2016-02-15,7,MEATS,554.318,0
643877,2013-12-29,25,HARDWARE,1.0,0
1721258,2015-08-26,54,FROZEN FOODS,9.0,0
1288928,2014-12-27,24,HARDWARE,2.0,0
2592501,2016-12-29,5,LINGERIE,36.0,0
1935829,2015-12-26,25,HOME AND KITCHEN II,78.0,1
1835017,2015-10-29,46,LADIESWEAR,20.0,0
864926,2014-05-02,27,PREPARED FOODS,77.0,0
68204,2013-02-08,22,PET SUPPLIES,0.0,0
81462,2013-02-15,44,HOME CARE,0.0,0
301351,2013-06-19,14,POULTRY,40.117,0
1120771,2014-09-22,6,PERSONAL CARE,320.0,1
196863,2013-04-21,32,HOME CARE,0.0,0
2309287,2016-07-22,53,GROCERY II,10.0,0
576119,2013-11-20,24,BREAD/BAKERY,653.345,0
1133730,2014-09-30,2,HOME AND KITCHEN I,27.0,0
2024079,2016-02-13,50,MEATS,515.925,0
2214237,2016-05-30,37,BEVERAGES,2475.0,37
25586,2013-01-15,27,FROZEN FOODS,49.868,0
617685,2013-12-13,4,MEATS,349.682,0
2743559,2017-03-24,39,BREAD/BAKERY,580.0,4
2387417,2016-09-04,45,SEAFOOD,181.562,2
2974344,2017-08-01,14,LINGERIE,2.0,0
1600845,2015-06-20,26,HOME AND KITCHEN I,4.0,0
1811645,2015-10-16,40,FROZEN FOODS,52.0,0
1436670,2015-03-20,2,HOME AND KITCHEN I,29.0,0
1208997,2014-11-11,31,DELI,217.5,0
2447573,2016-10-08,33,PREPARED FOODS,55.0,1
8573,2013-01-05,49,PET SUPPLIES,0.0,0
1433067,2015-03-18,19,DELI,324.0,0
696946,2014-01-28,14,LADIESWEAR,11.0,0
1046615,2014-08-12,25,LAWN AND GARDEN,1.0,0
2861218,2017-05-29,4,LADIESWEAR,10.0,0
471938,2013-09-22,50,BREAD/BAKERY,768.314,0
290982,2013-06-13,23,LINGERIE,8.0,0
991412,2014-07-12,26,PET SUPPLIES,1.0,0
1650632,2015-07-18,23,BREAD/BAKERY,283.899,1
1539008,2015-05-16,40,LAWN AND GARDEN,0.0,0
2316155,2016-07-26,46,HOME APPLIANCES,0.0,0
1655182,2015-07-20,50,BABY CARE,0.0,0
1190849,2014-11-01,22,FROZEN FOODS,0.0,0
1007565,2014-07-21,3,DELI,312.298,0
1745145,2015-09-09,25,CELEBRATION,5.0,2
883390,2014-05-12,45,GROCERY II,51.0,0
69377,2013-02-08,6,FROZEN FOODS,80.0,0
143436,2013-03-22,33,HOME CARE,0.0,0
1524235,2015-05-08,26,SCHOOL AND OFFICE SUPPLIES,0.0,0
1698178,2015-08-13,7,SCHOOL AND OFFICE SUPPLIES,2.0,0
2238539,2016-06-13,19,HOME APPLIANCES,0.0,0
916725,2014-05-31,30,HOME CARE,0.0,0
2085026,2016-03-19,11,LAWN AND GARDEN,0.0,0
1062935,2014-08-21,33,BREAD/BAKERY,254.0,1
1143570,2014-10-05,45,LINGERIE,2.0,0
1217153,2014-11-16,10,HARDWARE,3.0,0
1891387,2015-11-30,28,PERSONAL CARE,328.0,1
2243856,2016-06-16,18,LINGERIE,0.0,0
1784680,2015-10-01,34,CLEANING,1124.0,9
2381549,2016-09-01,31,BREAD/BAKERY,504.0,11
1697888,2015-08-13,49,BREAD/BAKERY,960.885,4
105029,2013-02-28,6,MAGAZINES,0.0,0
2628576,2017-01-19,12,PLAYERS AND ELECTRONICS,1.0,0
483254,2013-09-29,19,BEAUTY,1.0,0
508306,2013-10-13,21,CLEANING,0.0,0
466701,2013-09-19,53,HOME AND KITCHEN I,0.0,0
2955398,2017-07-21,32,HOME APPLIANCES,0.0,0
2304724,2016-07-20,26,BOOKS,0.0,0
1938004,2015-12-27,36,GROCERY II,30.0,2
232011,2013-05-11,19,LINGERIE,3.0,0
2409686,2016-09-17,20,PET SUPPLIES,8.0,0
237094,2013-05-14,11,"LIQUOR,WINE,BEER",13.0,0
199818,2013-04-23,16,BEVERAGES,378.0,0
2002867,2016-02-01,6,SCHOOL AND OFFICE SUPPLIES,0.0,0
1183897,2014-10-28,27,"LIQUOR,WINE,BEER",43.0,0
2904952,2017-06-23,17,POULTRY,272.499,20
1748906,2015-09-11,30,BREAD/BAKERY,102.0,0
1910798,2015-12-11,22,SEAFOOD,0.0,0
1509124,2015-04-29,52,BABY CARE,0.0,0
110362,2013-03-03,6,EGGS,444.0,0
952130,2014-06-20,24,HARDWARE,0.0,0
360613,2013-07-22,27,"LIQUOR,WINE,BEER",40.0,0
1063414,2014-08-21,46,"LIQUOR,WINE,BEER",93.0,0
930560,2014-06-08,19,PET SUPPLIES,0.0,0
2679120,2017-02-16,30,HOME AND KITCHEN I,24.0,2
279150,2013-06-06,41,BEVERAGES,379.0,0
2584566,2016-12-24,28,CELEBRATION,24.0,1
1966380,2016-01-12,32,DELI,115.0,0
317424,2013-06-28,15,PRODUCE,0.0,0
2488329,2016-10-31,27,PRODUCE,1728.426,1
2002854,2016-02-01,6,HOME CARE,407.0,0
69585,2013-02-09,11,LINGERIE,26.0,0
2239821,2016-06-13,54,GROCERY I,2866.0,36
1940172,2015-12-28,47,BEVERAGES,8550.0,20
305182,2013-06-21,21,SCHOOL AND OFFICE SUPPLIES,0.0,0
989935,2014-07-11,35,BABY CARE,0.0,0
2188671,2016-05-16,2,GROCERY I,4030.0,35
30560,2013-01-18,17,BEAUTY,0.0,0
1424773,2015-03-13,35,SCHOOL AND OFFICE SUPPLIES,0.0,0
1189496,2014-10-31,34,FROZEN FOODS,169.875,1
2082648,2016-03-17,44,HOME CARE,379.0,2
172490,2013-04-07,48,SEAFOOD,39.339,0
1950991,2016-01-03,5,SCHOOL AND OFFICE SUPPLIES,0.0,0
1570259,2015-06-03,18,LAWN AND GARDEN,0.0,0
353385,2013-07-18,24,LINGERIE,11.0,0
2360412,2016-08-20,38,LINGERIE,11.0,0
1035062,2014-08-05,50,HOME APPLIANCES,0.0,0
2237862,2016-06-12,5,AUTOMOTIVE,14.0,1
1929846,2015-12-21,8,CELEBRATION,42.0,0
1582072,2015-06-09,49,LADIESWEAR,4.0,0
2377653,2016-08-30,22,BEVERAGES,1093.0,19
112409,2013-03-05,13,FROZEN FOODS,17.845001,0
2846572,2017-05-21,29,PERSONAL CARE,444.0,10
1767801,2015-09-22,10,MEATS,176.376,0
1980338,2016-01-20,24,DAIRY,1523.0,20
1930464,2015-12-22,24,PRODUCE,4238.594,0
1634771,2015-07-09,28,HOME APPLIANCES,0.0,0
2929606,2017-07-06,9,SCHOOL AND OFFICE SUPPLIES,4.0,0
86911,2013-02-18,47,"LIQUOR,WINE,BEER",45.0,0
2467000,2016-10-19,29,LADIESWEAR,0.0,0
665873,2014-01-10,41,SEAFOOD,8.0,0
2694333,2017-02-24,8,HOME AND KITCHEN I,19.0,1
148584,2013-03-25,28,HOME CARE,0.0,0
1719389,2015-08-25,51,MAGAZINES,4.0,0
545886,2013-11-03,26,AUTOMOTIVE,3.0,0
2919084,2017-07-01,14,BEVERAGES,1807.0,27
1317342,2015-01-12,21,HOME AND KITCHEN I,0.0,0
1055272,2014-08-17,18,SCHOOL AND OFFICE SUPPLIES,0.0,0
1151048,2014-10-09,6,DAIRY,612.0,1
2806890,2017-04-29,16,DELI,122.0,4
2134051,2016-04-15,37,CLEANING,908.0,10
523534,2013-10-21,48,"LIQUOR,WINE,BEER",31.0,0
347218,2013-07-14,50,PERSONAL CARE,473.0,0
1768933,2015-09-22,42,BABY CARE,0.0,0
1172652,2014-10-22,11,PRODUCE,815.023,0
1869018,2015-11-17,5,PRODUCE,1184.755,0
2332042,2016-08-04,41,SCHOOL AND OFFICE SUPPLIES,2.0,0
591873,2013-11-29,16,HOME CARE,0.0,0
2461589,2016-10-16,27,LAWN AND GARDEN,8.0,0
1441750,2015-03-23,12,GROCERY II,1.0,0
2939753,2017-07-12,43,HARDWARE,0.0,0
2190590,2016-05-17,23,HOME APPLIANCES,1.0,0
2472355,2016-10-22,29,POULTRY,203.614,0
2356257,2016-08-18,21,MEATS,91.258,18
1955502,2016-01-06,27,LINGERIE,1.0,0
2641723,2017-01-26,31,CLEANING,1024.0,18
2635742,2017-01-23,13,SEAFOOD,4.0,0
1404991,2015-03-02,30,HOME AND KITCHEN II,8.0,0
1563232,2015-05-30,20,"LIQUOR,WINE,BEER",90.0,0
1244006,2014-12-01,14,BREAD/BAKERY,243.0,0
2141525,2016-04-19,46,MAGAZINES,6.0,0
591933,2013-11-29,18,GROCERY I,1483.0,0
327773,2013-07-03,6,HOME APPLIANCES,0.0,0
2197866,2016-05-21,28,AUTOMOTIVE,2.0,0
1562902,2015-05-30,11,"LIQUOR,WINE,BEER",88.0,0
1052671,2014-08-15,45,BOOKS,0.0,0
1020972,2014-07-28,6,HOME CARE,306.0,1
1031252,2014-08-03,44,BEAUTY,17.0,0
403393,2013-08-15,28,BABY CARE,0.0,0
2911046,2017-06-26,38,HOME APPLIANCES,0.0,0
676169,2014-01-16,30,SEAFOOD,13.0,0
569593,2013-11-16,40,GROCERY II,8.0,0
2698583,2017-02-27,27,DAIRY,1051.0,16
1583645,2015-06-10,43,DAIRY,235.0,0
1165980,2014-10-18,24,MEATS,440.921,0
1847404,2015-11-05,43,SCHOOL AND OFFICE SUPPLIES,1.0,0
614736,2013-12-11,8,GROCERY I,5224.0,0
363394,2013-07-23,54,SCHOOL AND OFFICE SUPPLIES,0.0,0
630128,2013-12-20,39,PET SUPPLIES,0.0,0
2833880,2017-05-14,23,BREAD/BAKERY,299.256,3
1322869,2015-01-15,26,SCHOOL AND OFFICE SUPPLIES,0.0,0
1007091,2014-07-21,16,PRODUCE,822.253,4
1333032,2015-01-21,11,PRODUCE,0.0,0
1192372,2014-11-02,15,HOME AND KITCHEN II,7.0,0
2664949,2017-02-08,33,BABY CARE,0.0,0
586944,2013-11-26,28,CELEBRATION,0.0,0
2322855,2016-07-30,34,HOME CARE,393.0,8
280260,2013-06-07,22,MEATS,0.0,0
1552139,2015-05-24,1,HOME APPLIANCES,0.0,0
971952,2014-07-01,30,BEVERAGES,1519.0,3
2959950,2017-07-24,10,HOME AND KITCHEN I,4.0,2
2475519,2016-10-24,18,MEATS,0.0,0
2196588,2016-05-20,41,DELI,203.572,48
279721,2013-06-06,8,GROCERY II,75.0,0
2518272,2016-11-17,18,DELI,0.0,0
248721,2013-05-20,38,AUTOMOTIVE,1.0,0
1969458,2016-01-14,19,HOME CARE,136.0,0
1666810,2015-07-27,27,GROCERY II,19.0,0
921628,2014-06-03,19,BOOKS,0.0,0
1118837,2014-09-21,51,BREAD/BAKERY,1167.868,2
2490820,2016-11-01,47,GROCERY II,16.0,0
1897111,2015-12-03,39,CLEANING,1071.0,1
666279,2014-01-10,53,DELI,0.0,0
2623083,2017-01-15,9,GROCERY I,10248.977,75
859404,2014-04-29,22,HOME CARE,0.0,0
2422902,2016-09-24,41,DELI,160.29,2
1663335,2015-07-25,3,BEVERAGES,8579.0,10
2653855,2017-02-02,21,POULTRY,168.468,0
922235,2014-06-03,35,HOME APPLIANCES,0.0,0
2097149,2016-03-25,50,SEAFOOD,29.227,5
957298,2014-06-23,2,BABY CARE,0.0,0
2383935,2016-09-02,48,HOME AND KITCHEN I,25.0,0
944118,2014-06-15,49,LINGERIE,11.0,0
2020466,2016-02-11,5,DAIRY,501.0,0
380115,2013-08-02,24,LINGERIE,22.0,0
1125962,2014-09-25,51,BEAUTY,3.0,0
1703192,2015-08-16,47,PREPARED FOODS,326.478,0
2177252,2016-05-09,49,FROZEN FOODS,334.976,2
837848,2014-04-17,18,FROZEN FOODS,21.0,0
922572,2014-06-03,44,MEATS,860.092,0
2756011,2017-03-31,38,HOME AND KITCHEN II,25.0,0
1827693,2015-10-25,40,LINGERIE,4.0,0
1591149,2015-06-14,53,LINGERIE,5.0,0
2665340,2017-02-08,43,PREPARED FOODS,57.925,6
294619,2013-06-15,25,POULTRY,103.96,0
2022747,2016-02-13,14,GROCERY I,3556.0,46
1262449,2014-12-11,31,BABY CARE,0.0,0
1059224,2014-08-19,29,MAGAZINES,0.0,0
798893,2014-03-26,24,PREPARED FOODS,164.324,0
1556128,2015-05-26,21,GROCERY II,0.0,0
2722715,2017-03-12,53,HOME APPLIANCES,2.0,0
2100306,2016-03-27,4,LINGERIE,5.0,0
504948,2013-10-11,27,HOME AND KITCHEN I,0.0,0
652528,2014-01-03,18,LADIESWEAR,10.0,0
136947,2013-03-18,50,PRODUCE,1.0,0
2967937,2017-07-28,34,HOME AND KITCHEN II,30.0,0
413337,2013-08-20,7,GROCERY I,2989.0,0
1070171,2014-08-25,36,HARDWARE,0.0,0
1593076,2015-06-15,9,BABY CARE,0.0,0
2257267,2016-06-23,44,BABY CARE,0.0,0
1944857,2015-12-31,29,BEAUTY,6.0,0
562215,2013-11-12,33,PLAYERS AND ELECTRONICS,0.0,0
170304,2013-04-06,37,MEATS,302.982,0
178194,2013-04-10,9,PLAYERS AND ELECTRONICS,0.0,0
844255,2014-04-20,47,HOME AND KITCHEN II,0.0,0
1969089,2016-01-13,9,GROCERY I,4198.669,9
1536224,2015-05-15,13,DAIRY,424.0,0
1374465,2015-02-13,24,HOME AND KITCHEN I,28.0,0
1773791,2015-09-25,29,DAIRY,306.0,1
2479109,2016-10-26,19,HOME APPLIANCES,0.0,0
2695274,2017-02-25,33,SEAFOOD,7.0,1
1949932,2016-01-03,20,POULTRY,503.181,0
1399504,2015-02-27,27,CLEANING,721.0,0
421278,2013-08-25,3,AUTOMOTIVE,17.0,0
733849,2014-02-17,49,POULTRY,899.317,0
2283627,2016-07-08,33,PLAYERS AND ELECTRONICS,0.0,0
1999758,2016-01-31,19,MEATS,188.253,0
1000370,2014-07-17,28,DAIRY,443.0,1
1673975,2015-07-31,28,HOME APPLIANCES,0.0,0
839286,2014-04-17,8,PRODUCE,3.0,0
1081072,2014-08-31,41,PERSONAL CARE,431.0,1
986507,2014-07-09,39,BREAD/BAKERY,458.0,0
1271801,2014-12-16,43,HARDWARE,1.0,0
2894845,2017-06-17,33,LADIESWEAR,0.0,0
2647602,2017-01-29,46,GROCERY I,14971.0,49
262258,2013-05-28,18,CLEANING,429.0,0
2977512,2017-08-02,52,LINGERIE,6.0,0
508967,2013-10-13,4,DAIRY,699.0,0
1061961,2014-08-20,6,LINGERIE,11.0,0
1136446,2014-10-01,45,PERSONAL CARE,711.0,2
2307768,2016-07-22,11,GROCERY I,5832.008,60
101891,2013-02-27,18,LAWN AND GARDEN,0.0,0
2463254,2016-10-17,24,BEAUTY,11.0,0
1449408,2015-03-27,27,HOME AND KITCHEN I,17.0,0
674667,2014-01-15,39,HOME AND KITCHEN I,25.0,0
1508640,2015-04-29,39,GROCERY I,3378.349,4
1620278,2015-07-01,21,FROZEN FOODS,0.0,0
1816001,2015-10-19,13,FROZEN FOODS,26.0,0
1250671,2014-12-04,50,BOOKS,0.0,0
2825068,2017-05-09,26,BOOKS,0.0,0
2175850,2016-05-09,1,POULTRY,318.49,0
2641192,2017-01-26,17,BOOKS,0.0,0
1946923,2016-01-01,36,"LIQUOR,WINE,BEER",0.0,0
1710245,2015-08-20,45,LAWN AND GARDEN,5.0,0
1617251,2015-06-29,36,LAWN AND GARDEN,1.0,0
1327265,2015-01-17,5,BREAD/BAKERY,599.072,3
41402,2013-01-24,20,LAWN AND GARDEN,0.0,0
2377398,2016-08-30,15,GROCERY I,2582.0,43
2182527,2016-05-12,47,CELEBRATION,61.0,0
719802,2014-02-09,6,CELEBRATION,0.0,0
2853079,2017-05-25,11,SCHOOL AND OFFICE SUPPLIES,1.0,0
1036319,2014-08-06,36,LAWN AND GARDEN,8.0,0
1334524,2015-01-21,53,BOOKS,0.0,0
2525547,2016-11-21,21,MEATS,114.503,0
2580848,2016-12-22,23,HOME APPLIANCES,0.0,0
1999103,2016-01-30,5,PREPARED FOODS,73.051,0
1760340,2015-09-17,50,LINGERIE,1.0,1
1328428,2015-01-18,32,GROCERY II,4.0,0
2614130,2017-01-10,8,BEAUTY,12.0,2
2783493,2017-04-16,1,DELI,57.565,4
629596,2013-12-20,24,"LIQUOR,WINE,BEER",238.0,0
1076282,2014-08-28,8,LAWN AND GARDEN,24.0,0
938699,2014-06-12,47,HARDWARE,0.0,0
1913854,2015-12-12,9,LADIESWEAR,18.0,0
2869327,2017-06-03,18,EGGS,245.0,2
36336,2013-01-21,29,BEVERAGES,0.0,0
2087370,2016-03-20,27,LINGERIE,5.0,0
2254507,2016-06-22,17,GROCERY II,8.0,0
1418786,2015-03-10,18,HOME APPLIANCES,0.0,0
2991484,2017-08-10,45,BABY CARE,0.0,0
1473966,2015-04-10,16,LINGERIE,6.0,0
2577621,2016-12-20,32,MEATS,38.905,2
1219117,2014-11-17,15,SCHOOL AND OFFICE SUPPLIES,0.0,0
2564029,2016-12-12,50,POULTRY,364.317,0
1558337,2015-05-27,33,FROZEN FOODS,52.0,0
2588978,2016-12-27,50,PREPARED FOODS,91.604004,2
1681971,2015-08-04,51,PLAYERS AND ELECTRONICS,6.0,0
940743,2014-06-13,54,GROCERY I,1767.0,6
2317199,2016-07-27,26,BREAD/BAKERY,176.0,1
1618756,2015-06-30,29,CLEANING,1010.0,1
2001423,2016-02-01,16,CELEBRATION,0.0,0
803848,2014-03-29,14,BABY CARE,0.0,0
903693,2014-05-24,15,LINGERIE,11.0,0
2075291,2016-03-13,38,LAWN AND GARDEN,9.0,0
807799,2014-03-31,24,PERSONAL CARE,288.0,0
1998562,2016-01-30,35,HOME AND KITCHEN II,41.0,0
1026219,2014-07-31,52,HOME CARE,0.0,0
1147119,2014-10-07,45,CELEBRATION,23.0,0
1553869,2015-05-24,8,SCHOOL AND OFFICE SUPPLIES,0.0,0
77480,2013-02-13,32,PREPARED FOODS,13.0,0
2559490,2016-12-10,24,EGGS,197.0,0
164496,2013-04-03,24,MEATS,488.32498,0
2720283,2017-03-11,35,PLAYERS AND ELECTRONICS,1.0,0
2937672,2017-07-11,35,GROCERY I,1622.0,36
2317516,2016-07-27,34,PERSONAL CARE,251.0,6
1961980,2016-01-09,9,SCHOOL AND OFFICE SUPPLIES,4.0,0
739390,2014-02-20,54,PERSONAL CARE,78.0,0
1623895,2015-07-03,22,SCHOOL AND OFFICE SUPPLIES,0.0,0
1429133,2015-03-15,9,BEAUTY,4.0,0
489055,2013-10-02,30,POULTRY,69.461,0
503349,2013-10-10,32,AUTOMOTIVE,0.0,0
1020657,2014-07-28,47,AUTOMOTIVE,11.0,0
2064119,2016-03-07,25,BEAUTY,3.0,0
225013,2013-05-07,22,LADIESWEAR,0.0,0
2939038,2017-07-12,23,PERSONAL CARE,129.0,3
1202913,2014-11-08,10,PRODUCE,354.153,0
2763746,2017-04-04,54,PREPARED FOODS,54.0,0
1750813,2015-09-12,33,SCHOOL AND OFFICE SUPPLIES,0.0,0
567046,2013-11-15,2,CLEANING,725.0,0
932302,2014-06-09,18,LADIESWEAR,0.0,0
821597,2014-04-08,11,PREPARED FOODS,18.0,0
2744122,2017-03-24,54,CLEANING,912.0,21
1871200,2015-11-19,12,BABY CARE,0.0,0
1819425,2015-10-21,1,BEVERAGES,1862.0,5
577965,2013-11-21,26,BEVERAGES,266.0,0
2217367,2016-06-01,24,SCHOOL AND OFFICE SUPPLIES,1.0,0
2976232,2017-08-02,17,POULTRY,369.912,0
2347772,2016-08-13,33,LAWN AND GARDEN,0.0,0
2892008,2017-06-15,53,LAWN AND GARDEN,2.0,0
1424006,2015-03-13,14,MAGAZINES,0.0,0
558712,2013-11-10,35,"LIQUOR,WINE,BEER",0.0,0
284833,2013-06-09,50,EGGS,207.0,0
1380858,2015-02-16,53,CELEBRATION,0.0,0
422508,2013-08-26,14,DELI,87.0,0
2417244,2016-09-21,32,PLAYERS AND ELECTRONICS,3.0,0
1341405,2015-01-25,46,LINGERIE,11.0,0
1732229,2015-09-02,12,PET SUPPLIES,0.0,0
74772,2013-02-11,7,PLAYERS AND ELECTRONICS,0.0,0
1569734,2015-06-02,52,MAGAZINES,0.0,0
2339110,2016-08-08,40,BOOKS,0.0,0
533324,2013-10-27,23,FROZEN FOODS,74.995,0
901641,2014-05-22,8,HOME AND KITCHEN I,0.0,0
1237963,2014-11-27,44,BABY CARE,0.0,0
2597248,2017-01-01,33,HOME AND KITCHEN II,0.0,0
1417563,2015-03-09,33,HOME AND KITCHEN I,41.0,0
2452112,2016-10-11,11,HARDWARE,1.0,1
1972427,2016-01-15,51,HOME APPLIANCES,3.0,0
2024358,2016-02-14,1,CELEBRATION,0.0,0
1546186,2015-05-20,42,BOOKS,0.0,0
2092723,2016-03-23,27,POULTRY,259.002,0
1131250,2014-09-28,5,EGGS,151.0,1
104204,2013-02-28,32,MAGAZINES,0.0,0
762314,2014-03-05,48,HARDWARE,1.0,0
1789844,2015-10-04,29,MAGAZINES,0.0,0
1321928,2015-01-14,5,HARDWARE,1.0,0
2493833,2016-11-03,31,MAGAZINES,4.0,0
2674952,2017-02-14,14,BREAD/BAKERY,149.0,7
1734044,2015-09-03,13,PET SUPPLIES,0.0,0
49455,2013-01-28,46,LINGERIE,1.0,0
1018383,2014-07-27,33,BEVERAGES,2504.0,2
2786498,2017-04-17,43,FROZEN FOODS,42.0,0
1814461,2015-10-18,2,"LIQUOR,WINE,BEER",0.0,0
603044,2013-12-05,3,BEAUTY,5.0,0
2827849,2017-05-10,53,GROCERY II,15.0,0
353946,2013-07-18,4,LINGERIE,1.0,0
2189133,2016-05-16,32,GROCERY I,1555.0,39
1030013,2014-08-03,1,HOME APPLIANCES,0.0,0
2485,2013-01-02,29,EGGS,0.0,0
2411996,2016-09-18,35,PET SUPPLIES,0.0,0
1195129,2014-11-03,42,BABY CARE,0.0,0
1602755,2015-06-21,3,FROZEN FOODS,364.16,3
1780011,2015-09-28,52,MEATS,0.0,0
68095,2013-02-08,2,HOME AND KITCHEN II,0.0,0
888098,2014-05-15,28,BEAUTY,0.0,0
2950699,2017-07-18,50,BOOKS,0.0,0
2064753,2016-03-07,42,DELI,160.825,1
888631,2014-05-15,42,CLEANING,0.0,0
1551770,2015-05-23,49,FROZEN FOODS,575.0,2
868604,2014-05-04,30,FROZEN FOODS,29.899,0
2583390,2016-12-23,44,HOME CARE,631.0,10
1560410,2015-05-28,41,BREAD/BAKERY,377.502,0
2835348,2017-05-15,14,LINGERIE,0.0,0
2874411,2017-06-06,10,GROCERY I,2530.0,49
2994785,2017-08-12,38,BEAUTY,10.0,2
463169,2013-09-17,54,HARDWARE,1.0,0
123953,2013-03-11,37,BREAD/BAKERY,453.203,0
2145032,2016-04-21,44,SEAFOOD,77.770996,0
2387676,2016-09-04,52,PLAYERS AND ELECTRONICS,0.0,0
969586,2014-06-30,14,GROCERY II,0.0,0
444676,2013-09-07,36,BABY CARE,0.0,0
1414104,2015-03-07,36,LINGERIE,2.0,0
2958661,2017-07-23,24,GROCERY II,9.0,0
1542983,2015-05-18,52,BEAUTY,0.0,0
1624198,2015-07-03,31,BOOKS,0.0,0
1616535,2015-06-29,16,PRODUCE,845.921,0
478554,2013-09-26,36,LINGERIE,2.0,0
1009911,2014-07-22,45,GROCERY I,6362.0,6
1862848,2015-11-14,27,SCHOOL AND OFFICE SUPPLIES,0.0,0
2300170,2016-07-17,48,BOOKS,0.0,0
1127663,2014-09-26,49,LAWN AND GARDEN,12.0,0
2554429,2016-12-07,31,SCHOOL AND OFFICE SUPPLIES,0.0,0
1379948,2015-02-16,28,LAWN AND GARDEN,1.0,0
690978,2014-01-24,46,MEATS,1507.2418,0
42700,2013-01-24,7,SCHOOL AND OFFICE SUPPLIES,0.0,0
2610017,2017-01-08,41,HARDWARE,1.0,0
2349069,2016-08-14,2,PRODUCE,2327.515,5
2474457,2016-10-23,38,HOME CARE,396.0,2
1694384,2015-08-11,5,SEAFOOD,10.998,0
2612043,2017-01-09,48,PLAYERS AND ELECTRONICS,21.0,0
2232466,2016-06-09,48,HOME AND KITCHEN II,13.0,0
929623,2014-06-07,42,GROCERY II,0.0,0
1201302,2014-11-07,16,BEVERAGES,1398.0,0
1778129,2015-09-27,5,MAGAZINES,0.0,0
1733887,2015-09-03,1,BABY CARE,0.0,0
2078802,2016-03-15,37,AUTOMOTIVE,2.0,0
2513427,2016-11-14,31,HOME AND KITCHEN I,11.0,0
2132372,2016-04-14,4,FROZEN FOODS,82.194,0
2684312,2017-02-19,26,PET SUPPLIES,3.0,0
1758272,2015-09-16,42,SEAFOOD,22.378,1
1872253,2015-11-19,40,SCHOOL AND OFFICE SUPPLIES,1.0,0
2684894,2017-02-19,42,HARDWARE,1.0,0
2347313,2016-08-13,20,MAGAZINES,3.0,0
5450,2013-01-04,12,BREAD/BAKERY,156.0,0
2205019,2016-05-25,28,PERSONAL CARE,277.0,10
2042449,2016-02-24,17,GROCERY II,10.0,0
1180732,2014-10-26,38,PERSONAL CARE,573.0,2
237070,2013-05-14,10,SCHOOL AND OFFICE SUPPLIES,0.0,0
1829748,2015-10-26,48,PRODUCE,1475.655,0
1087564,2014-09-04,24,HOME AND KITCHEN II,8.0,0
2580868,2016-12-22,24,BOOKS,0.0,0
2871559,2017-06-04,3,SCHOOL AND OFFICE SUPPLIES,5.0,0
1399446,2015-02-27,25,HOME AND KITCHEN I,26.0,0
1453703,2015-03-29,47,LAWN AND GARDEN,19.0,0
2138216,2016-04-17,53,HARDWARE,0.0,0
548943,2013-11-05,11,LINGERIE,11.0,0
2922902,2017-07-03,20,PET SUPPLIES,4.0,0
1035225,2014-08-05,6,HOME AND KITCHEN I,0.0,0
2608345,2017-01-07,44,PERSONAL CARE,1461.0,9
2292841,2016-07-13,42,BABY CARE,0.0,0
661166,2014-01-08,10,FROZEN FOODS,25.939,0
1651734,2015-07-18,53,HOME CARE,171.0,0
2641629,2017-01-26,29,GROCERY I,2086.722,32
2126561,2016-04-11,27,DAIRY,774.0,0
1684110,2015-08-06,12,LINGERIE,11.0,0
322431,2013-06-30,6,LINGERIE,15.0,0
859133,2014-04-29,15,FROZEN FOODS,36.0,0
2060560,2016-03-05,25,CLEANING,798.0,3
237536,2013-05-14,24,BEAUTY,6.0,0
1337612,2015-01-23,4,MAGAZINES,0.0,0
1940155,2015-12-28,46,LADIESWEAR,28.0,0
743461,2014-02-23,2,BOOKS,0.0,0
373252,2013-07-29,31,"LIQUOR,WINE,BEER",6.0,0
2047669,2016-02-27,13,LADIESWEAR,17.0,0
392551,2013-08-09,23,HOME AND KITCHEN II,0.0,0
25455,2013-01-15,23,GROCERY I,1567.0,0
1239066,2014-11-28,25,HOME AND KITCHEN I,15.0,0
2260869,2016-06-25,45,CELEBRATION,60.0,0
448152,2013-09-09,33,GROCERY I,3139.0,0
1981964,2016-01-21,2,HOME APPLIANCES,1.0,0
384094,2013-08-04,36,CLEANING,749.0,0
752589,2014-02-28,25,MEATS,564.7697,0
771523,2014-03-10,7,HOME AND KITCHEN II,15.0,0
2264797,2016-06-27,6,CLEANING,1087.0,30
431311,2013-08-31,11,BABY CARE,0.0,0
1941214,2015-12-29,26,"LIQUOR,WINE,BEER",76.0,0
1992789,2016-01-27,23,HOME CARE,116.0,1
2848637,2017-05-22,37,FROZEN FOODS,137.831,2
1860632,2015-11-13,15,PET SUPPLIES,1.0,0
933397,2014-06-09,48,PERSONAL CARE,613.0,0
1998856,2016-01-30,43,GROCERY II,18.0,0
807770,2014-03-31,23,PREPARED FOODS,42.449,0
100143,2013-02-26,19,LINGERIE,0.0,0
52859,2013-01-30,41,PET SUPPLIES,0.0,0
2129181,2016-04-12,5,LINGERIE,10.0,0
2933665,2017-07-09,22,SCHOOL AND OFFICE SUPPLIES,0.0,0
2308212,2016-07-22,23,PLAYERS AND ELECTRONICS,2.0,0
2842444,2017-05-19,13,"LIQUOR,WINE,BEER",113.0,3
2140464,2016-04-19,17,HOME CARE,848.0,2
1594051,2015-06-16,35,LADIESWEAR,0.0,0
1938053,2015-12-27,37,PREPARED FOODS,57.889,0
2293424,2016-07-13,9,MAGAZINES,6.0,0
227141,2013-05-08,32,BEAUTY,0.0,0
677534,2014-01-17,2,FROZEN FOODS,126.0,0
3709,2013-01-03,13,GROCERY II,9.0,0
1551555,2015-05-23,42,PLAYERS AND ELECTRONICS,0.0,0
1594352,2015-06-16,43,MAGAZINES,9.0,0
1520409,2015-05-06,2,AUTOMOTIVE,8.0,0
1996357,2016-01-29,23,"LIQUOR,WINE,BEER",65.0,0
2232903,2016-06-10,10,MEATS,101.847,0
711932,2014-02-05,34,MAGAZINES,0.0,0
1231410,2014-11-24,10,HOME AND KITCHEN I,6.0,0
183699,2013-04-14,13,LINGERIE,5.0,0
1756856,2015-09-15,53,BEAUTY,4.0,0
1402399,2015-02-28,8,SCHOOL AND OFFICE SUPPLIES,0.0,0
2212448,2016-05-29,36,PREPARED FOODS,34.0,0
929275,2014-06-07,32,POULTRY,70.003,0
2655363,2017-02-03,14,HOME CARE,244.0,9
578135,2013-11-21,30,DAIRY,124.0,0
856466,2014-04-27,4,HOME APPLIANCES,0.0,0
2880615,2017-06-09,34,GROCERY I,3717.68,72
990371,2014-07-11,47,DAIRY,1683.0,3
704859,2014-02-01,36,GROCERY I,3633.0,0
2863315,2017-05-30,49,BOOKS,0.0,0
2900301,2017-06-20,36,PRODUCE,2706.46,138
889632,2014-05-16,20,HOME CARE,0.0,0
2265470,2016-06-28,24,LAWN AND GARDEN,6.0,0
1178774,2014-10-25,33,HARDWARE,0.0,0
1117976,2014-09-21,28,BEAUTY,2.0,0
230149,2013-05-10,17,CLEANING,650.0,0
485658,2013-09-30,35,PRODUCE,0.0,0
1688940,2015-08-08,48,AUTOMOTIVE,19.0,0
2677793,2017-02-15,43,DAIRY,783.0,127
340084,2013-07-10,50,LADIESWEAR,0.0,0
2457766,2016-10-14,2,PERSONAL CARE,171.0,10
455408,2013-09-13,37,DAIRY,592.0,0
937396,2014-06-12,10,SCHOOL AND OFFICE SUPPLIES,0.0,0
2911614,2017-06-26,53,MEATS,297.38,0
2233737,2016-06-10,34,AUTOMOTIVE,4.0,1
1220855,2014-11-18,14,LAWN AND GARDEN,0.0,0
333607,2013-07-07,2,EGGS,264.0,0
1878163,2015-11-22,8,BABY CARE,0.0,0
2387415,2016-09-04,45,PRODUCE,8646.472,2
1891634,2015-11-30,35,DAIRY,209.0,0
380072,2013-08-02,23,FROZEN FOODS,60.0,0
1144164,2014-10-06,12,LINGERIE,10.0,0
2651486,2017-01-31,6,BEAUTY,16.0,1
768787,2014-03-09,3,LADIESWEAR,33.0,0
2587112,2016-12-26,49,FROZEN FOODS,980.036,2
769061,2014-03-09,37,PREPARED FOODS,162.24,0
2807221,2017-04-29,25,EGGS,323.0,1
1526915,2015-05-09,51,BREAD/BAKERY,1215.381,2
897567,2014-05-20,43,AUTOMOTIVE,8.0,0
2393287,2016-09-08,10,POULTRY,134.1,0
2720291,2017-03-11,36,BEAUTY,3.0,0
1697991,2015-08-13,51,DELI,261.917,3
2076423,2016-03-14,2,PRODUCE,2561.144,0
2005163,2016-02-03,20,HOME APPLIANCES,0.0,0
409723,2013-08-18,54,POULTRY,37.098,0
1679223,2015-08-03,25,HOME CARE,136.0,2
1577599,2015-06-07,24,BABY CARE,0.0,0
2682687,2017-02-18,30,HOME CARE,132.0,8
798618,2014-03-26,17,HOME CARE,220.0,0
714791,2014-02-07,15,FROZEN FOODS,50.0,0
1129808,2014-09-28,1,LAWN AND GARDEN,1.0,0
1266497,2014-12-13,44,MAGAZINES,11.0,0
457515,2013-09-14,46,BEVERAGES,3532.0,0
773402,2014-03-12,1,HARDWARE,3.0,0
1200070,2014-11-06,30,PERSONAL CARE,101.0,0
2565962,2016-12-13,6,HARDWARE,0.0,0
989166,2014-07-11,13,MEATS,123.407,0
376486,2013-07-31,22,"LIQUOR,WINE,BEER",0.0,0
2210043,2016-05-28,2,AUTOMOTIVE,12.0,0
567068,2013-11-15,2,PREPARED FOODS,72.0,0
598714,2013-12-02,8,POULTRY,786.244,0
208291,2013-04-27,52,POULTRY,0.0,0
142927,2013-03-22,2,BOOKS,0.0,0
279947,2013-06-07,14,DAIRY,152.0,0
647665,2013-12-31,31,CLEANING,1407.0,0
419147,2013-08-24,2,HARDWARE,1.0,0
1512431,2015-05-01,45,DAIRY,2995.0,5
2664265,2017-02-08,14,EGGS,24.0,1
1171174,2014-10-21,20,BOOKS,0.0,0
1285965,2014-12-24,40,LINGERIE,16.0,0
1248905,2014-12-03,50,LAWN AND GARDEN,0.0,0
645968,2013-12-30,33,PET SUPPLIES,0.0,0
1021753,2014-07-29,28,CLEANING,891.0,0
2963196,2017-07-25,50,PLAYERS AND ELECTRONICS,26.0,0
684569,2014-01-21,17,HOME APPLIANCES,0.0,0
1553395,2015-05-24,44,LADIESWEAR,0.0,0
2183753,2016-05-13,31,FROZEN FOODS,143.996,3
2423649,2016-09-25,12,PRODUCE,333.183,1
2683157,2017-02-18,43,PET SUPPLIES,6.0,0
1101894,2014-09-12,26,MEATS,296.215,33
469818,2013-09-21,40,PRODUCE,0.0,0
1302960,2015-01-04,18,LINGERIE,7.0,1
1554101,2015-05-25,14,SEAFOOD,2.0,0
604978,2013-12-06,33,"LIQUOR,WINE,BEER",54.0,0
1108631,2014-09-16,15,PREPARED FOODS,35.0,0
2847885,2017-05-22,16,HOME CARE,162.0,11
2985395,2017-08-07,24,HOME APPLIANCES,0.0,0
777511,2014-03-14,24,SCHOOL AND OFFICE SUPPLIES,0.0,0
2674334,2017-02-13,46,HARDWARE,1.0,0
2152716,2016-04-26,10,PLAYERS AND ELECTRONICS,3.0,0
1999994,2016-01-31,25,PREPARED FOODS,40.829,0
650710,2014-01-02,17,HOME AND KITCHEN II,16.0,0
513354,2013-10-16,13,CELEBRATION,0.0,0
1534767,2015-05-14,22,BEVERAGES,0.0,0
2258479,2016-06-24,28,PERSONAL CARE,182.0,6
2491511,2016-11-02,17,FROZEN FOODS,154.906,4
1054493,2014-08-16,46,FROZEN FOODS,396.0,2
1444885,2015-03-24,5,GROCERY II,10.0,0
2533577,2016-11-25,47,BEAUTY,17.0,1
91571,2013-02-21,28,PREPARED FOODS,22.83,0
2656930,2017-02-03,9,BABY CARE,1.0,0
2296022,2016-07-15,31,HARDWARE,2.0,0
1080305,2014-08-31,20,HOME APPLIANCES,0.0,0
64337,2013-02-06,14,LAWN AND GARDEN,0.0,0
1551532,2015-05-23,42,BOOKS,0.0,0
535054,2013-10-28,21,PERSONAL CARE,0.0,0
1630777,2015-07-07,16,HOME AND KITCHEN II,16.0,0
1264006,2014-12-12,25,CLEANING,433.0,1
2511469,2016-11-13,27,BOOKS,1.0,0
1027768,2014-08-01,46,HOME AND KITCHEN II,0.0,0
2358263,2016-08-19,28,HOME APPLIANCES,1.0,0
208143,2013-04-27,49,GROCERY I,4624.0,0
636907,2013-12-24,3,CLEANING,1494.0,0
573608,2013-11-18,53,BEAUTY,0.0,0
1608973,2015-06-24,53,PERSONAL CARE,143.0,3
1162791,2014-10-16,35,BEVERAGES,890.0,4
251199,2013-05-21,8,BEVERAGES,1258.0,0
2373912,2016-08-28,17,MEATS,283.164,0
2772059,2017-04-09,38,PET SUPPLIES,19.0,0
884714,2014-05-13,32,HOME APPLIANCES,0.0,0
1970396,2016-01-14,44,SEAFOOD,89.548,0
829105,2014-04-12,22,GROCERY II,0.0,0
2589248,2016-12-28,1,BEAUTY,6.0,1
2533935,2016-11-25,7,PRODUCE,5189.3,6
2934380,2017-07-09,42,LAWN AND GARDEN,42.0,0
1509489,2015-04-30,13,BEVERAGES,914.0,0
411665,2013-08-20,1,MAGAZINES,0.0,0
259510,2013-05-26,4,SCHOOL AND OFFICE SUPPLIES,0.0,0
1135699,2014-10-01,25,BOOKS,0.0,0
2840560,2017-05-18,10,LADIESWEAR,0.0,0
2939060,2017-07-12,24,HARDWARE,1.0,0
2011988,2016-02-07,12,FROZEN FOODS,38.0,0
1919725,2015-12-16,23,HOME AND KITCHEN II,9.0,0
1039536,2014-08-08,27,BEVERAGES,1264.0,3
1234180,2014-11-25,38,GROCERY II,20.0,0
1626086,2015-07-04,34,FROZEN FOODS,144.0,11
776339,2014-03-13,41,HARDWARE,0.0,0
2902588,2017-06-21,50,CLEANING,1411.0,42
2964309,2017-07-26,32,HOME CARE,73.0,3
2999721,2017-08-15,26,LINGERIE,0.0,0
893812,2014-05-18,38,CLEANING,1650.0,3
214771,2013-05-01,35,CLEANING,372.0,0
2235267,2016-06-11,27,GROCERY I,4206.0,72
493005,2013-10-04,41,HOME CARE,0.0,0
1193213,2014-11-02,38,SEAFOOD,32.434,0
1214227,2014-11-14,28,PERSONAL CARE,494.0,0
1812969,2015-10-17,28,HOME AND KITCHEN I,52.0,0
1178919,2014-10-25,37,PLAYERS AND ELECTRONICS,5.0,0
2653259,2017-02-01,54,PET SUPPLIES,0.0,0
1074659,2014-08-28,12,HARDWARE,1.0,0
993621,2014-07-13,38,MEATS,216.465,0
1090405,2014-09-05,53,LADIESWEAR,2.0,0
80508,2013-02-15,18,LINGERIE,6.0,0
265204,2013-05-29,5,HOME AND KITCHEN II,0.0,0
2958001,2017-07-22,6,GROCERY II,37.0,0
1202459,2014-11-07,48,BREAD/BAKERY,471.345,1
2276328,2016-07-04,29,LINGERIE,4.0,0
645357,2013-12-30,17,DELI,372.0,0
1052784,2014-08-15,48,HOME CARE,0.0,0
2139004,2016-04-18,26,EGGS,75.0,1
875324,2014-05-08,19,SEAFOOD,0.0,0
109184,2013-03-03,22,LAWN AND GARDEN,0.0,0
121838,2013-03-10,28,BEAUTY,2.0,0
1901582,2015-12-06,14,MAGAZINES,2.0,0
1590537,2015-06-14,37,BEVERAGES,3328.0,1
265607,2013-05-30,11,MAGAZINES,0.0,0
722651,2014-02-11,35,HOME APPLIANCES,1.0,0
2246955,2016-06-17,54,HOME CARE,161.0,4
2886703,2017-06-12,54,POULTRY,69.249,0
1265155,2014-12-12,8,BABY CARE,0.0,0
1811742,2015-10-16,43,DELI,249.0,48
1543603,2015-05-19,2,POULTRY,421.404,1
222261,2013-05-05,45,CELEBRATION,0.0,0
538790,2013-10-30,26,SEAFOOD,4.9700003,0
1963523,2016-01-10,51,MAGAZINES,9.0,0
470483,2013-09-22,10,BEAUTY,0.0,0
225931,2013-05-07,48,GROCERY II,17.0,0
1924620,2015-12-19,10,PLAYERS AND ELECTRONICS,4.0,0
1378713,2015-02-15,43,CELEBRATION,0.0,0
668000,2014-01-11,51,HARDWARE,3.0,0
1226615,2014-11-21,26,BREAD/BAKERY,176.552,0
706808,2014-02-02,40,HARDWARE,7.0,0
1569551,2015-06-02,48,BREAD/BAKERY,510.703,1
1952437,2016-01-04,40,PERSONAL CARE,562.0,0
1171608,2014-10-21,32,DELI,91.0,0
1102145,2014-09-12,33,FROZEN FOODS,33.0,0
535429,2013-10-28,32,BOOKS,0.0,0
2661493,2017-02-06,36,EGGS,80.0,14
1152690,2014-10-10,51,AUTOMOTIVE,3.0,0
834762,2014-04-15,30,PLAYERS AND ELECTRONICS,0.0,0
2783730,2017-04-16,16,HOME AND KITCHEN I,8.0,1
1414945,2015-03-08,10,BOOKS,0.0,0
533062,2013-10-27,16,GROCERY II,15.0,0
1999053,2016-01-30,49,GROCERY I,8761.0,46
113057,2013-03-05,30,SEAFOOD,7.0,0
666513,2014-01-11,10,GROCERY I,2615.0,0
179313,2013-04-11,4,MEATS,249.825,0
2436050,2016-10-02,10,MAGAZINES,1.0,0
2594402,2016-12-30,53,DAIRY,1052.0,26
226628,2013-05-08,18,HOME APPLIANCES,0.0,0
2582630,2016-12-23,23,HOME APPLIANCES,0.0,0
1179528,2014-10-25,54,DELI,168.0,0
2604690,2017-01-05,42,AUTOMOTIVE,1.0,0
2400204,2016-09-11,54,HOME AND KITCHEN I,43.0,2
1095328,2014-09-08,41,PERSONAL CARE,236.0,1
91530,2013-02-21,27,LINGERIE,6.0,0
788579,2014-03-20,35,FROZEN FOODS,21.0,0
1881241,2015-11-24,43,EGGS,100.0,0
799928,2014-03-26,53,DAIRY,0.0,0
183409,2013-04-13,54,POULTRY,54.231,0
2289562,2016-07-11,5,"LIQUOR,WINE,BEER",38.0,0
2020174,2016-02-11,41,GROCERY II,16.0,0
1254697,2014-12-07,14,BOOKS,0.0,0
1366946,2015-02-09,13,LAWN AND GARDEN,0.0,0
2835138,2017-05-14,9,DELI,569.939,11
1696215,2015-08-12,51,HOME AND KITCHEN I,38.0,0
1858531,2015-11-11,7,BOOKS,0.0,0
2031783,2016-02-18,18,CELEBRATION,3.0,0
2903229,2017-06-22,19,LINGERIE,7.0,0
1176280,2014-10-24,13,POULTRY,85.548004,0
1431079,2015-03-17,13,BABY CARE,0.0,0
647498,2013-12-31,27,BREAD/BAKERY,560.426,0
738367,2014-02-20,26,PERSONAL CARE,120.0,0
58252,2013-02-02,43,CLEANING,744.0,0
2728050,2017-03-15,53,CELEBRATION,3.0,0
1488192,2015-04-18,15,MEATS,143.538,0
1290435,2014-12-28,17,BEVERAGES,2429.0,2
350478,2013-07-16,42,HOME CARE,0.0,0
1904236,2015-12-07,39,BOOKS,0.0,0
1802294,2015-10-11,28,SEAFOOD,10.0,0
1105502,2014-09-14,28,BEAUTY,8.0,0
72371,2013-02-10,4,BEAUTY,2.0,0
952662,2014-06-20,39,HOME CARE,0.0,0
247626,2013-05-19,7,PLAYERS AND ELECTRONICS,0.0,0
2539288,2016-11-28,8,BOOKS,1.0,0
400033,2013-08-13,33,CLEANING,1026.0,0
2386168,2016-09-04,11,BOOKS,0.0,0
637400,2013-12-24,43,BREAD/BAKERY,326.0,0
2393487,2016-09-08,16,PRODUCE,335.651,2
1017527,2014-07-27,1,BREAD/BAKERY,129.072,0
2477579,2016-10-25,26,BREAD/BAKERY,136.0,2
696830,2014-01-28,11,BEAUTY,1.0,0
2254933,2016-06-22,29,EGGS,143.0,0
2606181,2017-01-06,34,CELEBRATION,12.0,0
2966295,2017-07-27,38,MEATS,139.196,0
937697,2014-06-12,2,BEAUTY,3.0,0
1936710,2015-12-26,5,CELEBRATION,30.0,0
659610,2014-01-07,17,CELEBRATION,7.0,0
2855354,2017-05-26,25,PREPARED FOODS,87.322,1
1200386,2014-11-06,4,FROZEN FOODS,69.0,0
896362,2014-05-20,1,HOME AND KITCHEN II,0.0,0
514731,2013-10-16,50,PRODUCE,6.0,0
2442169,2016-10-05,32,BOOKS,0.0,0
369503,2013-07-27,27,BEAUTY,6.0,0
2692994,2017-02-24,2,PREPARED FOODS,130.339,2
911058,2014-05-28,21,PLAYERS AND ELECTRONICS,0.0,0
1268588,2014-12-14,53,BEAUTY,6.0,0
2703611,2017-03-02,18,LAWN AND GARDEN,2.0,0
603440,2013-12-05,40,BEAUTY,0.0,0
2523543,2016-11-20,16,AUTOMOTIVE,5.0,0
794688,2014-03-23,7,HOME AND KITCHEN I,5.0,0
2696739,2017-02-26,25,GROCERY I,4921.0,60
1051533,2014-08-15,13,LINGERIE,0.0,0
2185834,2016-05-14,4,GROCERY II,15.0,0
271120,2013-06-02,16,PERSONAL CARE,431.0,0
1176406,2014-10-24,17,"LIQUOR,WINE,BEER",31.0,0
2633145,2017-01-21,40,DELI,339.0,8
2614113,2017-01-10,7,HOME CARE,305.0,4
2161405,2016-04-30,54,BOOKS,0.0,0
2014792,2016-02-08,40,EGGS,74.0,11
1177599,2014-10-24,5,PLAYERS AND ELECTRONICS,2.0,0
2991045,2017-08-10,32,MEATS,121.398,19
1746708,2015-09-10,19,HOME CARE,117.0,1
1339144,2015-01-24,33,BOOKS,0.0,0
1649999,2015-07-17,54,SEAFOOD,0.0,0
2187035,2016-05-15,23,PET SUPPLIES,5.0,0
2678466,2017-02-16,12,LINGERIE,2.0,0
2305753,2016-07-20,54,EGGS,35.0,0
575510,2013-11-19,7,MAGAZINES,0.0,0
1294194,2014-12-30,22,AUTOMOTIVE,0.0,0
937730,2014-06-12,20,BEAUTY,0.0,0
2266058,2016-06-28,40,HARDWARE,1.0,0
2342807,2016-08-10,44,BREAD/BAKERY,1431.458,8
1497664,2015-04-23,30,PERSONAL CARE,64.0,0
1296112,2014-12-31,26,BOOKS,0.0,0
1327544,2015-01-17,8,LAWN AND GARDEN,20.0,0
479187,2013-09-26,53,PLAYERS AND ELECTRONICS,0.0,0
634402,2013-12-23,1,EGGS,191.0,0
2705883,2017-03-03,31,HOME AND KITCHEN I,125.0,6
1973360,2016-01-16,28,PET SUPPLIES,7.0,0
1731384,2015-09-01,39,CELEBRATION,5.0,0
1251936,2014-12-05,36,HOME AND KITCHEN I,22.0,0
2861990,2017-05-30,11,SEAFOOD,4.0,1
152337,2013-03-27,33,DELI,100.0,0
2712086,2017-03-06,6,HARDWARE,3.0,0
1036552,2014-08-06,42,"LIQUOR,WINE,BEER",0.0,0
1292908,2014-12-29,36,BABY CARE,0.0,0
2862009,2017-05-30,12,HOME CARE,166.0,13
271507,2013-06-02,27,HOME AND KITCHEN II,0.0,0
2819790,2017-05-06,28,CELEBRATION,18.0,0
789597,2014-03-21,14,CELEBRATION,5.0,0
798922,2014-03-26,25,PERSONAL CARE,85.0,0
1813156,2015-10-17,33,BOOKS,0.0,0
2801447,2017-04-26,13,FROZEN FOODS,35.0,2
302801,2013-06-19,54,PET SUPPLIES,0.0,0
14230,2013-01-08,9,CLEANING,1530.0,0
221127,2013-05-05,13,PLAYERS AND ELECTRONICS,0.0,0
2986964,2017-08-08,19,BEAUTY,2.0,0
1864819,2015-11-15,32,"LIQUOR,WINE,BEER",0.0,0
482638,2013-09-28,50,GROCERY II,62.0,0
841667,2014-04-19,25,BEAUTY,3.0,0
250997,2013-05-21,50,SEAFOOD,22.477,0
776376,2014-03-13,42,HOME CARE,0.0,0
806099,2014-03-30,27,DAIRY,986.0,0
187962,2013-04-16,32,PLAYERS AND ELECTRONICS,0.0,0
657502,2014-01-05,8,EGGS,550.0,0
2370845,2016-08-26,30,PET SUPPLIES,0.0,0
1918462,2015-12-15,38,CLEANING,828.0,23
400927,2013-08-13,9,EGGS,171.0,0
2311807,2016-07-24,24,PERSONAL CARE,258.0,4
2028222,2016-02-16,18,DELI,212.689,3
1711331,2015-08-21,26,HOME APPLIANCES,0.0,0
801940,2014-03-28,10,CLEANING,575.0,0
1505704,2015-04-27,7,GROCERY II,91.0,1
1248785,2014-12-03,47,SEAFOOD,90.955,0
2571299,2016-12-16,6,BREAD/BAKERY,529.597,4
1811265,2015-10-16,3,PLAYERS AND ELECTRONICS,26.0,0
1674769,2015-07-31,5,LADIESWEAR,15.0,0
2675663,2017-02-14,33,MAGAZINES,2.0,0
1802196,2015-10-11,26,AUTOMOTIVE,11.0,0
962162,2014-06-25,6,HARDWARE,0.0,0
516990,2013-10-18,15,GROCERY I,2044.0,0
2973181,2017-07-31,31,GROCERY II,16.0,0
2941012,2017-07-13,29,LADIESWEAR,0.0,0
15044,2013-01-09,30,PREPARED FOODS,9.0,0
374261,2013-07-30,10,DAIRY,110.0,0
2966443,2017-07-27,42,CLEANING,605.0,11
1877529,2015-11-22,39,PLAYERS AND ELECTRONICS,7.0,0
1550671,2015-05-23,19,BABY CARE,0.0,0
2503962,2016-11-09,16,LINGERIE,2.0,0
1680422,2015-08-03,9,PREPARED FOODS,92.541,0
1502064,2015-04-25,54,BEVERAGES,723.0,3
2147592,2016-04-23,17,HOME CARE,513.0,2
2016073,2016-02-09,27,BOOKS,0.0,0
2719387,2017-03-11,10,"LIQUOR,WINE,BEER",18.0,1
961445,2014-06-25,35,MAGAZINES,0.0,0
2396565,2016-09-09,52,CELEBRATION,0.0,0
714962,2014-02-07,2,HOME APPLIANCES,0.0,0
2776584,2017-04-12,15,PRODUCE,624.95,4
1869118,2015-11-17,52,SCHOOL AND OFFICE SUPPLIES,0.0,0
1389659,2015-02-21,5,PREPARED FOODS,118.56,0
70889,2013-02-09,48,BREAD/BAKERY,564.901,0
522245,2013-10-21,12,LAWN AND GARDEN,0.0,0
62414,2013-02-05,10,FROZEN FOODS,9.0,0
527253,2013-10-23,52,GROCERY I,0.0,0
2257664,2016-06-23,6,BEAUTY,4.0,0
1573329,2015-06-04,53,LINGERIE,4.0,1
1502664,2015-04-26,21,DELI,0.0,0
2058347,2016-03-04,13,BREAD/BAKERY,114.0,1
1561794,2015-05-29,30,BEVERAGES,1023.0,1
1870592,2015-11-18,44,LAWN AND GARDEN,7.0,0
2944179,2017-07-15,18,HOME CARE,246.0,19
2271540,2016-07-01,44,HOME CARE,600.0,2
1997420,2016-01-29,52,PREPARED FOODS,0.0,0
1531844,2015-05-12,4,HOME APPLIANCES,0.0,0
2620959,2017-01-14,49,AUTOMOTIVE,14.0,0
1859901,2015-11-12,44,LINGERIE,23.0,0
1621187,2015-07-01,46,PREPARED FOODS,168.438,1
156458,2013-03-29,49,BREAD/BAKERY,554.452,0
217874,2013-05-03,22,DAIRY,0.0,0
2495474,2016-11-04,28,HARDWARE,0.0,0
2726902,2017-03-15,21,GROCERY II,10.0,0
1442962,2015-03-23,46,BOOKS,0.0,0
46088,2013-01-26,51,LAWN AND GARDEN,11.0,0
1783259,2015-09-30,44,BREAD/BAKERY,1297.015,2
188552,2013-04-16,49,MAGAZINES,0.0,0
2470320,2016-10-21,22,CELEBRATION,4.0,0
682910,2014-01-20,20,DAIRY,0.0,0
1553882,2015-05-24,9,FROZEN FOODS,146.0,0
1883400,2015-11-25,53,MEATS,105.564,2
2700652,2017-02-28,34,SCHOOL AND OFFICE SUPPLIES,1.0,0
939175,2014-06-13,10,POULTRY,176.53,0
1205142,2014-11-09,23,HOME AND KITCHEN I,12.0,0
1817639,2015-10-19,9,SEAFOOD,10.939,0
2498055,2016-11-05,5,LINGERIE,7.0,0
1246381,2014-12-02,30,BOOKS,0.0,0
1812904,2015-10-17,26,HOME AND KITCHEN II,10.0,0
1394798,2015-02-24,44,LAWN AND GARDEN,0.0,0
638092,2013-12-26,13,BOOKS,0.0,0
2413425,2016-09-19,26,BEVERAGES,781.0,20
225934,2013-05-07,48,HOME AND KITCHEN II,0.0,0
1527035,2015-05-09,54,PET SUPPLIES,0.0,0
2771563,2017-04-09,24,PERSONAL CARE,336.0,6
900039,2014-05-22,12,PRODUCE,0.0,0
1566087,2015-05-31,50,CELEBRATION,0.0,0
379739,2013-08-02,14,DAIRY,136.0,0
261057,2013-05-27,33,PLAYERS AND ELECTRONICS,0.0,0
2420180,2016-09-23,15,PET SUPPLIES,0.0,0
2654690,2017-02-02,45,BREAD/BAKERY,1171.795,9
824732,2014-04-09,49,PREPARED FOODS,279.536,0
2410132,2016-09-17,33,EGGS,158.0,0
45873,2013-01-26,46,BEVERAGES,2893.0,0
1425389,2015-03-13,52,LAWN AND GARDEN,0.0,0
1198346,2014-11-05,32,HOME APPLIANCES,0.0,0
1913218,2015-12-12,40,EGGS,109.0,0
933934,2014-06-10,14,BABY CARE,0.0,0
2878969,2017-06-08,38,HOME AND KITCHEN II,129.0,2
2952389,2017-07-19,48,FROZEN FOODS,145.974,1
839930,2014-04-18,26,HARDWARE,1.0,0
2658671,2017-02-04,7,PET SUPPLIES,4.0,0
1005899,2014-07-20,32,PET SUPPLIES,0.0,0
2449749,2016-10-09,44,PLAYERS AND ELECTRONICS,67.0,0
2332367,2016-08-04,50,PET SUPPLIES,5.0,0
1626515,2015-07-04,46,FROZEN FOODS,503.237,1
1325597,2015-01-16,52,LAWN AND GARDEN,0.0,0
1366,2013-01-01,47,GROCERY II,0.0,0
1812249,2015-10-16,8,LINGERIE,26.0,0
1715048,2015-08-23,30,BREAD/BAKERY,273.0,36
1122420,2014-09-23,51,MEATS,451.227,0
2036935,2016-02-21,12,EGGS,104.0,0
214214,2013-05-01,2,FROZEN FOODS,122.0,0
773369,2014-03-11,9,HARDWARE,1.0,0
2601339,2017-01-03,48,HOME AND KITCHEN I,59.0,5
2910963,2017-06-26,36,AUTOMOTIVE,2.0,0
2017505,2016-02-10,17,HOME APPLIANCES,0.0,0
1621685,2015-07-02,10,SEAFOOD,4.0,0
2316685,2016-07-27,11,LADIESWEAR,12.0,0
2323512,2016-07-30,52,HOME AND KITCHEN I,0.0,0
1863191,2015-11-14,37,FROZEN FOODS,134.0,1
1418488,2015-03-10,1,HOME AND KITCHEN II,11.0,0
1916279,2015-12-14,27,BEAUTY,9.0,0
1465034,2015-04-05,15,SEAFOOD,6.0,0
1395424,2015-02-25,12,LADIESWEAR,0.0,0
1463732,2015-04-04,29,HOME APPLIANCES,0.0,0
1382070,2015-02-17,37,PRODUCE,20.0,0
475108,2013-09-24,4,CLEANING,664.0,0
621320,2013-12-15,41,PREPARED FOODS,75.902,0
248605,2013-05-20,34,HOME AND KITCHEN II,0.0,0
2762597,2017-04-04,23,BEAUTY,2.0,0
961202,2014-06-25,29,FROZEN FOODS,0.0,0
1441441,2015-03-22,53,BABY CARE,0.0,0
1675941,2015-08-01,33,BEVERAGES,2699.0,2
210513,2013-04-29,16,CELEBRATION,0.0,0
1396148,2015-02-25,32,HOME APPLIANCES,0.0,0
2128486,2016-04-12,30,LADIESWEAR,0.0,0
1809558,2015-10-15,32,BEVERAGES,541.0,2
29614,2013-01-17,4,GROCERY II,18.0,0
332547,2013-07-06,4,CELEBRATION,0.0,0
2967603,2017-07-28,25,GROCERY I,1955.0,50
2821596,2017-05-07,28,PRODUCE,2442.491,2
2664966,2017-02-08,33,HOME CARE,177.0,8
409457,2013-08-18,47,PET SUPPLIES,0.0,0
1722037,2015-08-27,26,SCHOOL AND OFFICE SUPPLIES,0.0,0
1622266,2015-07-02,27,LADIESWEAR,6.0,0
2253523,2016-06-21,39,LADIESWEAR,4.0,0
1625749,2015-07-04,25,BOOKS,0.0,0
14079,2013-01-08,53,LINGERIE,0.0,0
1423522,2015-03-12,50,BABY CARE,0.0,0
2157468,2016-04-28,43,PLAYERS AND ELECTRONICS,6.0,0
2406021,2016-09-15,18,MEATS,0.0,0
2708347,2017-03-04,50,BOOKS,2.0,0
1421318,2015-03-11,39,DAIRY,433.0,0
1795207,2015-10-07,3,CLEANING,2380.0,2
584582,2013-11-25,11,LAWN AND GARDEN,0.0,0
21103,2013-01-12,50,HOME AND KITCHEN II,0.0,0
1551522,2015-05-23,41,PLAYERS AND ELECTRONICS,0.0,0
444396,2013-09-07,28,HOME CARE,0.0,0
2692016,2017-02-23,42,DAIRY,915.0,17
148754,2013-03-25,32,MAGAZINES,0.0,0
739215,2014-02-20,5,HOME AND KITCHEN I,0.0,0
1595953,2015-06-17,39,CLEANING,1003.0,1
215106,2013-05-01,44,GROCERY I,12235.0,0
1571902,2015-06-04,14,GROCERY II,2.0,0
1824575,2015-10-23,53,BREAD/BAKERY,236.403,0
1185401,2014-10-29,2,DAIRY,774.0,2
1502501,2015-04-26,17,FROZEN FOODS,116.0,0
1456814,2015-03-31,34,PREPARED FOODS,28.0,0
2500984,2016-11-07,32,GROCERY II,0.0,0
1791913,2015-10-05,37,GROCERY II,66.0,0
1039888,2014-08-08,36,PERSONAL CARE,165.0,0
2330903,2016-08-04,10,HARDWARE,0.0,0
2094538,2016-03-24,28,POULTRY,150.355,0
673995,2014-01-15,20,BEVERAGES,0.0,0
293311,2013-06-14,39,CLEANING,906.0,0
2217439,2016-06-01,27,BOOKS,0.0,0
2680930,2017-02-17,31,EGGS,213.0,1
2313587,2016-07-25,24,MAGAZINES,8.0,0
2860671,2017-05-29,25,AUTOMOTIVE,1.0,0
190716,2013-04-18,10,DELI,194.0,0
111082,2013-03-04,26,BOOKS,0.0,0
2548931,2016-12-04,28,FROZEN FOODS,142.48601,2
2414904,2016-09-20,17,PRODUCE,2059.072,98
1313990,2015-01-10,27,PREPARED FOODS,153.595,0
1024730,2014-07-31,11,HARDWARE,1.0,0
1522920,2015-05-07,4,BEVERAGES,993.0,4
2341527,2016-08-09,9,GROCERY I,6147.391,52
1834755,2015-10-29,39,LINGERIE,2.0,0
1366856,2015-02-09,10,PREPARED FOODS,20.0,0
1738609,2015-09-05,41,BOOKS,0.0,0
2182201,2016-05-12,38,EGGS,74.0,1
1372199,2015-02-12,10,PET SUPPLIES,0.0,0
2667894,2017-02-10,16,DELI,134.0,40
1386028,2015-02-19,48,POULTRY,604.737,0
2787370,2017-04-18,18,PERSONAL CARE,182.0,17
1532918,2015-05-13,20,BEAUTY,2.0,0
888960,2014-05-15,51,CELEBRATION,0.0,0
919753,2014-06-02,16,EGGS,379.0,0
1369024,2015-02-10,21,LADIESWEAR,0.0,0
2875277,2017-06-06,34,LAWN AND GARDEN,2.0,1
1341171,2015-01-25,4,HOME CARE,0.0,0
710975,2014-02-04,8,MAGAZINES,0.0,0
1849487,2015-11-06,52,BEAUTY,0.0,0
2618859,2017-01-13,4,GROCERY I,3389.0,62
2597704,2017-01-01,46,EGGS,0.0,0
2672917,2017-02-12,7,HOME AND KITCHEN II,18.0,1
2678396,2017-02-16,10,HOME APPLIANCES,0.0,0
82371,2013-02-16,20,BEVERAGES,0.0,0
2052138,2016-02-29,39,AUTOMOTIVE,3.0,0
2791246,2017-04-20,27,CLEANING,716.0,26
1791281,2015-10-05,2,DAIRY,987.0,1
1680209,2015-08-03,52,HARDWARE,0.0,0
2949627,2017-07-18,20,LINGERIE,9.0,0
170480,2013-04-06,42,BEAUTY,0.0,0
1516128,2015-05-03,49,DELI,644.143,4
2759204,2017-04-02,28,DAIRY,1292.0,7
1029805,2014-08-02,53,CLEANING,844.0,2
1073206,2014-08-27,21,GROCERY II,0.0,0
1973948,2016-01-16,44,LAWN AND GARDEN,17.0,0
197163,2013-04-21,40,LINGERIE,3.0,0
1502731,2015-04-26,23,EGGS,81.0,0
1295030,2014-12-30,45,FROZEN FOODS,2168.613,4
26047,2013-01-15,4,EGGS,151.0,0
1304978,2015-01-05,24,PET SUPPLIES,0.0,0
1738715,2015-09-05,44,FROZEN FOODS,827.741,1
2538139,2016-11-28,25,EGGS,67.0,0
2552118,2016-12-06,17,PRODUCE,2103.325,122
935292,2014-06-10,51,CELEBRATION,0.0,0
2078549,2016-03-15,3,FROZEN FOODS,260.503,0
274234,2013-06-03,53,BOOKS,0.0,0
1290465,2014-12-28,18,AUTOMOTIVE,6.0,0
1769245,2015-09-22,50,HOME AND KITCHEN II,259.0,0
1815307,2015-10-18,43,EGGS,184.0,0
2766366,2017-04-06,29,DELI,253.73,8
498451,2013-10-07,44,LADIESWEAR,0.0,0
1760157,2015-09-17,46,BEVERAGES,3010.0,8
871420,2014-05-06,1,"LIQUOR,WINE,BEER",87.0,0
1954621,2016-01-05,51,SCHOOL AND OFFICE SUPPLIES,5.0,0
795522,2014-03-24,3,MEATS,650.679,0
1052497,2014-08-15,4,POULTRY,532.004,35
1936512,2015-12-26,44,CELEBRATION,19.0,0
221194,2013-05-05,15,POULTRY,78.79,0
2913738,2017-06-28,14,BEVERAGES,947.0,13
2273366,2016-07-02,45,PREPARED FOODS,448.00702,0
567663,2013-11-15,36,PRODUCE,0.0,0
1635726,2015-07-09,54,HOME AND KITCHEN I,26.0,0
992711,2014-07-13,13,BREAD/BAKERY,144.0,0
1850492,2015-11-07,30,HOME APPLIANCES,0.0,0
2673337,2017-02-13,19,CLEANING,989.0,26
2374808,2016-08-28,41,PREPARED FOODS,97.538,0
938903,2014-06-12,52,LAWN AND GARDEN,0.0,0
2009215,2016-02-05,34,EGGS,124.0,0
58955,2013-02-03,13,HOME APPLIANCES,0.0,0
2281442,2016-07-07,22,LAWN AND GARDEN,0.0,0
2083243,2016-03-18,11,LADIESWEAR,6.0,0
360997,2013-07-22,38,EGGS,112.0,0
1793739,2015-10-06,38,MEATS,168.054,0
2526034,2016-11-21,35,HOME AND KITCHEN II,4.0,0
1108542,2014-09-16,13,CELEBRATION,5.0,0
1147746,2014-10-08,13,CELEBRATION,5.0,0
2062765,2016-03-06,37,BABY CARE,0.0,0
1083718,2014-09-02,16,SCHOOL AND OFFICE SUPPLIES,0.0,0
102044,2013-02-27,22,DAIRY,0.0,0
1554333,2015-05-25,21,AUTOMOTIVE,0.0,0
268802,2013-05-31,50,HOME APPLIANCES,2.0,0
2745169,2017-03-25,33,SCHOOL AND OFFICE SUPPLIES,27.0,3
265759,2013-05-30,16,EGGS,85.0,0
809189,2014-04-01,13,PREPARED FOODS,16.0,0
1388217,2015-02-21,10,CELEBRATION,0.0,0
1573936,2015-06-05,21,BABY CARE,0.0,0
2925645,2017-07-04,47,PRODUCE,4997.886,11
2883574,2017-06-11,18,BABY CARE,1.0,0
56676,2013-02-01,49,HOME AND KITCHEN I,0.0,0
1386195,2015-02-19,52,PRODUCE,0.0,0
2002245,2016-02-01,39,BEVERAGES,3735.0,0
361975,2013-07-23,15,SCHOOL AND OFFICE SUPPLIES,0.0,0
1219677,2014-11-17,30,PRODUCE,363.853,0
1159726,2014-10-14,49,CLEANING,1350.0,5
2359483,2016-08-20,12,HOME AND KITCHEN II,9.0,0
861784,2014-04-30,39,"LIQUOR,WINE,BEER",23.0,0
2200822,2016-05-23,10,LADIESWEAR,1.0,0
1432586,2015-03-17,54,MAGAZINES,0.0,0
2973213,2017-07-31,32,GROCERY I,1873.0,45
1311905,2015-01-09,19,MAGAZINES,0.0,0
461807,2013-09-17,17,BREAD/BAKERY,188.0,0
462652,2013-09-17,4,PERSONAL CARE,131.0,0
706419,2014-02-02,3,LINGERIE,38.0,0
2723150,2017-03-13,16,MAGAZINES,0.0,0
1089467,2014-09-05,28,BREAD/BAKERY,404.0,3
1833445,2015-10-28,51,SCHOOL AND OFFICE SUPPLIES,2.0,0
1223652,2014-11-19,42,GROCERY I,0.0,0
1259768,2014-12-09,6,PET SUPPLIES,6.0,0
2007068,2016-02-04,24,DAIRY,998.0,1
534796,2013-10-28,14,SCHOOL AND OFFICE SUPPLIES,0.0,0
313066,2013-06-25,42,POULTRY,0.0,0
2042610,2016-02-24,21,DELI,272.193,3
2462930,2016-10-17,15,DAIRY,434.0,9
1775876,2015-09-26,37,HARDWARE,2.0,0
290543,2013-06-13,11,FROZEN FOODS,51.0,0
1066782,2014-08-23,40,MEATS,158.954,0
240119,2013-05-15,46,FROZEN FOODS,147.939,0
1198740,2014-11-05,43,HOME AND KITCHEN I,29.0,0
2258691,2016-06-24,34,CELEBRATION,19.0,0
1755145,2015-09-14,6,CLEANING,999.0,4
839620,2014-04-18,18,BABY CARE,0.0,0
1490221,2015-04-19,22,CLEANING,0.0,0
1486133,2015-04-16,8,FROZEN FOODS,173.379,3
711570,2014-02-05,24,MEATS,447.116,0
115369,2013-03-06,46,BABY CARE,0.0,0
2937514,2017-07-11,30,LADIESWEAR,0.0,0
1162201,2014-10-16,19,CLEANING,618.0,0
2724638,2017-03-13,8,PET SUPPLIES,7.0,0
1045928,2014-08-11,6,PET SUPPLIES,0.0,0
506560,2013-10-12,22,EGGS,0.0,0
317166,2013-06-27,9,BEVERAGES,1137.0,0
1238804,2014-11-28,18,HOME APPLIANCES,0.0,0
2266801,2016-06-29,11,SCHOOL AND OFFICE SUPPLIES,3.0,0
2796191,2017-04-23,16,BEAUTY,1.0,0
2006925,2016-02-04,2,PRODUCE,1947.66,0
745416,2014-02-24,24,GROCERY I,3229.0,0
1528768,2015-05-10,53,EGGS,94.0,0
472875,2013-09-23,27,HOME CARE,0.0,0
1967008,2016-01-12,5,EGGS,77.0,1
2156752,2016-04-28,24,BOOKS,0.0,0
1539916,2015-05-17,17,BOOKS,0.0,0
2243971,2016-06-16,21,BOOKS,0.0,0
1161028,2014-10-15,35,"LIQUOR,WINE,BEER",18.0,0
2823250,2017-05-08,25,BABY CARE,1.0,0
1686003,2015-08-07,16,AUTOMOTIVE,5.0,0
2696226,2017-02-26,10,PLAYERS AND ELECTRONICS,7.0,0
2627455,2017-01-18,30,POULTRY,95.449,0
1369858,2015-02-10,44,POULTRY,904.133,0
2527238,2016-11-22,19,SEAFOOD,6.0,0
1650001,2015-07-17,6,BABY CARE,0.0,0
916742,2014-05-31,31,BEAUTY,5.0,0
368041,2013-07-26,35,PERSONAL CARE,27.0,0
192721,2013-04-19,17,BABY CARE,0.0,0
1347511,2015-01-29,18,"LIQUOR,WINE,BEER",27.0,0
2272407,2016-07-02,19,PLAYERS AND ELECTRONICS,7.0,0
1770080,2015-09-23,24,PET SUPPLIES,10.0,0
1229639,2014-11-23,10,PET SUPPLIES,0.0,0
2617146,2017-01-12,41,HOME AND KITCHEN I,10.0,4
918571,2014-06-01,32,HOME AND KITCHEN II,0.0,0
1296560,2014-12-31,38,MAGAZINES,4.0,0
2501544,2016-11-07,48,GROCERY I,8375.0,94
2634687,2017-01-22,34,AUTOMOTIVE,2.0,0
2083017,2016-03-17,54,MEATS,57.287003,9
963046,2014-06-26,30,CLEANING,346.0,2
1483015,2015-04-15,2,POULTRY,384.95,0
2049797,2016-02-28,23,BEAUTY,0.0,0
1853352,2015-11-09,11,CELEBRATION,5.0,0
2223255,2016-06-04,4,GROCERY I,4590.0,65
2498077,2016-11-05,50,EGGS,139.0,1
1827412,2015-10-25,33,BOOKS,0.0,0
1038647,2014-08-07,51,BREAD/BAKERY,639.184,0
1795146,2015-10-07,28,GROCERY I,2928.481,13
2987606,2017-08-08,36,HOME APPLIANCES,0.0,0
1286112,2014-12-24,45,BEVERAGES,6809.0,3
131142,2013-03-15,39,AUTOMOTIVE,4.0,0
1989129,2016-01-25,20,LINGERIE,1.0,0
1097066,2014-09-09,40,HARDWARE,5.0,0
2185452,2016-05-14,29,PLAYERS AND ELECTRONICS,3.0,0
2969307,2017-07-29,23,AUTOMOTIVE,1.0,0
173065,2013-04-08,15,GROCERY II,9.0,0
2013992,2016-02-08,19,BEAUTY,0.0,0
1725268,2015-08-29,17,POULTRY,288.013,0
2075999,2016-03-13,9,BEAUTY,10.0,0
2515274,2016-11-15,33,HARDWARE,0.0,0
161186,2013-04-01,31,HARDWARE,0.0,0
283772,2013-06-09,21,BREAD/BAKERY,0.0,0
1835265,2015-10-29,53,BEVERAGES,908.0,3
2960122,2017-07-24,15,"LIQUOR,WINE,BEER",24.0,0
2235537,2016-06-11,34,HOME CARE,236.0,6
514862,2013-10-16,54,PREPARED FOODS,11.0,0
311417,2013-06-24,46,PREPARED FOODS,148.99,0
1560028,2015-05-28,30,LADIESWEAR,0.0,0
110243,2013-03-03,51,MAGAZINES,0.0,0
1561148,2015-05-29,12,HOME APPLIANCES,0.0,0
2838510,2017-05-16,52,HOME AND KITCHEN I,47.0,4
1687864,2015-08-08,18,GROCERY II,12.0,0
1887299,2015-11-28,13,PREPARED FOODS,31.0,0
1150508,2014-10-09,4,PREPARED FOODS,93.074,0
1433408,2015-03-18,28,LAWN AND GARDEN,0.0,0
2096896,2016-03-25,44,EGGS,714.0,30
1517515,2015-05-04,38,EGGS,138.0,1
1926811,2015-12-20,22,CLEANING,1036.0,1
458810,2013-09-15,32,FROZEN FOODS,13.0,0
198621,2013-04-22,31,PLAYERS AND ELECTRONICS,0.0,0
1017758,2014-07-27,16,BREAD/BAKERY,372.0,0
2416706,2016-09-21,18,HOME APPLIANCES,0.0,0
338259,2013-07-09,5,DELI,201.369,0
2805889,2017-04-28,37,SCHOOL AND OFFICE SUPPLIES,3.0,0
531615,2013-10-26,25,HOME CARE,0.0,0
1424055,2015-03-13,16,CELEBRATION,0.0,0
2213969,2016-05-30,29,SEAFOOD,5.0,1
1396641,2015-02-25,46,HOME AND KITCHEN I,26.0,0
2142830,2016-04-20,33,DAIRY,381.0,82
392352,2013-08-09,18,HOME AND KITCHEN I,0.0,0
268428,2013-05-31,40,CELEBRATION,0.0,0
823338,2014-04-09,10,LINGERIE,4.0,0
1579652,2015-06-08,31,DAIRY,625.0,1
83642,2013-02-16,6,LAWN AND GARDEN,3.0,0
217467,2013-05-03,10,PRODUCE,0.0,0
2547262,2016-12-03,30,PERSONAL CARE,99.0,2
1563238,2015-05-30,20,POULTRY,614.374,0
1131832,2014-09-29,16,SCHOOL AND OFFICE SUPPLIES,0.0,0
575740,2013-11-20,13,"LIQUOR,WINE,BEER",14.0,0
1402002,2015-02-28,46,PRODUCE,8.0,0
2654914,2017-02-02,50,SCHOOL AND OFFICE SUPPLIES,2.0,0
512941,2013-10-15,50,"LIQUOR,WINE,BEER",179.0,0
1037045,2014-08-06,7,LAWN AND GARDEN,21.0,2
393012,2013-08-09,36,HOME AND KITCHEN I,0.0,0
2734743,2017-03-19,41,AUTOMOTIVE,15.0,0
2563915,2016-12-12,48,GROCERY II,26.0,0
2134290,2016-04-15,43,HOME AND KITCHEN I,21.0,0
2493277,2016-11-03,16,POULTRY,72.0,1
2709536,2017-03-05,34,BREAD/BAKERY,684.0,66
193853,2013-04-19,48,FROZEN FOODS,104.93,0
2681120,2017-02-17,37,BEAUTY,2.0,0
534088,2013-10-27,44,HOME AND KITCHEN II,0.0,0
1143539,2014-10-05,44,MAGAZINES,4.0,0
2323869,2016-07-31,13,DELI,127.0,4
2746344,2017-03-26,17,HOME CARE,549.0,10
1115591,2014-09-20,10,PET SUPPLIES,0.0,0
2062780,2016-03-06,37,HOME AND KITCHEN II,25.0,2
197481,2013-04-21,5,DELI,236.825,0
2810665,2017-05-01,21,"LIQUOR,WINE,BEER",151.0,4
1189019,2014-10-31,20,PREPARED FOODS,0.0,0
284158,2013-06-09,31,POULTRY,109.267006,0
1426538,2015-03-14,35,HARDWARE,0.0,0
2613928,2017-01-10,50,SCHOOL AND OFFICE SUPPLIES,6.0,0
2603489,2017-01-04,9,LAWN AND GARDEN,0.0,0
1309435,2015-01-07,49,POULTRY,1143.5131,3
1041711,2014-08-09,38,AUTOMOTIVE,6.0,0
2462368,2016-10-16,49,CLEANING,2676.0,48
2591036,2016-12-29,1,DAIRY,652.0,24
2668373,2017-02-10,29,PET SUPPLIES,2.0,0
588617,2013-11-27,24,PREPARED FOODS,150.216,0
2475390,2016-10-24,14,PLAYERS AND ELECTRONICS,5.0,0
962420,2014-06-26,13,DAIRY,274.0,1
2308949,2016-07-22,44,BREAD/BAKERY,1431.377,1
1085000,2014-09-02,51,PET SUPPLIES,24.0,0
1819468,2015-10-21,10,GROCERY II,1.0,0
1258500,2014-12-09,20,GROCERY I,0.0,0
859245,2014-04-29,18,MEATS,55.298,0
340040,2013-07-10,5,DAIRY,259.0,0
785527,2014-03-18,49,POULTRY,721.75,0
1222687,2014-11-19,16,BOOKS,0.0,0
2423225,2016-09-24,50,BEAUTY,6.0,0
1070477,2014-08-25,44,MAGAZINES,0.0,0
2849606,2017-05-23,14,MAGAZINES,1.0,0
1016544,2014-07-26,31,GROCERY I,4014.484,8
949052,2014-06-18,38,BREAD/BAKERY,461.646,0
2485444,2016-10-29,46,HOME AND KITCHEN II,44.0,1
818883,2014-04-06,35,LINGERIE,1.0,0
888345,2014-05-15,34,HOME CARE,0.0,0
2780014,2017-04-14,11,POULTRY,236.746,22
2740220,2017-03-22,44,SEAFOOD,115.712,1
1108718,2014-09-16,18,HOME APPLIANCES,0.0,0
2798632,2017-04-24,34,BABY CARE,0.0,0
826069,2014-04-10,37,GROCERY II,29.0,0
816667,2014-04-05,23,HOME AND KITCHEN II,0.0,0
1147261,2014-10-07,49,HOME AND KITCHEN II,24.0,0
1901666,2015-12-06,17,DAIRY,996.0,4
2462375,2016-10-16,49,HARDWARE,1.0,0
471420,2013-09-22,36,HOME AND KITCHEN I,0.0,0
1671996,2015-07-30,22,HOME CARE,0.0,0
2611841,2017-01-09,42,MAGAZINES,6.0,0
2953948,2017-07-20,41,LADIESWEAR,16.0,0
634189,2013-12-22,52,POULTRY,0.0,0
2221185,2016-06-03,31,LINGERIE,5.0,0
2656922,2017-02-03,8,PET SUPPLIES,14.0,0
1995,2013-01-02,15,HOME AND KITCHEN I,0.0,0
2785101,2017-04-16,54,AUTOMOTIVE,6.0,0
86075,2013-02-18,24,FROZEN FOODS,123.831,0
245348,2013-05-18,42,PET SUPPLIES,0.0,0
790366,2014-03-21,35,HOME AND KITCHEN II,11.0,0
2850625,2017-05-23,42,LADIESWEAR,10.0,0
985617,2014-07-09,14,CELEBRATION,6.0,0
2600074,2017-01-03,13,BOOKS,0.0,0
360045,2013-07-22,11,HOME AND KITCHEN I,0.0,0
2886728,2017-06-12,6,LAWN AND GARDEN,12.0,0
2705968,2017-03-03,34,BABY CARE,0.0,0
723233,2014-02-11,51,BREAD/BAKERY,672.087,0
1041367,2014-08-09,28,LADIESWEAR,0.0,0
134090,2013-03-17,21,FROZEN FOODS,0.0,0
1809389,2015-10-15,27,SEAFOOD,31.346,0
2654753,2017-02-02,47,BEAUTY,21.0,1
175957,2013-04-09,46,BABY CARE,0.0,0
952278,2014-06-20,28,PRODUCE,0.0,0
2451137,2016-10-10,33,PREPARED FOODS,33.0,0
603970,2013-12-05,6,BOOKS,0.0,0
120711,2013-03-09,45,PRODUCE,0.0,0
2400802,2016-09-12,21,LADIESWEAR,7.0,0
2562211,2016-12-11,5,PERSONAL CARE,350.0,16
2064017,2016-03-07,21,SEAFOOD,7.0,0
672235,2014-01-14,20,PERSONAL CARE,0.0,0
611327,2013-12-10,12,BEAUTY,0.0,0
1052961,2014-08-15,52,PRODUCE,0.0,0
1878989,2015-11-23,30,BEAUTY,0.0,0
794722,2014-03-23,8,HOME AND KITCHEN II,23.0,0
612913,2013-12-10,7,BOOKS,0.0,0
2811834,2017-05-01,54,BEVERAGES,2284.0,24
354140,2013-07-18,45,HOME APPLIANCES,1.0,0
2019496,2016-02-11,22,POULTRY,74.408,0
2886001,2017-06-12,35,LADIESWEAR,0.0,0
1962413,2016-01-10,21,BEAUTY,6.0,0
1489870,2015-04-19,12,LADIESWEAR,0.0,0
1945101,2015-12-31,35,HOME AND KITCHEN I,34.0,0
2639152,2017-01-25,1,EGGS,148.0,2
1801563,2015-10-10,8,PLAYERS AND ELECTRONICS,15.0,0
2944222,2017-07-15,19,POULTRY,318.033,0
32656,2013-01-19,25,LADIESWEAR,0.0,0
706229,2014-02-02,24,PREPARED FOODS,169.515,0
1030429,2014-08-03,21,BOOKS,0.0,0
2514259,2016-11-14,54,"LIQUOR,WINE,BEER",3.0,0
2657241,2017-02-04,17,HOME AND KITCHEN I,50.0,0
2036317,2016-02-20,44,LADIESWEAR,54.0,0
2156826,2016-04-28,26,GROCERY I,803.0,40
1973643,2016-01-16,36,GROCERY I,3743.692,26
625963,2013-12-18,22,LADIESWEAR,0.0,0
851537,2014-04-24,51,BREAD/BAKERY,518.119,0
1964590,2016-01-11,32,BABY CARE,0.0,0
2140014,2016-04-18,53,PRODUCE,28.029,0
2948450,2017-07-17,37,SEAFOOD,12.427,0
845909,2014-04-21,43,LAWN AND GARDEN,0.0,0
1366149,2015-02-08,40,HOME AND KITCHEN I,28.0,0
2356070,2016-08-18,17,BEAUTY,6.0,0
1474122,2015-04-10,20,GROCERY I,2787.0,3
665712,2014-01-10,38,BEVERAGES,1955.0,0
1944254,2015-12-31,11,PET SUPPLIES,4.0,0
2632509,2017-01-21,23,AUTOMOTIVE,4.0,0
1100596,2014-09-11,4,GROCERY II,13.0,0
2303494,2016-07-19,40,POULTRY,182.85,1
451002,2013-09-11,13,MEATS,104.795,0
2160021,2016-04-30,16,CELEBRATION,9.0,0
2883404,2017-06-11,12,PREPARED FOODS,35.0,0
1592281,2015-06-15,35,SCHOOL AND OFFICE SUPPLIES,0.0,0
2127149,2016-04-11,43,BEAUTY,0.0,0
1097549,2014-09-09,54,BEAUTY,0.0,0
612657,2013-12-10,49,GROCERY I,5465.0,0
1975011,2016-01-17,24,PLAYERS AND ELECTRONICS,22.0,0
2035262,2016-02-20,15,LAWN AND GARDEN,0.0,0
2143345,2016-04-20,47,POULTRY,1181.123,1
1558549,2015-05-27,39,PERSONAL CARE,198.0,0
1096207,2014-09-09,17,GROCERY II,6.0,0
2709931,2017-03-05,45,BOOKS,4.0,0
785752,2014-03-18,6,"LIQUOR,WINE,BEER",33.0,0
2136017,2016-04-16,41,PET SUPPLIES,0.0,0
2099473,2016-03-27,17,GROCERY II,7.0,2
2283273,2016-07-08,24,BEVERAGES,3270.0,20
2187431,2016-05-15,34,PET SUPPLIES,4.0,0
2083565,2016-03-18,20,FROZEN FOODS,62.0,0
224542,2013-05-07,1,EGGS,167.0,0
2368852,2016-08-25,25,GROCERY II,0.0,0
675856,2014-01-16,22,HOME AND KITCHEN II,0.0,0
2325341,2016-07-31,53,PREPARED FOODS,145.237,0
285126,2013-06-10,1,CELEBRATION,0.0,0
261975,2013-05-28,1,LINGERIE,6.0,0
2758789,2017-04-02,16,"LIQUOR,WINE,BEER",0.0,0
2618186,2017-01-13,20,SEAFOOD,5.634,1
2992683,2017-08-11,29,GROCERY I,3915.594,70
2571824,2016-12-17,20,BEAUTY,10.0,1
1440616,2015-03-22,30,BABY CARE,0.0,0
2249980,2016-06-19,4,CLEANING,914.0,7
1904285,2015-12-07,4,LAWN AND GARDEN,0.0,0
862855,2014-05-01,2,BOOKS,0.0,0
1619442,2015-06-30,48,AUTOMOTIVE,6.0,0
876593,2014-05-08,54,HARDWARE,0.0,0
673477,2014-01-14,6,GROCERY II,17.0,0
2619254,2017-01-13,50,FROZEN FOODS,199.881,4
1820372,2015-10-21,35,PET SUPPLIES,0.0,0
1470794,2015-04-08,27,HOME APPLIANCES,1.0,0
889676,2014-05-16,21,PREPARED FOODS,0.0,0
957216,2014-06-23,17,HOME CARE,0.0,0
419141,2013-08-24,2,DAIRY,546.0,0
309845,2013-06-23,52,DAIRY,0.0,0
2781622,2017-04-14,7,LADIESWEAR,7.0,0
2640318,2017-01-25,41,LINGERIE,4.0,0
2742627,2017-03-24,12,PRODUCE,266.742,0
1174729,2014-10-23,2,POULTRY,412.11,0
140998,2013-03-21,15,"LIQUOR,WINE,BEER",8.0,0
2506561,2016-11-10,39,GROCERY II,9.0,0
2360588,2016-08-20,42,SEAFOOD,13.843,1
560641,2013-11-11,4,BOOKS,0.0,0
2648442,2017-01-30,2,PLAYERS AND ELECTRONICS,8.0,0
2184601,2016-05-13,6,BABY CARE,0.0,0
2535516,2016-11-26,50,PLAYERS AND ELECTRONICS,26.0,0
2588029,2016-12-27,25,BOOKS,1.0,0
1052180,2014-08-15,31,DAIRY,470.0,1
2114255,2016-04-04,31,FROZEN FOODS,85.543,0
855499,2014-04-27,13,CLEANING,668.0,0
2488105,2016-10-31,21,BOOKS,0.0,0
2246859,2016-06-17,51,LINGERIE,2.0,0
2939245,2017-07-12,3,BABY CARE,0.0,0
414276,2013-08-21,32,PLAYERS AND ELECTRONICS,0.0,0
1224509,2014-11-20,17,FROZEN FOODS,104.0,0
1639481,2015-07-12,10,DAIRY,265.0,1
161939,2013-04-01,52,DAIRY,0.0,0
918219,2014-06-01,22,PLAYERS AND ELECTRONICS,0.0,0
2793607,2017-04-21,42,PERSONAL CARE,130.0,9
1974677,2016-01-17,15,MAGAZINES,2.0,0
1429373,2015-03-16,15,FROZEN FOODS,53.0,0
39578,2013-01-23,2,FROZEN FOODS,105.434,0
620921,2013-12-15,30,PET SUPPLIES,0.0,0
302743,2013-06-19,53,BABY CARE,0.0,0
113347,2013-03-05,39,PERSONAL CARE,299.0,0
225181,2013-05-07,27,"LIQUOR,WINE,BEER",49.0,0
1520263,2015-05-06,15,LADIESWEAR,0.0,0
2279653,2016-07-06,22,GROCERY II,8.0,0
996590,2014-07-15,21,MAGAZINES,0.0,0
2617636,2017-01-12,6,EGGS,96.0,2
930922,2014-06-08,29,PERSONAL CARE,0.0,0
882514,2014-05-12,20,POULTRY,0.0,0
2146663,2016-04-22,40,GROCERY II,3.0,0
2421439,2016-09-23,5,SCHOOL AND OFFICE SUPPLIES,0.0,0
2079358,2016-03-15,51,POULTRY,3298.394,0
197460,2013-04-21,49,LINGERIE,6.0,0
1876783,2015-11-22,19,CLEANING,849.0,3
2195713,2016-05-20,17,PERSONAL CARE,200.0,12
2422732,2016-09-24,37,BOOKS,0.0,0
1146514,2014-10-07,28,POULTRY,244.922,0
806683,2014-03-30,42,SCHOOL AND OFFICE SUPPLIES,0.0,0
2909908,2017-06-25,7,BABY CARE,0.0,0
1603867,2015-06-22,11,BABY CARE,0.0,0
1811317,2015-10-16,31,GROCERY II,7.0,0
2560159,2016-12-10,42,LADIESWEAR,26.0,0
856420,2014-04-27,39,BOOKS,0.0,0
2753588,2017-03-30,20,BEAUTY,6.0,1
1861322,2015-11-13,34,MAGAZINES,0.0,0
403391,2013-08-15,27,SEAFOOD,18.579,0
1759571,2015-09-17,3,FROZEN FOODS,278.396,2
1289253,2014-12-27,33,DELI,146.0,0
1801095,2015-10-10,44,LINGERIE,5.0,1
2620864,2017-01-14,46,BOOKS,3.0,0
365532,2013-07-25,15,MEATS,113.214005,0
2095267,2016-03-24,48,SCHOOL AND OFFICE SUPPLIES,2.0,0
1072980,2014-08-27,15,HOME CARE,0.0,0
2839485,2017-05-17,30,AUTOMOTIVE,0.0,0
588806,2013-11-27,3,LAWN AND GARDEN,9.0,0
816546,2014-04-05,2,PLAYERS AND ELECTRONICS,0.0,0
1596301,2015-06-17,48,PERSONAL CARE,519.0,2
2912747,2017-06-27,36,BEAUTY,2.0,0
513065,2013-10-15,54,HARDWARE,1.0,0
183175,2013-04-13,48,PERSONAL CARE,698.0,0
221162,2013-05-05,14,PREPARED FOODS,35.0,0
2899716,2017-06-20,20,CELEBRATION,5.0,0
2269889,2016-06-30,48,HOME APPLIANCES,0.0,0
2620199,2017-01-14,27,SEAFOOD,24.418,1
2795653,2017-04-22,5,PERSONAL CARE,255.0,8
2326646,2016-08-01,40,HARDWARE,2.0,0
763349,2014-03-06,27,PET SUPPLIES,2.0,0
1086530,2014-09-03,45,BREAD/BAKERY,1202.182,2
84002,2013-02-17,16,HOME APPLIANCES,0.0,0
407680,2013-08-17,47,SCHOOL AND OFFICE SUPPLIES,0.0,0
465930,2013-09-19,32,BEVERAGES,156.0,0
2167389,2016-05-04,22,HOME AND KITCHEN I,25.0,0
2539486,2016-11-29,13,BOOKS,0.0,0
655612,2014-01-04,54,BABY CARE,0.0,0
1221406,2014-11-18,3,EGGS,401.0,0
1552292,2015-05-24,14,BREAD/BAKERY,222.0,1
111637,2013-03-04,40,SCHOOL AND OFFICE SUPPLIES,0.0,0
339023,2013-07-10,21,HARDWARE,0.0,0
2287128,2016-07-10,31,PRODUCE,1476.096,2
2937415,2017-07-11,28,LADIESWEAR,0.0,0
801757,2014-03-27,54,"LIQUOR,WINE,BEER",26.0,0
1601923,2015-06-20,7,BOOKS,0.0,0
608315,2013-12-08,27,PET SUPPLIES,0.0,0
1121170,2014-09-23,17,POULTRY,314.409,0
1214094,2014-11-14,24,MEATS,575.517,46
1942522,2015-12-30,13,EGGS,16.0,0
2867493,2017-06-02,16,MEATS,63.304,0
2085914,2016-03-19,36,HOME APPLIANCES,0.0,0
2400051,2016-09-11,5,PLAYERS AND ELECTRONICS,10.0,0
1807417,2015-10-14,22,CLEANING,802.0,4
1682199,2015-08-04,9,MEATS,411.52798,0
2016973,2016-02-09,51,GROCERY II,126.0,0
1156713,2014-10-13,14,PRODUCE,393.23,0
1597362,2015-06-18,28,PRODUCE,982.591,0
1626398,2015-07-04,42,PET SUPPLIES,0.0,0
330325,2013-07-05,27,POULTRY,195.978,0
2413509,2016-09-19,28,LINGERIE,5.0,0
2031361,2016-02-17,6,GROCERY II,22.0,0
1636184,2015-07-10,18,FROZEN FOODS,45.0,0
1154390,2014-10-11,49,HOME APPLIANCES,1.0,0
899785,2014-05-21,6,CLEANING,952.0,2
227716,2013-05-08,48,HOME AND KITCHEN II,0.0,0
406359,2013-08-17,10,PRODUCE,0.0,0
2558020,2016-12-09,32,PERSONAL CARE,46.0,4
1137108,2014-10-02,14,PLAYERS AND ELECTRONICS,5.0,0
2418012,2016-09-21,54,BEVERAGES,1090.0,15
1920414,2015-12-16,42,GROCERY I,2970.0,15
2247053,2016-06-17,8,HOME APPLIANCES,0.0,0
2439589,2016-10-04,1,SCHOOL AND OFFICE SUPPLIES,0.0,0
2848718,2017-05-22,39,PET SUPPLIES,6.0,0
112014,2013-03-04,51,GROCERY I,4088.0,0
415171,2013-08-21,8,SCHOOL AND OFFICE SUPPLIES,0.0,0
2829747,2017-05-11,7,PRODUCE,4276.054,10
1738323,2015-09-05,33,HOME AND KITCHEN I,84.0,0
1415997,2015-03-08,4,AUTOMOTIVE,3.0,0
269343,2013-06-01,16,PRODUCE,0.0,0
1788839,2015-10-03,50,DAIRY,1740.0,1
2649544,2017-01-30,50,CLEANING,1641.0,18
138493,2013-03-19,44,PERSONAL CARE,252.0,0
1465351,2015-04-05,24,LADIESWEAR,0.0,0
1510464,2015-04-30,4,LINGERIE,0.0,0
1581966,2015-06-09,46,GROCERY I,6507.0,17
314134,2013-06-26,23,CLEANING,585.0,0
950501,2014-06-19,29,BEAUTY,0.0,0
2792121,2017-04-20,50,MEATS,425.033,4
743168,2014-02-23,11,DAIRY,761.0,0
2042495,2016-02-24,18,PET SUPPLIES,1.0,0
1753007,2015-09-13,45,HARDWARE,1.0,0
696969,2014-01-28,15,DELI,258.0,0
815031,2014-04-04,27,PRODUCE,9.0,0
1540508,2015-05-17,33,BEAUTY,2.0,0
496511,2013-10-06,4,PET SUPPLIES,0.0,0
570983,2013-11-17,3,HOME APPLIANCES,5.0,0
2165676,2016-05-03,24,HOME CARE,272.0,2
607560,2013-12-07,6,PRODUCE,47.0,0
658794,2014-01-06,43,HOME AND KITCHEN I,7.0,0
2182474,2016-05-12,45,LADIESWEAR,15.0,0
1460342,2015-04-02,33,PET SUPPLIES,0.0,0
661996,2014-01-08,33,HOME AND KITCHEN II,13.0,0
921702,2014-06-03,20,GROCERY I,0.0,0
2502826,2016-11-08,34,CLEANING,722.0,33
177329,2013-04-10,34,LAWN AND GARDEN,2.0,0
2219636,2016-06-02,38,MAGAZINES,10.0,0
1586120,2015-06-12,13,DAIRY,267.0,3
605818,2013-12-06,8,BOOKS,0.0,0
2312342,2016-07-24,39,SEAFOOD,4.106,0
208490,2013-04-27,9,PREPARED FOODS,78.0,0
1986812,2016-01-23,6,HARDWARE,1.0,0
951280,2014-06-19,5,"LIQUOR,WINE,BEER",26.0,0
453896,2013-09-12,44,HARDWARE,0.0,0
442185,2013-09-06,16,HOME CARE,0.0,0
1803289,2015-10-11,7,BOOKS,0.0,0
2470049,2016-10-21,14,SEAFOOD,11.0,1
2469420,2016-10-20,46,PRODUCE,2488.802,39
2065778,2016-03-08,21,FROZEN FOODS,47.089,0
2868113,2017-06-02,33,HOME APPLIANCES,0.0,0
1349015,2015-01-30,10,DAIRY,192.0,1
2031588,2016-02-18,12,DELI,216.0,1
2270139,2016-06-30,6,BEVERAGES,2404.0,12
2388061,2016-09-05,14,HOME AND KITCHEN II,16.0,1
2914541,2017-06-28,36,HARDWARE,0.0,0
630703,2013-12-20,6,CLEANING,1200.0,0
967428,2014-06-28,53,AUTOMOTIVE,7.0,0
2798963,2017-04-24,43,BEAUTY,0.0,0
2393958,2016-09-08,3,CELEBRATION,45.0,0
2784684,2017-04-16,42,GROCERY I,4266.0,75
281311,2013-06-07,51,LADIESWEAR,0.0,0
1632702,2015-07-08,2,PLAYERS AND ELECTRONICS,10.0,0
1880621,2015-11-24,26,HOME APPLIANCES,0.0,0
1881453,2015-11-24,49,MEATS,536.113,0
430995,2013-08-30,51,HOME AND KITCHEN I,0.0,0
2187774,2016-05-15,44,CELEBRATION,30.0,0
2489261,2016-10-31,53,BREAD/BAKERY,408.339,5
780631,2014-03-16,12,HOME AND KITCHEN II,6.0,0
2737002,2017-03-20,54,HOME AND KITCHEN I,11.0,0
621444,2013-12-15,45,LINGERIE,7.0,0
1863069,2015-11-14,33,LINGERIE,11.0,0
2529299,2016-11-23,27,HARDWARE,0.0,0
1698020,2015-08-13,52,BREAD/BAKERY,0.0,0
1984227,2016-01-22,33,BEVERAGES,1058.0,1
2554468,2016-12-07,33,BOOKS,0.0,0
1170867,2014-10-21,11,PLAYERS AND ELECTRONICS,3.0,0
1434868,2015-03-19,19,POULTRY,194.001,12
2043147,2016-02-24,36,HOME CARE,187.0,0
179866,2013-04-11,6,HOME AND KITCHEN II,0.0,0
1208601,2014-11-11,20,DELI,0.0,0
1197745,2014-11-05,16,EGGS,235.0,0
1438335,2015-03-21,16,PRODUCE,0.0,0
1414090,2015-03-07,36,CLEANING,1014.0,3
1845426,2015-11-04,39,AUTOMOTIVE,6.0,0
2124185,2016-04-10,10,DAIRY,467.0,0
2469679,2016-10-20,53,PERSONAL CARE,237.0,10
1762812,2015-09-19,20,HOME CARE,375.0,2
2298265,2016-07-16,44,GROCERY II,47.0,0
922414,2014-06-03,4,SCHOOL AND OFFICE SUPPLIES,0.0,0
1876356,2015-11-21,7,DELI,192.48,0
8071,2013-01-05,35,LADIESWEAR,0.0,0
1254836,2014-12-07,18,FROZEN FOODS,104.454,0
2885196,2017-06-12,13,CELEBRATION,1.0,0
2357064,2016-08-18,44,CELEBRATION,39.0,0
1116495,2014-09-20,36,CELEBRATION,8.0,0
421514,2013-08-25,36,BREAD/BAKERY,524.0,0
1375817,2015-02-14,12,HARDWARE,1.0,0
2861708,2017-05-29,53,HARDWARE,0.0,0
80377,2013-02-15,14,"LIQUOR,WINE,BEER",39.0,0
866355,2014-05-03,18,CELEBRATION,0.0,0
299989,2013-06-18,26,LADIESWEAR,0.0,0
478060,2013-09-26,22,"LIQUOR,WINE,BEER",0.0,0
1803645,2015-10-12,16,PRODUCE,644.238,0
521211,2013-10-20,33,DELI,244.0,0
328379,2013-07-04,22,PREPARED FOODS,0.0,0
2167487,2016-05-04,25,HARDWARE,0.0,0
397188,2013-08-11,53,AUTOMOTIVE,0.0,0
2150786,2016-04-24,7,FROZEN FOODS,257.017,0
781788,2014-03-16,44,HOME CARE,1114.0,0
1914005,2015-12-13,13,BREAD/BAKERY,163.0,32
2722245,2017-03-12,40,DELI,243.0,8
641948,2013-12-28,20,SEAFOOD,0.0,0
2299045,2016-07-17,17,BABY CARE,2.0,0
1989596,2016-01-25,33,PET SUPPLIES,0.0,0
2397705,2016-09-10,34,MEATS,205.873,0
662811,2014-01-08,7,CELEBRATION,12.0,0
1997837,2016-01-30,15,HOME APPLIANCES,0.0,0
1871982,2015-11-19,33,MEATS,351.324,21
2275366,2016-07-03,51,HOME AND KITCHEN II,44.0,2
2921815,2017-07-02,4,POULTRY,700.773,0
1914206,2015-12-13,19,DAIRY,454.0,0
1524073,2015-05-08,22,BABY CARE,0.0,0
2395282,2016-09-09,17,EGGS,105.0,0
598352,2013-12-02,47,PREPARED FOODS,186.13,0
1001636,2014-07-18,13,LAWN AND GARDEN,0.0,0
2550734,2016-12-05,28,SEAFOOD,3.0,0
978794,2014-07-05,22,HARDWARE,0.0,0
2578098,2016-12-20,46,CELEBRATION,20.0,2
303996,2013-06-20,39,AUTOMOTIVE,4.0,0
1027501,2014-08-01,39,GROCERY II,29.0,0
2885547,2017-06-12,22,PLAYERS AND ELECTRONICS,4.0,0
469909,2013-09-21,43,"LIQUOR,WINE,BEER",178.0,0
1976795,2016-01-18,24,PREPARED FOODS,114.741,0
803075,2014-03-28,41,LAWN AND GARDEN,8.0,0
1531653,2015-05-12,34,MEATS,118.222,0
395645,2013-08-11,10,DAIRY,82.0,0
49978,2013-01-29,11,HOME AND KITCHEN II,0.0,0
2768759,2017-04-07,45,PET SUPPLIES,28.0,0
799559,2014-03-26,43,BEAUTY,1.0,0
1001522,2014-07-18,10,BREAD/BAKERY,66.0,0
2835595,2017-05-15,21,BOOKS,0.0,0
1714519,2015-08-23,16,BOOKS,0.0,0
1972876,2016-01-16,15,BOOKS,0.0,0
325987,2013-07-02,6,GROCERY II,31.0,0
1201607,2014-11-07,24,FROZEN FOODS,171.23601,2
2385013,2016-09-03,29,BOOKS,0.0,0
2155407,2016-04-27,36,GROCERY I,3265.308,38
2595654,2016-12-31,39,CELEBRATION,23.0,0
1746584,2015-09-10,15,PET SUPPLIES,1.0,0
483094,2013-09-29,14,CLEANING,841.0,0
2070462,2016-03-10,52,DELI,0.0,0
2720854,2017-03-11,51,BOOKS,1.0,0
1387392,2015-02-20,37,CELEBRATION,0.0,0
1039933,2014-08-08,38,BOOKS,0.0,0
672031,2014-01-14,15,LADIESWEAR,18.0,0
290149,2013-06-12,5,GROCERY II,14.0,0
411632,2013-08-19,9,MAGAZINES,0.0,0
284231,2013-06-09,34,BEAUTY,2.0,0
1745970,2015-09-09,48,CELEBRATION,13.0,0
298472,2013-06-17,33,LAWN AND GARDEN,0.0,0
1578251,2015-06-07,41,PET SUPPLIES,12.0,0
2729596,2017-03-16,47,BABY CARE,0.0,0
745201,2014-02-24,18,POULTRY,170.2,0
934767,2014-06-10,37,DELI,121.488,0
1952380,2016-01-04,4,BABY CARE,0.0,0
2443507,2016-10-06,2,"LIQUOR,WINE,BEER",78.0,2
2730476,2017-03-17,21,MAGAZINES,0.0,0
1788612,2015-10-03,44,GROCERY I,18551.0,15
219669,2013-05-04,22,LINGERIE,0.0,0
1011564,2014-07-23,41,HOME AND KITCHEN I,32.0,0
946201,2014-06-16,8,PERSONAL CARE,342.0,1
1937389,2015-12-27,19,PERSONAL CARE,235.0,0
715263,2014-02-07,28,LINGERIE,8.0,0
1906829,2015-12-09,11,MAGAZINES,1.0,0
46558,2013-01-27,15,POULTRY,32.708,0
480122,2013-09-27,30,BREAD/BAKERY,149.0,0
2770534,2017-04-08,45,LADIESWEAR,36.0,1
151430,2013-03-26,8,PET SUPPLIES,0.0,0
2457458,2016-10-14,11,HARDWARE,0.0,0
2600066,2017-01-03,12,PREPARED FOODS,32.0,1
1813883,2015-10-17,53,BREAD/BAKERY,399.901,1
326840,2013-07-03,3,DAIRY,1253.0,0
1070292,2014-08-25,4,BEVERAGES,840.0,1
859272,2014-04-29,19,HOME CARE,0.0,0
1339523,2015-01-24,43,LAWN AND GARDEN,0.0,0
2213689,2016-05-30,21,HOME AND KITCHEN II,11.0,0
1062221,2014-08-21,13,HOME APPLIANCES,1.0,0
740966,2014-02-21,49,HOME APPLIANCES,1.0,0
490309,2013-10-03,16,POULTRY,78.13,0
2251897,2016-06-20,43,EGGS,61.0,11
595893,2013-12-01,29,GROCERY I,0.0,0
800242,2014-03-27,12,PERSONAL CARE,120.0,0
34587,2013-01-20,3,BEVERAGES,5870.0,0
1019010,2014-07-27,50,BEVERAGES,4978.0,3
2419190,2016-09-22,37,PET SUPPLIES,8.0,0
846201,2014-04-21,51,HOME AND KITCHEN I,0.0,0
2108744,2016-04-01,27,FROZEN FOODS,300.18,1
638764,2013-12-26,31,HOME AND KITCHEN II,0.0,0
879262,2014-05-10,3,EGGS,700.0,0
1262076,2014-12-11,20,MEATS,0.0,0
1532071,2015-05-12,46,GROCERY II,57.0,1
2140538,2016-04-19,19,PET SUPPLIES,1.0,0
550752,2013-11-06,12,HOME AND KITCHEN I,0.0,0
1339132,2015-01-24,32,PERSONAL CARE,84.0,0
1010621,2014-07-23,15,PREPARED FOODS,20.0,0
1369911,2015-02-10,46,HOME AND KITCHEN I,33.0,0
1316160,2015-01-11,38,LINGERIE,4.0,0
1962273,2016-01-10,17,PLAYERS AND ELECTRONICS,13.0,0
145765,2013-03-23,49,BOOKS,0.0,0
2565118,2016-12-13,31,POULTRY,128.1,0
1293683,2014-12-29,8,HOME APPLIANCES,1.0,0
165914,2013-04-04,14,MAGAZINES,0.0,0
2193958,2016-05-19,18,LADIESWEAR,11.0,0
209563,2013-04-28,39,GROCERY II,37.0,0
1312679,2015-01-09,40,BREAD/BAKERY,372.0,1
2277326,2016-07-04,7,PREPARED FOODS,192.261,0
2125619,2016-04-10,5,MAGAZINES,3.0,0
2537274,2016-11-27,50,BEVERAGES,7521.0,78
2873606,2017-06-05,37,SEAFOOD,18.152,0
1904442,2015-12-07,44,GROCERY I,11786.0,30
1869451,2015-11-18,13,BABY CARE,0.0,0
234609,2013-05-12,41,GROCERY I,2326.0,0
105627,2013-03-01,22,PLAYERS AND ELECTRONICS,0.0,0
2956617,2017-07-22,17,HOME AND KITCHEN I,14.0,4
1301715,2015-01-03,32,PRODUCE,0.0,0
1358634,2015-02-04,3,MEATS,866.167,0
680101,2014-01-18,41,BOOKS,0.0,0
992518,2014-07-12,8,EGGS,458.0,0
1663501,2015-07-25,34,BOOKS,0.0,0
126451,2013-03-12,7,POULTRY,155.415,0
20152,2013-01-12,24,"LIQUOR,WINE,BEER",138.0,0
1010785,2014-07-23,2,POULTRY,483.313,0
2833285,2017-05-13,7,BOOKS,0.0,0
2363348,2016-08-22,20,LAWN AND GARDEN,0.0,0
17757,2013-01-10,8,BEVERAGES,1550.0,0
2485192,2016-10-29,39,POULTRY,302.913,0
1070691,2014-08-25,50,CELEBRATION,0.0,0
1386042,2015-02-19,49,DELI,323.535,1
1334800,2015-01-22,11,HOME AND KITCHEN II,4.0,0
433376,2013-09-01,19,LAWN AND GARDEN,0.0,0
2423580,2016-09-25,10,PLAYERS AND ELECTRONICS,3.0,0
588193,2013-11-27,13,BABY CARE,0.0,0
2114205,2016-04-04,3,PLAYERS AND ELECTRONICS,23.0,0
926634,2014-06-05,9,PLAYERS AND ELECTRONICS,0.0,0
867372,2014-05-03,46,AUTOMOTIVE,27.0,0
2982911,2017-08-05,54,DAIRY,305.0,12
2472672,2016-10-22,38,HOME AND KITCHEN I,23.0,0
2592291,2016-12-29,44,DELI,657.781,11
2683486,2017-02-18,52,PERSONAL CARE,0.0,0
1818539,2015-10-20,34,DAIRY,524.0,0
2888496,2017-06-13,6,CELEBRATION,21.0,0
2062874,2016-03-06,4,FROZEN FOODS,182.0,0
1912376,2015-12-12,17,PET SUPPLIES,1.0,0
1331078,2015-01-19,7,MAGAZINES,0.0,0
1417804,2015-03-09,4,PERSONAL CARE,266.0,0
170000,2013-04-06,29,HOME APPLIANCES,0.0,0
2480257,2016-10-26,50,EGGS,84.0,1
1501400,2015-04-25,35,SEAFOOD,0.0,0
58350,2013-02-02,46,CELEBRATION,0.0,0
601141,2013-12-04,26,GROCERY II,2.0,0
1912008,2015-12-11,7,LINGERIE,12.0,0
2658663,2017-02-04,7,HOME CARE,235.0,5
1455858,2015-03-30,8,PRODUCE,0.0,0
172250,2013-04-07,41,MAGAZINES,0.0,0
2153509,2016-04-26,32,POULTRY,45.301,0
641757,2013-12-28,16,CELEBRATION,0.0,0
628209,2013-12-19,35,LINGERIE,2.0,0
932447,2014-06-09,21,SEAFOOD,0.0,0
2908542,2017-06-25,18,LINGERIE,5.0,0
2619891,2017-01-14,19,LINGERIE,8.0,0
2803923,2017-04-27,32,GROCERY I,1184.0,54
1567318,2015-06-01,35,HOME AND KITCHEN II,29.0,0
676902,2014-01-16,51,CELEBRATION,13.0,0
1356149,2015-02-03,10,HARDWARE,0.0,0
828699,2014-04-12,11,BEVERAGES,3841.0,0
1215324,2014-11-15,1,AUTOMOTIVE,4.0,0
2974846,2017-08-01,28,POULTRY,367.141,1
2944904,2017-07-15,38,HOME APPLIANCES,0.0,0
747494,2014-02-25,32,FROZEN FOODS,5.0,0
2791902,2017-04-20,45,BEVERAGES,6294.0,29
967871,2014-06-29,16,HARDWARE,0.0,0
175108,2013-04-09,22,EGGS,0.0,0
429224,2013-08-29,51,PET SUPPLIES,0.0,0
59860,2013-02-03,38,SCHOOL AND OFFICE SUPPLIES,0.0,0
2303663,2016-07-19,45,SEAFOOD,90.006996,1
1645746,2015-07-15,36,BEVERAGES,2445.0,46
1386082,2015-02-19,5,HOME AND KITCHEN II,19.0,0
2236293,2016-06-11,6,HOME AND KITCHEN I,34.0,0
694130,2014-01-26,35,DAIRY,212.0,0
1744692,2015-09-09,12,HOME AND KITCHEN I,10.0,0
1639811,2015-07-12,2,DAIRY,1199.0,1
15510,2013-01-09,44,AUTOMOTIVE,14.0,0
93139,2013-02-22,22,GROCERY II,0.0,0
1520256,2015-05-06,15,GROCERY I,3268.0,0
923871,2014-06-04,31,BEVERAGES,806.0,0
2619786,2017-01-14,16,HOME AND KITCHEN I,26.0,6
193786,2013-04-19,46,EGGS,121.0,0
280821,2013-06-07,38,MEATS,182.943,0
2823259,2017-05-08,25,EGGS,79.0,2
2760527,2017-04-03,15,FROZEN FOODS,82.0,0
2479759,2016-10-26,37,CLEANING,916.0,56
944340,2014-06-15,6,GROCERY I,4755.0,3
986522,2014-07-09,39,LAWN AND GARDEN,15.0,0
937676,2014-06-12,19,HARDWARE,1.0,0
1477537,2015-04-12,16,POULTRY,152.333,0
2019652,2016-02-11,27,LADIESWEAR,9.0,0
2576092,2016-12-19,4,GROCERY II,16.0,0
322170,2013-06-30,48,MEATS,1486.179,0
83357,2013-02-16,47,SEAFOOD,132.178,0
1957602,2016-01-07,36,DELI,200.786,0
2102003,2016-03-28,38,BEAUTY,4.0,0
2774532,2017-04-10,8,MEATS,352.059,0
2257421,2016-06-23,48,MAGAZINES,1.0,0
1690906,2015-08-09,52,LADIESWEAR,0.0,0
1009552,2014-07-22,35,HOME AND KITCHEN II,3.0,0
963037,2014-06-26,3,SCHOOL AND OFFICE SUPPLIES,0.0,0
2930036,2017-07-07,20,SEAFOOD,14.188,1
7886,2013-01-05,3,SEAFOOD,108.505005,0
648181,2013-12-31,45,POULTRY,1316.096,0
1693327,2015-08-11,20,SCHOOL AND OFFICE SUPPLIES,2.0,0
355787,2013-07-19,41,HARDWARE,0.0,0
1585843,2015-06-11,54,POULTRY,44.47,0
2689590,2017-02-22,24,MEATS,434.842,0
351969,2013-07-17,34,MEATS,204.947,0
1339979,2015-01-24,7,HARDWARE,1.0,0
993134,2014-07-13,24,SEAFOOD,0.0,0
2298745,2016-07-16,8,SCHOOL AND OFFICE SUPPLIES,0.0,0
2445726,2016-10-07,31,PRODUCE,1186.339,2
294597,2013-06-15,25,CELEBRATION,0.0,0
723744,2014-02-12,16,LINGERIE,11.0,0
1280578,2014-12-21,4,GROCERY II,15.0,0
1733900,2015-09-03,1,HARDWARE,5.0,0
2433326,2016-09-30,34,BREAD/BAKERY,652.0,14
1920853,2015-12-16,54,"LIQUOR,WINE,BEER",16.0,0
2031362,2016-02-17,6,HARDWARE,4.0,0
1777029,2015-09-27,2,GROCERY I,5117.0,7
185163,2013-04-14,54,AUTOMOTIVE,4.0,0
2998142,2017-08-14,31,PET SUPPLIES,3.0,0
891544,2014-05-17,24,HOME AND KITCHEN II,0.0,0
2290373,2016-07-12,23,DAIRY,435.0,39
1018229,2014-07-27,29,HARDWARE,0.0,0
1813260,2015-10-17,36,DELI,353.162,0
362055,2013-07-23,18,GROCERY I,1914.0,0
2339620,2016-08-08,54,LADIESWEAR,0.0,0
867682,2014-05-03,54,GROCERY II,13.0,0
1080091,2014-08-31,15,BABY CARE,0.0,0
2193998,2016-05-19,19,PET SUPPLIES,2.0,0
898455,2014-05-21,18,PRODUCE,0.0,0
100058,2013-02-26,17,BEAUTY,0.0,0
2748223,2017-03-27,2,HOME AND KITCHEN II,16.0,1
2366986,2016-08-24,22,POULTRY,82.83,0
2775671,2017-04-11,4,DAIRY,774.0,3
1409612,2015-03-05,10,HOME APPLIANCES,0.0,0
1553714,2015-05-24,53,DAIRY,581.0,5
53761,2013-01-31,18,BOOKS,0.0,0
1690427,2015-08-09,4,BEAUTY,1.0,0
2484726,2016-10-29,26,MEATS,232.506,0
816705,2014-04-05,24,LINGERIE,21.0,0
2696596,2017-02-26,21,BABY CARE,3.0,0
337692,2013-07-09,34,BEVERAGES,792.0,0
176125,2013-04-09,50,BOOKS,0.0,0
2991754,2017-08-10,52,CLEANING,1399.0,13
395490,2013-08-10,6,HOME CARE,0.0,0
2762813,2017-04-04,29,LAWN AND GARDEN,5.0,3
268922,2013-05-31,54,BREAD/BAKERY,141.0,0
2424784,2016-09-25,44,EGGS,920.0,0
587988,2013-11-26,7,PLAYERS AND ELECTRONICS,0.0,0
1164184,2014-10-17,24,EGGS,201.0,25
929448,2014-06-07,38,BEVERAGES,1367.0,4
2269810,2016-06-30,46,BOOKS,0.0,0
1351874,2015-01-31,4,PREPARED FOODS,182.982,0
262343,2013-05-28,2,PET SUPPLIES,0.0,0
2828469,2017-05-11,21,CELEBRATION,6.0,0
2437358,2016-10-02,47,FROZEN FOODS,579.891,4
431177,2013-08-30,7,SEAFOOD,82.808,0
2576762,2016-12-19,9,MAGAZINES,10.0,0
1505921,2015-04-28,12,SEAFOOD,0.0,0
2921760,2017-07-02,39,CELEBRATION,7.0,0
2835851,2017-05-15,28,PREPARED FOODS,111.691,0
1276286,2014-12-19,2,FROZEN FOODS,328.785,3
1682521,2015-08-05,18,HOME AND KITCHEN II,17.0,0
2931516,2017-07-08,12,PLAYERS AND ELECTRONICS,5.0,0
1242411,2014-11-30,19,PLAYERS AND ELECTRONICS,0.0,0
1164060,2014-10-17,20,HOME CARE,0.0,0
2857097,2017-05-27,24,MAGAZINES,13.0,0
569365,2013-11-16,34,HOME AND KITCHEN II,0.0,0
2762506,2017-04-04,20,EGGS,164.0,2
1860964,2015-11-13,24,POULTRY,849.343,37
1662165,2015-07-24,46,LINGERIE,8.0,0
2651125,2017-01-31,45,BOOKS,0.0,0
1533328,2015-05-13,31,HOME AND KITCHEN II,12.0,0
181573,2013-04-12,53,CLEANING,0.0,0
1867924,2015-11-17,2,PERSONAL CARE,194.0,0
2513637,2016-11-14,37,PLAYERS AND ELECTRONICS,8.0,0
751729,2014-02-27,50,"LIQUOR,WINE,BEER",75.0,0
125191,2013-03-12,21,"LIQUOR,WINE,BEER",0.0,0
241308,2013-05-16,3,GROCERY I,5551.0,0
2165622,2016-05-03,22,PRODUCE,508.357,76
1574031,2015-06-05,23,PRODUCE,1236.036,5
650487,2014-01-02,10,MEATS,354.0026,0
2159090,2016-04-29,39,SEAFOOD,8.0,0
2645360,2017-01-28,33,HARDWARE,0.0,0
2293156,2016-07-13,50,LADIESWEAR,35.0,0
1126903,2014-09-26,28,LADIESWEAR,0.0,0
2192227,2016-05-18,2,BOOKS,0.0,0
82589,2013-02-16,26,MAGAZINES,0.0,0
1746531,2015-09-10,14,CELEBRATION,4.0,0
1272288,2014-12-16,8,CELEBRATION,38.0,0
1440837,2015-03-22,36,MEATS,206.311,0
259083,2013-05-26,29,AUTOMOTIVE,0.0,0
2383777,2016-09-02,43,"LIQUOR,WINE,BEER",49.0,0
1511136,2015-05-01,1,AUTOMOTIVE,2.0,0
1470424,2015-04-08,17,EGGS,104.0,0
2367078,2016-08-24,25,LINGERIE,0.0,0
1999018,2016-01-30,48,EGGS,175.0,0
210178,2013-04-28,7,BABY CARE,0.0,0
2559797,2016-12-10,32,LAWN AND GARDEN,0.0,0
1508377,2015-04-29,31,GROCERY II,12.0,0
259292,2013-05-26,34,FROZEN FOODS,51.0,0
1214188,2014-11-14,27,LADIESWEAR,0.0,0
2325377,2016-07-31,54,SEAFOOD,1.0,0
2426572,2016-09-26,44,HOME AND KITCHEN II,57.0,1
2763939,2017-04-05,10,MEATS,159.718,0
2932171,2017-07-08,30,"LIQUOR,WINE,BEER",76.0,3
446224,2013-09-08,29,SCHOOL AND OFFICE SUPPLIES,0.0,0
488695,2013-10-02,20,SCHOOL AND OFFICE SUPPLIES,0.0,0
1898939,2015-12-04,4,LAWN AND GARDEN,13.0,0
586783,2013-11-26,23,EGGS,49.0,0
2696584,2017-02-26,20,"LIQUOR,WINE,BEER",45.0,1
1085771,2014-09-03,24,BREAD/BAKERY,876.583,1
1904813,2015-12-07,54,LAWN AND GARDEN,0.0,0
1031428,2014-08-03,49,GROCERY II,77.0,0
2404031,2016-09-14,12,HARDWARE,0.0,0
711749,2014-02-05,3,BREAD/BAKERY,910.095,0
975939,2014-07-03,41,PRODUCE,1350.785,0
559215,2013-11-10,49,PRODUCE,24.0,0
1207355,2014-11-10,35,HOME APPLIANCES,0.0,0
2749031,2017-03-27,41,SEAFOOD,2.0,0
2783538,2017-04-16,10,LINGERIE,5.0,0
2549013,2016-12-04,3,PLAYERS AND ELECTRONICS,57.0,0
58977,2013-02-03,14,CELEBRATION,0.0,0
1617559,2015-06-29,44,SCHOOL AND OFFICE SUPPLIES,5.0,0
841391,2014-04-19,17,MAGAZINES,0.0,0
2990842,2017-08-10,27,LADIESWEAR,4.0,0
1406977,2015-03-03,36,"LIQUOR,WINE,BEER",106.0,0
2839691,2017-05-17,36,DAIRY,586.0,118
2755448,2017-03-31,22,HARDWARE,0.0,0
1890127,2015-11-29,42,LADIESWEAR,25.0,0
843155,2014-04-20,17,BREAD/BAKERY,234.0,0
802587,2014-03-28,28,PLAYERS AND ELECTRONICS,4.0,0
2670865,2017-02-11,49,EGGS,500.0,0
360914,2013-07-22,35,PET SUPPLIES,0.0,0
2557843,2016-12-09,28,GROCERY II,6.0,0
1566247,2015-05-31,6,BABY CARE,0.0,0
1841250,2015-11-02,21,HOME AND KITCHEN I,54.0,0
2759568,2017-04-02,38,DELI,245.996,10
1624510,2015-07-03,4,LADIESWEAR,17.0,0
1015239,2014-07-25,44,PLAYERS AND ELECTRONICS,30.0,0
1144262,2014-10-06,15,LAWN AND GARDEN,0.0,0
394400,2013-08-10,25,HOME APPLIANCES,0.0,0
217183,2013-05-02,52,EGGS,0.0,0
1783910,2015-10-01,12,PREPARED FOODS,69.0,0
2421700,2016-09-23,8,POULTRY,1001.919,41
1695422,2015-08-12,3,HARDWARE,3.0,0
1817679,2015-10-20,10,CELEBRATION,4.0,0
2733141,2017-03-18,46,HOME AND KITCHEN I,54.0,3
1080553,2014-08-31,28,BABY CARE,0.0,0
592754,2013-11-29,40,DAIRY,196.0,0
1331547,2015-01-20,2,PRODUCE,3.0,0
386030,2013-08-05,4,PREPARED FOODS,86.046,0
1974167,2016-01-16,50,DAIRY,1334.0,13
350049,2013-07-16,30,HOME CARE,0.0,0
1986231,2016-01-23,39,PLAYERS AND ELECTRONICS,11.0,0
1233237,2014-11-25,11,PLAYERS AND ELECTRONICS,8.0,0
2617520,2017-01-12,51,PET SUPPLIES,14.0,0
1402196,2015-02-28,51,PET SUPPLIES,0.0,0
148872,2013-03-25,36,DELI,0.0,0
2259866,2016-06-25,17,PET SUPPLIES,0.0,0
2786114,2017-04-17,32,MAGAZINES,0.0,0
104290,2013-02-28,35,EGGS,32.0,0
2205938,2016-05-25,53,LAWN AND GARDEN,1.0,1
422616,2013-08-26,17,HOME CARE,0.0,0
2119159,2016-04-07,19,SCHOOL AND OFFICE SUPPLIES,0.0,0
1735938,2015-09-04,17,CELEBRATION,6.0,0
2089072,2016-03-21,25,CLEANING,607.0,24
2576254,2016-12-19,44,EGGS,622.0,0
1074739,2014-08-28,14,POULTRY,0.0,0
119760,2013-03-09,2,BEVERAGES,1570.0,0
2796649,2017-04-23,28,SCHOOL AND OFFICE SUPPLIES,109.0,8
2608694,2017-01-07,54,FROZEN FOODS,81.0,14
1801743,2015-10-11,13,DELI,228.0,0
909671,2014-05-27,32,PET SUPPLIES,0.0,0
2174378,2016-05-08,19,DAIRY,449.0,6
2862251,2017-05-30,19,PREPARED FOODS,51.0,0
646634,2013-12-30,51,SEAFOOD,66.978,0
1739554,2015-09-06,18,PERSONAL CARE,354.0,2
75204,2013-02-12,19,PRODUCE,0.0,0
2452028,2016-10-10,9,PREPARED FOODS,97.322,1
2719449,2017-03-11,12,HOME CARE,204.0,8
1002479,2014-07-18,37,BREAD/BAKERY,525.318,0
1081803,2014-09-01,12,PRODUCE,365.396,0
1110657,2014-09-17,22,DELI,0.0,0
1373332,2015-02-12,42,BOOKS,0.0,0
1163124,2014-10-16,44,CELEBRATION,42.0,0
88508,2013-02-19,42,BEAUTY,0.0,0
705041,2014-02-01,40,PREPARED FOODS,66.0,0
2712046,2017-03-06,54,CLEANING,926.0,16
1919911,2015-12-16,29,BOOKS,0.0,0
1779689,2015-09-28,43,SEAFOOD,0.0,0
1946630,2016-01-01,28,PET SUPPLIES,0.0,0
1091120,2014-09-06,24,DAIRY,1417.0,3
199651,2013-04-23,11,BABY CARE,0.0,0
423420,2013-08-26,39,PRODUCE,0.0,0
1778695,2015-09-28,16,POULTRY,72.375,0
480939,2013-09-27,52,PRODUCE,0.0,0
174553,2013-04-08,7,HOME AND KITCHEN II,0.0,0
567492,2013-11-15,31,MEATS,189.353,0
115221,2013-03-06,41,HOME CARE,0.0,0
2965643,2017-07-27,2,SEAFOOD,14.377,0
2192042,2016-05-18,14,HOME APPLIANCES,0.0,0
873603,2014-05-07,20,PLAYERS AND ELECTRONICS,0.0,0
222791,2013-05-06,10,DAIRY,96.0,0
1770805,2015-09-23,44,PERSONAL CARE,503.0,9
1912904,2015-12-12,31,PET SUPPLIES,5.0,0
1510014,2015-04-30,28,AUTOMOTIVE,6.0,0
1113865,2014-09-19,12,HOME AND KITCHEN II,3.0,0
1595665,2015-06-17,30,HOME AND KITCHEN II,18.0,1
1324413,2015-01-16,2,MEATS,654.241,43
1950688,2016-01-03,41,PERSONAL CARE,676.0,1
2749341,2017-03-27,50,GROCERY I,6041.0,32
697172,2014-01-28,20,HARDWARE,0.0,0
477627,2013-09-26,10,HOME CARE,0.0,0
2944074,2017-07-15,15,GROCERY I,2447.0,42
1631113,2015-07-07,25,"LIQUOR,WINE,BEER",49.0,0
383141,2013-08-04,1,FROZEN FOODS,43.0,0
2056669,2016-03-03,16,EGGS,239.0,0
420200,2013-08-24,49,FROZEN FOODS,307.405,0
2908060,2017-06-24,54,BABY CARE,0.0,0
2798772,2017-04-24,38,DELI,151.016,5
1811144,2015-10-16,27,BREAD/BAKERY,642.639,1
1291216,2014-12-28,38,PERSONAL CARE,629.0,0
1617370,2015-06-29,4,CLEANING,746.0,5
745872,2014-02-24,37,CELEBRATION,0.0,0
2291978,2016-07-13,18,PREPARED FOODS,48.0,10
2582067,2016-12-22,8,HOME AND KITCHEN I,47.0,7
2434186,2016-09-30,9,CLEANING,1131.0,33
1924725,2015-12-19,14,AUTOMOTIVE,7.0,0
1979422,2016-01-19,48,HOME AND KITCHEN II,37.0,1
2829288,2017-05-11,44,AUTOMOTIVE,14.0,0
1168876,2014-10-19,6,HOME AND KITCHEN II,14.0,0
134137,2013-03-17,22,PERSONAL CARE,0.0,0
865414,2014-05-02,40,"LIQUOR,WINE,BEER",71.0,0
2018331,2016-02-10,4,HOME CARE,206.0,0
2015586,2016-02-09,13,GROCERY I,2395.0,2
2115824,2016-04-05,25,PREPARED FOODS,42.874,0
2873536,2017-06-05,35,POULTRY,46.463,0
1599312,2015-06-19,33,AUTOMOTIVE,5.0,0
626405,2013-12-18,34,SEAFOOD,5.0,0
2114459,2016-04-04,37,HOME APPLIANCES,0.0,0
2515320,2016-11-15,34,PLAYERS AND ELECTRONICS,4.0,0
2363689,2016-08-22,3,SCHOOL AND OFFICE SUPPLIES,1.0,0
1912007,2015-12-11,7,LAWN AND GARDEN,14.0,0
62538,2013-02-05,14,BEVERAGES,327.0,0
1640855,2015-07-12,48,PREPARED FOODS,206.336,0
2538991,2016-11-28,49,BOOKS,3.0,0
907316,2014-05-26,17,HARDWARE,0.0,0
774989,2014-03-12,53,HOME APPLIANCES,0.0,0
1718079,2015-08-25,16,AUTOMOTIVE,7.0,0
1591093,2015-06-14,51,SCHOOL AND OFFICE SUPPLIES,7.0,0
688345,2014-01-23,22,SCHOOL AND OFFICE SUPPLIES,0.0,0
1628731,2015-07-05,9,HOME AND KITCHEN II,52.0,0
2234547,2016-06-10,7,HOME CARE,197.0,2
2186993,2016-05-15,22,HOME APPLIANCES,0.0,0
2200332,2016-05-22,46,MEATS,1229.922,0
2308616,2016-07-22,35,BEAUTY,1.0,1
72876,2013-02-10,53,GROCERY I,0.0,0
2290623,2016-07-12,3,PLAYERS AND ELECTRONICS,16.0,0
1554143,2015-05-25,16,DAIRY,297.0,0
2926326,2017-07-05,17,HOME CARE,341.0,20
366587,2013-07-25,44,MAGAZINES,0.0,0
146630,2013-03-24,23,FROZEN FOODS,87.955,0
1910564,2015-12-11,16,PREPARED FOODS,14.0,0
1228256,2014-11-22,21,PREPARED FOODS,0.0,0
2048159,2016-02-27,27,HARDWARE,3.0,0
2555856,2016-12-08,22,CELEBRATION,42.0,1
2949569,2017-07-18,19,PREPARED FOODS,23.0,0
1070718,2014-08-25,51,AUTOMOTIVE,6.0,0
2415209,2016-09-20,26,BREAD/BAKERY,177.0,7
1142944,2014-10-05,28,"LIQUOR,WINE,BEER",0.0,0
799574,2014-03-26,43,HOME APPLIANCES,0.0,0
1260214,2014-12-10,19,EGGS,64.0,0
2975010,2017-08-01,32,PLAYERS AND ELECTRONICS,2.0,1
2151161,2016-04-25,17,MAGAZINES,6.0,0
790906,2014-03-21,5,POULTRY,284.6493,0
1510320,2015-04-30,36,DELI,327.553,53
1525383,2015-05-08,9,MEATS,260.316,0
2174600,2016-05-08,24,SEAFOOD,20.605999,0
1384690,2015-02-19,11,EGGS,170.0,16
1841911,2015-11-02,4,HOME AND KITCHEN II,17.0,0
2500508,2016-11-07,19,SEAFOOD,7.0,1
1775790,2015-09-26,34,PLAYERS AND ELECTRONICS,3.0,0
1254947,2014-12-07,20,MAGAZINES,0.0,0
543346,2013-11-01,54,BABY CARE,0.0,0
2497599,2016-11-05,37,PLAYERS AND ELECTRONICS,10.0,0
2214274,2016-05-30,38,CLEANING,876.0,7
992094,2014-07-12,45,HOME AND KITCHEN I,37.0,0
1182510,2014-10-27,38,LINGERIE,17.0,0
499733,2013-10-08,30,HARDWARE,0.0,0
2273824,2016-07-02,9,PERSONAL CARE,866.0,14
486831,2013-10-01,19,HOME AND KITCHEN I,0.0,0
2956509,2017-07-22,14,CELEBRATION,3.0,0
2890676,2017-06-15,17,DAIRY,581.0,26
516442,2013-10-17,49,PERSONAL CARE,124.0,0
314536,2013-06-26,34,GROCERY II,3.0,0
2959401,2017-07-23,44,PLAYERS AND ELECTRONICS,53.0,0
661374,2014-01-08,16,LINGERIE,4.0,0
1395243,2015-02-24,8,BEVERAGES,1648.0,0
763364,2014-03-06,28,DAIRY,445.0,0
749715,2014-02-26,44,LINGERIE,22.0,0
2105910,2016-03-30,47,HOME AND KITCHEN I,57.0,0
1535530,2015-05-14,43,CLEANING,830.0,0
1535241,2015-05-14,35,HOME AND KITCHEN I,5.0,0
1544007,2015-05-19,31,BEVERAGES,1327.0,0
2631778,2017-01-20,51,POULTRY,3930.447,32
1145991,2014-10-07,14,AUTOMOTIVE,1.0,0
785249,2014-03-18,41,HARDWARE,1.0,0
2458526,2016-10-14,40,PET SUPPLIES,2.0,0
2198374,2016-05-21,41,GROCERY II,26.0,0
943376,2014-06-15,29,BREAD/BAKERY,0.0,0
809419,2014-04-01,2,POULTRY,553.534,0
1172732,2014-10-22,14,FROZEN FOODS,21.0,0
644854,2013-12-29,52,BABY CARE,0.0,0
2956809,2017-07-22,22,DELI,140.0,10
2415193,2016-09-20,25,"LIQUOR,WINE,BEER",0.0,0
1429145,2015-03-15,9,HARDWARE,0.0,0
7745,2013-01-05,26,MAGAZINES,0.0,0
1356040,2015-02-02,8,BOOKS,0.0,0
1410207,2015-03-05,27,HOME CARE,0.0,0
2935921,2017-07-10,36,EGGS,193.0,17
1869114,2015-11-17,52,PLAYERS AND ELECTRONICS,0.0,0
1364568,2015-02-07,46,HOME CARE,0.0,0
1927967,2015-12-20,54,DAIRY,323.0,0
161887,2013-04-01,50,"LIQUOR,WINE,BEER",61.0,0
429625,2013-08-30,13,SCHOOL AND OFFICE SUPPLIES,0.0,0
914273,2014-05-30,12,DAIRY,249.0,0
1208147,2014-11-10,8,HOME APPLIANCES,0.0,0
1200199,2014-11-06,34,"LIQUOR,WINE,BEER",51.0,0
1300097,2015-01-02,37,PREPARED FOODS,190.034,1
1437336,2015-03-20,38,LINGERIE,8.0,0
2834592,2017-05-14,42,MEATS,185.116,0
1346864,2015-01-28,5,BEAUTY,2.0,0
1432830,2015-03-18,12,BEVERAGES,693.0,0
2226255,2016-06-06,24,DELI,263.06,6
663345,2014-01-09,21,GROCERY I,0.0,0
1098182,2014-09-10,22,DAIRY,0.0,0
1517372,2015-05-04,33,SEAFOOD,3.0,1
2898574,2017-06-19,38,LADIESWEAR,13.0,0
1111067,2014-09-17,33,MAGAZINES,1.0,0
234251,2013-05-12,31,HOME APPLIANCES,0.0,0
2046109,2016-02-26,2,EGGS,177.0,27
1608408,2015-06-24,38,LINGERIE,10.0,0
297662,2013-06-17,11,BEAUTY,4.0,0
2312742,2016-07-24,50,BEVERAGES,4427.0,9
2455203,2016-10-12,48,BEVERAGES,2503.0,9
267899,2013-05-31,26,BREAD/BAKERY,238.0,0
2437310,2016-10-02,45,PREPARED FOODS,462.436,0
292796,2013-06-14,24,LAWN AND GARDEN,2.0,0
37622,2013-01-22,15,BEAUTY,3.0,0
1005271,2014-07-20,15,PERSONAL CARE,157.0,0
596453,2013-12-01,44,FROZEN FOODS,1135.047,0
911969,2014-05-28,47,HARDWARE,0.0,0
982760,2014-07-07,33,LAWN AND GARDEN,0.0,0
1446119,2015-03-25,34,PET SUPPLIES,0.0,0
1111887,2014-09-17,7,HOME CARE,265.0,0
1399199,2015-02-27,18,SEAFOOD,7.714,0
1070577,2014-08-25,47,MEATS,733.708,0
2274809,2016-07-03,36,LAWN AND GARDEN,4.0,0
1473339,2015-04-09,48,LINGERIE,2.0,0
1918514,2015-12-15,39,PET SUPPLIES,1.0,0
1254755,2014-12-07,15,PREPARED FOODS,21.0,0
2435662,2016-10-01,49,SCHOOL AND OFFICE SUPPLIES,3.0,0
2107425,2016-03-31,4,GROCERY I,3551.0,20
1232363,2014-11-24,37,FROZEN FOODS,293.252,0
2348125,2016-08-13,43,EGGS,95.0,0
1816459,2015-10-19,26,CLEANING,461.0,1
1038449,2014-08-07,46,BREAD/BAKERY,575.857,2
303837,2013-06-20,34,CELEBRATION,0.0,0
1753845,2015-09-14,19,PLAYERS AND ELECTRONICS,4.0,0
2604835,2017-01-05,46,GROCERY II,43.0,0
410588,2013-08-19,3,BEAUTY,11.0,0
1172,2013-01-01,41,HOME APPLIANCES,0.0,0
611954,2013-12-10,3,BEAUTY,5.0,0
786188,2014-03-19,18,PREPARED FOODS,48.0,0
1033939,2014-08-05,2,HOME AND KITCHEN II,0.0,0
1648574,2015-07-17,15,PET SUPPLIES,0.0,0
1100028,2014-09-11,24,CELEBRATION,18.0,0
673488,2014-01-14,6,MEATS,373.662,0
1792938,2015-10-06,16,HOME AND KITCHEN I,12.0,0
1635394,2015-07-09,45,GROCERY II,110.0,0
1082633,2014-09-01,36,BEAUTY,3.0,0
1753061,2015-09-13,47,BEAUTY,25.0,0
446060,2013-09-08,24,SEAFOOD,33.485,0
2742854,2017-03-24,19,PET SUPPLIES,1.0,0
2696952,2017-02-26,30,PLAYERS AND ELECTRONICS,5.0,0
1986203,2016-01-23,38,SEAFOOD,30.649,0
2700748,2017-02-28,37,POULTRY,246.515,0
1532679,2015-05-13,13,PLAYERS AND ELECTRONICS,0.0,0
1064592,2014-08-22,3,GROCERY I,6014.0,13
2368619,2016-08-25,19,FROZEN FOODS,25.0,0
1062398,2014-08-21,18,PREPARED FOODS,103.0,0
2941891,2017-07-13,53,CLEANING,718.0,20
1676417,2015-08-01,46,HOME APPLIANCES,0.0,0
1995819,2016-01-28,9,GROCERY I,3912.571,0
545153,2013-11-02,54,PET SUPPLIES,0.0,0
139870,2013-03-20,33,HOME AND KITCHEN II,0.0,0
80270,2013-02-15,11,HARDWARE,0.0,0
2303132,2016-07-19,30,PREPARED FOODS,19.0,1
22817,2013-01-13,49,HARDWARE,0.0,0
1373622,2015-02-12,5,PRODUCE,6.0,0
988804,2014-07-10,52,PERSONAL CARE,0.0,0
1149713,2014-10-09,18,PET SUPPLIES,1.0,0
849074,2014-04-23,32,HOME APPLIANCES,0.0,0
888393,2014-05-15,36,AUTOMOTIVE,2.0,0
1309512,2015-01-07,51,CELEBRATION,0.0,0
2873077,2017-06-05,22,SCHOOL AND OFFICE SUPPLIES,0.0,0
453502,2013-09-12,33,HOME AND KITCHEN II,0.0,0
81359,2013-02-15,41,HARDWARE,0.0,0
2431794,2016-09-29,40,MEATS,117.725,19
633631,2013-12-22,37,SCHOOL AND OFFICE SUPPLIES,0.0,0
777618,2014-03-14,28,CELEBRATION,14.0,0
464825,2013-09-18,50,LAWN AND GARDEN,3.0,0
1449144,2015-03-27,2,HOME AND KITCHEN I,8.0,0
1143806,2014-10-05,51,PET SUPPLIES,14.0,0
1403803,2015-03-01,47,HOME AND KITCHEN II,64.0,0
1732267,2015-09-02,13,SCHOOL AND OFFICE SUPPLIES,9.0,0
434642,2013-09-01,53,SEAFOOD,0.0,0
2675610,2017-02-14,32,BEVERAGES,585.0,5
857522,2014-04-28,2,HOME APPLIANCES,0.0,0
2459630,2016-10-15,22,DAIRY,555.0,13
1022326,2014-07-29,43,LADIESWEAR,0.0,0
941832,2014-06-14,35,GROCERY I,2078.0,6
783426,2014-03-17,40,CELEBRATION,11.0,0
1624392,2015-07-03,37,AUTOMOTIVE,4.0,0
438772,2013-09-04,20,BOOKS,0.0,0
1994093,2016-01-28,10,BEAUTY,1.0,0
600180,2013-12-03,49,DELI,272.617,0
2097205,2016-03-25,52,"LIQUOR,WINE,BEER",0.0,0
2570364,2016-12-16,29,PLAYERS AND ELECTRONICS,9.0,0
1257457,2014-12-08,40,PERSONAL CARE,319.0,0
1332878,2015-01-20,8,DAIRY,1116.0,2
759841,2014-03-04,29,HOME AND KITCHEN II,0.0,0
2359169,2016-08-19,52,SEAFOOD,0.0,0
1295026,2014-12-30,45,CLEANING,3206.0,1
1203080,2014-11-08,15,SEAFOOD,1.0,0
1668017,2015-07-28,10,SEAFOOD,1.0,0
2701602,2017-03-01,11,MEATS,819.63196,0
891317,2014-05-17,18,LAWN AND GARDEN,3.0,0
1734130,2015-09-03,16,GROCERY II,9.0,0
2387556,2016-09-04,5,CELEBRATION,24.0,1
552168,2013-11-06,51,GROCERY I,4298.0,0
797432,2014-03-25,33,LAWN AND GARDEN,0.0,0
1122896,2014-09-24,16,BREAD/BAKERY,195.0,3
2516107,2016-11-15,7,"LIQUOR,WINE,BEER",154.0,2
1200294,2014-11-06,37,HOME CARE,258.0,0
2451367,2016-10-10,4,POULTRY,377.811,0
2717824,2017-03-10,17,EGGS,162.0,2
2515331,2016-11-15,35,BREAD/BAKERY,105.0,6
470738,2013-09-22,17,PET SUPPLIES,0.0,0
1423657,2015-03-12,54,BOOKS,0.0,0
2641576,2017-01-26,27,PERSONAL CARE,141.0,7
968908,2014-06-29,44,POULTRY,1784.425,0
1347538,2015-01-29,19,HOME AND KITCHEN II,2.0,0
933398,2014-06-09,48,PET SUPPLIES,0.0,0
1755284,2015-09-15,1,HARDWARE,3.0,0
264049,2013-05-29,18,HOME AND KITCHEN II,0.0,0
2565786,2016-12-13,50,BEVERAGES,3588.0,67
1775871,2015-09-26,37,DELI,168.495,1
2637222,2017-01-23,54,PLAYERS AND ELECTRONICS,5.0,0
840905,2014-04-18,52,SEAFOOD,0.0,0
2886696,2017-06-12,54,LINGERIE,5.0,0
1554237,2015-05-25,19,BEVERAGES,1908.0,0
623777,2013-12-17,11,FROZEN FOODS,172.251,0
2008333,2016-02-05,1,LADIESWEAR,17.0,0
157362,2013-03-30,24,HOME CARE,0.0,0
2632532,2017-01-21,23,MAGAZINES,8.0,0
1016155,2014-07-26,20,LADIESWEAR,0.0,0
1740833,2015-09-06,53,HOME APPLIANCES,0.0,0
1705908,2015-08-18,24,CELEBRATION,22.0,0
56199,2013-02-01,36,AUTOMOTIVE,0.0,0
2227511,2016-06-07,1,FROZEN FOODS,115.0,2
1750538,2015-09-12,26,LAWN AND GARDEN,1.0,0
1195214,2014-11-03,44,LAWN AND GARDEN,19.0,0
388731,2013-08-07,16,MEATS,87.8,0
540627,2013-10-31,28,LINGERIE,7.0,0
2415517,2016-09-20,34,HOME AND KITCHEN II,26.0,1
154870,2013-03-28,54,BABY CARE,0.0,0
2312209,2016-07-24,35,SCHOOL AND OFFICE SUPPLIES,0.0,0
2968183,2017-07-28,40,SCHOOL AND OFFICE SUPPLIES,0.0,0
412278,2013-08-20,27,DELI,147.401,0
1231531,2014-11-24,14,BOOKS,0.0,0
1370894,2015-02-11,24,DAIRY,1202.0,1
1148791,2014-10-08,41,POULTRY,110.835,0
1286713,2014-12-26,12,EGGS,203.0,0
47916,2013-01-27,53,AUTOMOTIVE,0.0,0
501483,2013-10-09,3,HOME AND KITCHEN I,0.0,0
968261,2014-06-29,27,DAIRY,1233.0,2
1859957,2015-11-12,46,FROZEN FOODS,232.097,1
1180118,2014-10-26,21,BREAD/BAKERY,0.0,0
869014,2014-05-04,41,PERSONAL CARE,596.0,0
2504924,2016-11-09,42,PET SUPPLIES,11.0,0
2835873,2017-05-15,29,HOME CARE,289.0,16
1561386,2015-05-29,19,MEATS,113.347,0
2749167,2017-03-27,46,BEVERAGES,6904.0,23
1453126,2015-03-29,31,BOOKS,0.0,0
868962,2014-05-04,40,CELEBRATION,0.0,0
2438097,2016-10-03,18,MEATS,0.0,0
434160,2013-09-01,40,GROCERY I,4514.0,0
1769440,2015-09-22,7,GROCERY II,44.0,0
1325683,2015-01-16,6,CLEANING,1129.0,1
1470521,2015-04-08,2,DAIRY,897.0,0
2609325,2017-01-08,22,HOME AND KITCHEN I,75.0,12
604632,2013-12-06,24,CELEBRATION,0.0,0
604576,2013-12-06,22,HOME AND KITCHEN II,0.0,0
2095495,2016-03-24,54,POULTRY,47.267,0
1511392,2015-05-01,16,PERSONAL CARE,309.0,0
2653500,2017-02-02,12,BEVERAGES,1551.0,23
135923,2013-03-18,22,PREPARED FOODS,0.0,0
2289419,2016-07-11,46,FROZEN FOODS,188.0,6
1426899,2015-03-14,45,GROCERY I,11751.0,8
172150,2013-04-07,39,"LIQUOR,WINE,BEER",0.0,0
2712131,2017-03-06,7,PET SUPPLIES,10.0,0
168876,2013-04-05,47,HOME AND KITCHEN I,0.0,0
581018,2013-11-23,11,LAWN AND GARDEN,2.0,0
1805811,2015-10-13,27,HOME CARE,179.0,0
2358419,2016-08-19,32,DAIRY,138.0,3
1944170,2015-12-31,1,DAIRY,768.0,4
2717829,2017-03-10,17,HOME AND KITCHEN I,21.0,0
2516719,2016-11-16,24,CLEANING,1332.0,42
2633829,2017-01-22,10,AUTOMOTIVE,1.0,0
616804,2013-12-13,16,BABY CARE,0.0,0
2064379,2016-03-07,31,SCHOOL AND OFFICE SUPPLIES,2.0,0
1128078,2014-09-27,11,CELEBRATION,19.0,0
2970864,2017-07-30,17,CELEBRATION,6.0,0
892421,2014-05-17,49,BEAUTY,5.0,0
908488,2014-05-26,49,SCHOOL AND OFFICE SUPPLIES,0.0,0
596788,2013-12-01,53,HOME AND KITCHEN II,0.0,0
69033,2013-02-08,45,PRODUCE,0.0,0
1210719,2014-11-12,3,HOME AND KITCHEN I,64.0,0
116708,2013-03-07,33,LAWN AND GARDEN,0.0,0
926999,2014-06-06,19,PREPARED FOODS,17.0,0
920882,2014-06-02,47,HOME APPLIANCES,1.0,0
1344608,2015-01-27,36,MAGAZINES,0.0,0
797979,2014-03-25,49,CELEBRATION,16.0,0
126110,2013-03-12,47,HOME APPLIANCES,2.0,0
272445,2013-06-02,52,PRODUCE,0.0,0
1662981,2015-07-25,2,GROCERY I,3979.0,15
2893743,2017-06-16,52,CELEBRATION,9.0,0
2666003,2017-02-09,12,SEAFOOD,9.0,0
2527922,2016-11-22,38,MAGAZINES,11.0,0
2074646,2016-03-13,20,BEAUTY,15.0,0
414193,2013-08-21,30,EGGS,44.0,0
622134,2013-12-16,15,HOME CARE,0.0,0
1739218,2015-09-05,9,LADIESWEAR,19.0,0
201438,2013-04-24,11,CELEBRATION,0.0,0
854388,2014-04-26,31,HOME CARE,0.0,0
895317,2014-05-19,3,PLAYERS AND ELECTRONICS,0.0,0
110142,2013-03-03,49,LINGERIE,25.0,0
721049,2014-02-10,4,SEAFOOD,16.985,0
1596771,2015-06-18,12,AUTOMOTIVE,5.0,1
2509827,2016-11-12,30,GROCERY I,1765.0,62
2508096,2016-11-11,31,PRODUCE,900.711,2
2885355,2017-06-12,18,AUTOMOTIVE,3.0,0
1331429,2015-01-20,17,FROZEN FOODS,63.0,0
2042166,2016-02-23,9,PLAYERS AND ELECTRONICS,0.0,0
1997373,2016-01-29,51,HOME AND KITCHEN I,16.0,0
332434,2013-07-06,36,PERSONAL CARE,286.0,0
2510204,2016-11-12,40,PET SUPPLIES,1.0,0
298839,2013-06-17,43,MEATS,154.717,0
371868,2013-07-28,42,MEATS,0.0,0
2568718,2016-12-15,32,SCHOOL AND OFFICE SUPPLIES,0.0,0
374591,2013-07-30,2,DAIRY,419.0,0
285694,2013-06-10,25,GROCERY II,4.0,0
889672,2014-05-16,21,PERSONAL CARE,0.0,0
1340215,2015-01-25,13,LADIESWEAR,0.0,0
1082532,2014-09-01,33,AUTOMOTIVE,13.0,0
2288989,2016-07-11,34,EGGS,139.0,15
2588923,2016-12-27,5,CLEANING,991.0,35
598634,2013-12-02,6,HARDWARE,0.0,0
428946,2013-08-29,44,GROCERY I,6098.0,0
1697910,2015-08-13,49,PLAYERS AND ELECTRONICS,33.0,0
1454505,2015-03-30,2,PRODUCE,1.0,0
2222830,2016-06-04,28,HOME AND KITCHEN II,36.0,0
356296,2013-07-19,6,POULTRY,411.176,0
1079051,2014-08-30,35,HOME APPLIANCES,0.0,0
1318676,2015-01-12,9,PREPARED FOODS,84.236,0
2462258,2016-10-16,45,PREPARED FOODS,517.74097,0
1999398,2016-01-30,9,PLAYERS AND ELECTRONICS,10.0,0
1725522,2015-08-29,24,HOME CARE,405.0,0
1682000,2015-08-04,52,MAGAZINES,0.0,0
304971,2013-06-21,16,HOME CARE,0.0,0
2169805,2016-05-05,4,"LIQUOR,WINE,BEER",72.0,0
2870441,2017-06-03,49,BEAUTY,13.0,1
1240724,2014-11-29,21,MAGAZINES,0.0,0
1774060,2015-09-25,36,GROCERY II,13.0,0
1043663,2014-08-10,42,BREAD/BAKERY,0.0,0
1355972,2015-02-02,6,BEAUTY,6.0,1
2878811,2017-06-08,33,MAGAZINES,2.0,0
151807,2013-03-27,19,CLEANING,584.0,0
327597,2013-07-03,50,CELEBRATION,0.0,0
1487314,2015-04-17,40,BOOKS,0.0,0
2243599,2016-06-16,10,POULTRY,122.097,3
1579615,2015-06-08,30,BOOKS,0.0,0
601916,2013-12-04,47,PREPARED FOODS,212.19699,0
203763,2013-04-25,26,LINGERIE,5.0,0
1888866,2015-11-28,8,GROCERY I,6226.0,26
2191721,2016-05-17,54,PET SUPPLIES,3.0,2
2053982,2016-03-01,4,PREPARED FOODS,88.775,0
2380874,2016-09-01,12,MAGAZINES,4.0,0
2402692,2016-09-13,24,POULTRY,477.822,0
182106,2013-04-13,19,GROCERY I,3368.0,0
1480408,2015-04-13,46,POULTRY,699.21,0
484130,2013-09-29,42,LAWN AND GARDEN,0.0,0
1876780,2015-11-22,19,BOOKS,0.0,0
2245177,2016-06-16,54,"LIQUOR,WINE,BEER",26.0,1
213110,2013-04-30,38,PREPARED FOODS,132.461,0
2028036,2016-02-16,12,LINGERIE,5.0,0
365810,2013-07-25,23,BREAD/BAKERY,208.433,0
1057877,2014-08-18,40,PREPARED FOODS,35.0,0
2386432,2016-09-04,19,BOOKS,0.0,0
1858050,2015-11-11,42,HOME CARE,125.0,0
2333526,2016-08-05,33,PRODUCE,1003.374,2
616232,2013-12-12,49,MAGAZINES,0.0,0
628110,2013-12-19,32,LINGERIE,6.0,0
2999009,2017-08-14,7,BEAUTY,9.0,2
1192434,2014-11-02,17,GROCERY I,3967.0,1
664132,2014-01-09,43,CLEANING,752.0,0
2736164,2017-03-20,31,BEAUTY,0.0,0
767616,2014-03-08,47,BEVERAGES,9354.0,0
202144,2013-04-24,30,LADIESWEAR,0.0,0
1538371,2015-05-16,23,EGGS,59.0,0
1534603,2015-05-14,18,BOOKS,0.0,0
823937,2014-04-09,27,PET SUPPLIES,0.0,0
1211844,2014-11-13,11,HOME CARE,437.0,0
2782895,2017-04-15,42,BREAD/BAKERY,636.13,7
2995478,2017-08-12,8,BEAUTY,21.0,1
1721554,2015-08-27,13,EGGS,20.0,0
2824475,2017-05-09,1,BREAD/BAKERY,387.498,5
2649241,2017-01-30,42,BABY CARE,0.0,0
568642,2013-11-16,14,LADIESWEAR,0.0,0
493474,2013-10-04,54,PERSONAL CARE,142.0,0
2469943,2016-10-21,11,PERSONAL CARE,258.0,5
2226326,2016-06-06,26,HARDWARE,0.0,0
2695934,2017-02-25,51,SEAFOOD,54.118,0
2040726,2016-02-23,19,CELEBRATION,4.0,0
2770965,2017-04-08,8,LINGERIE,15.0,0
1554033,2015-05-25,12,PRODUCE,0.0,0
1948094,2016-01-02,2,BREAD/BAKERY,707.0,0
2304661,2016-07-20,24,CLEANING,1439.0,4
2194990,2016-05-19,46,POULTRY,598.506,0
1714087,2015-08-22,53,BABY CARE,0.0,0
2028564,2016-02-16,27,LINGERIE,9.0,0
2630455,2017-01-20,15,PERSONAL CARE,151.0,9
718255,2014-02-09,12,EGGS,94.0,0
2454549,2016-10-12,3,DELI,296.875,1
1197873,2014-11-05,2,CELEBRATION,6.0,0
2805226,2017-04-28,19,POULTRY,107.673,12
1752972,2015-09-13,44,GROCERY I,13278.0,10
634608,2013-12-23,15,HOME CARE,0.0,0
1988068,2016-01-24,40,HOME AND KITCHEN II,13.0,0
2165242,2016-05-03,12,GROCERY II,10.0,0
1714612,2015-08-23,18,SCHOOL AND OFFICE SUPPLIES,3.0,0
297738,2013-06-17,13,GROCERY I,1700.0,0
2487512,2016-10-30,54,BREAD/BAKERY,370.0,38
901297,2014-05-22,48,BABY CARE,0.0,0
621163,2013-12-15,38,BOOKS,0.0,0
2272735,2016-07-02,28,PERSONAL CARE,527.0,9
2269533,2016-06-30,38,MEATS,83.483,0
35199,2013-01-20,46,LINGERIE,101.0,0
30884,2013-01-18,25,PREPARED FOODS,85.581,0
1620745,2015-07-01,34,HOME AND KITCHEN II,33.0,0
2421980,2016-09-24,16,FROZEN FOODS,72.18,8
1331228,2015-01-20,11,DAIRY,415.0,0
2722667,2017-03-12,52,BEAUTY,0.0,0
688428,2014-01-23,25,HOME AND KITCHEN I,42.0,0
473800,2013-09-23,52,LADIESWEAR,0.0,0
1226473,2014-11-21,21,POULTRY,0.0,0
211792,2013-04-29,50,SCHOOL AND OFFICE SUPPLIES,0.0,0
1679997,2015-08-03,47,AUTOMOTIVE,17.0,0
70453,2013-02-09,35,SCHOOL AND OFFICE SUPPLIES,0.0,0
717864,2014-02-08,50,HOME AND KITCHEN I,0.0,0
1143480,2014-10-05,42,PRODUCE,0.0,0
1505421,2015-04-27,48,PLAYERS AND ELECTRONICS,0.0,0
2551862,2016-12-06,10,BREAD/BAKERY,113.0,3
640634,2013-12-27,34,BREAD/BAKERY,681.0,0
1886658,2015-11-27,45,HOME AND KITCHEN I,120.0,0
641262,2013-12-27,51,CELEBRATION,0.0,0
1003285,2014-07-19,1,LADIESWEAR,23.0,0
1922401,2015-12-17,48,LADIESWEAR,12.0,0
2108988,2016-04-01,33,MEATS,287.04102,0
394746,2013-08-10,35,AUTOMOTIVE,1.0,0
47853,2013-01-27,51,BEVERAGES,1955.0,0
2631485,2017-01-20,43,SEAFOOD,1.0,0
2415817,2016-09-20,42,LADIESWEAR,11.0,0
1984171,2016-01-22,31,GROCERY II,9.0,0
2675745,2017-02-14,36,CELEBRATION,5.0,0
605725,2013-12-06,54,EGGS,22.0,0
964479,2014-06-27,20,LINGERIE,0.0,0
1817641,2015-10-20,1,BABY CARE,0.0,0
2115395,2016-04-05,13,PREPARED FOODS,66.0,1
1468012,2015-04-06,49,CLEANING,1923.0,2
2853376,2017-05-25,2,SCHOOL AND OFFICE SUPPLIES,0.0,0
2417413,2016-09-21,37,SCHOOL AND OFFICE SUPPLIES,1.0,0
1110573,2014-09-17,2,MEATS,490.456,0
1219583,2014-11-17,29,BEAUTY,0.0,0
969391,2014-06-29,9,HOME AND KITCHEN II,0.0,0
1502635,2015-04-26,20,GROCERY II,20.0,0
2536439,2016-11-27,27,PET SUPPLIES,10.0,1
129104,2013-03-14,31,DAIRY,183.0,0
143710,2013-03-22,40,POULTRY,48.098,0
563425,2013-11-13,18,HOME AND KITCHEN II,0.0,0
1748379,2015-09-11,16,CELEBRATION,4.0,0
1994720,2016-01-28,28,BEAUTY,0.0,0
1088408,2014-09-04,48,BEAUTY,8.0,0
2595799,2016-12-31,42,LADIESWEAR,27.0,0
938470,2014-06-12,40,HOME AND KITCHEN II,0.0,0
1885823,2015-11-27,22,BREAD/BAKERY,68.0,0
1977234,2016-01-18,37,CELEBRATION,7.0,0
2335667,2016-08-06,43,PET SUPPLIES,1.0,0
1613411,2015-06-27,29,DAIRY,576.0,0
158013,2013-03-30,42,DELI,0.0,0
789255,2014-03-20,53,PLAYERS AND ELECTRONICS,0.0,0
2109176,2016-04-01,39,HARDWARE,0.0,0
2685003,2017-02-19,45,MEATS,1157.616,0
1174635,2014-10-23,18,AUTOMOTIVE,0.0,0
2033465,2016-02-19,15,BREAD/BAKERY,142.0,0
102656,2013-02-27,39,PET SUPPLIES,0.0,0
2611743,2017-01-09,4,MEATS,355.897,1
2245922,2016-06-17,26,DAIRY,206.0,3
1136630,2014-10-01,50,FROZEN FOODS,114.0,1
356929,2013-07-20,24,BABY CARE,0.0,0
2728726,2017-03-16,22,"LIQUOR,WINE,BEER",19.0,0
1418312,2015-03-09,54,BREAD/BAKERY,261.0,1
854985,2014-04-26,48,LINGERIE,3.0,0
2590872,2016-12-28,54,DELI,182.0,7
2073749,2016-03-12,44,PREPARED FOODS,625.987,0
1892973,2015-12-01,22,PLAYERS AND ELECTRONICS,3.0,0
627675,2013-12-19,20,HOME AND KITCHEN I,0.0,0
2630401,2017-01-20,14,BOOKS,0.0,0
1870777,2015-11-18,5,CLEANING,879.0,4
1562589,2015-05-29,52,CELEBRATION,0.0,0
1977977,2016-01-18,8,MAGAZINES,16.0,0
1829147,2015-10-26,31,MAGAZINES,0.0,0
215683,2013-05-02,10,POULTRY,38.72,0
764134,2014-03-06,49,LADIESWEAR,5.0,0
889596,2014-05-16,2,HOME AND KITCHEN I,0.0,0
1825275,2015-10-24,23,GROCERY I,2256.0,4
323130,2013-07-01,25,PLAYERS AND ELECTRONICS,0.0,0
1913151,2015-12-12,39,DELI,211.061,0
2196067,2016-05-20,27,HOME AND KITCHEN II,15.0,0
547847,2013-11-04,30,HARDWARE,2.0,0
96947,2013-02-24,29,PET SUPPLIES,0.0,0
491385,2013-10-03,46,HOME AND KITCHEN I,0.0,0
1371634,2015-02-11,44,"LIQUOR,WINE,BEER",380.0,0
578451,2013-11-21,39,PLAYERS AND ELECTRONICS,0.0,0
248170,2013-05-20,22,EGGS,0.0,0
1784294,2015-10-01,23,HOME APPLIANCES,0.0,0
23660,2013-01-14,22,SEAFOOD,0.0,0
630316,2013-12-20,44,HOME AND KITCHEN II,0.0,0
430517,2013-08-30,38,SEAFOOD,21.439999,0
1868808,2015-11-17,44,HOME CARE,423.0,0
1801457,2015-10-10,54,LAWN AND GARDEN,0.0,0
277869,2013-06-05,6,DELI,261.982,0
1215917,2014-11-15,25,SEAFOOD,9.0,0
1207869,2014-11-10,5,BEVERAGES,2219.0,1
136375,2013-03-18,35,LADIESWEAR,0.0,0
2468844,2016-10-20,30,HOME AND KITCHEN I,19.0,0
912302,2014-05-28,7,HOME APPLIANCES,0.0,0
1392291,2015-02-23,24,LINGERIE,5.0,0
1052783,2014-08-15,48,HOME APPLIANCES,1.0,0
933599,2014-06-09,53,PREPARED FOODS,38.625,0
1808543,2015-10-14,53,FROZEN FOODS,70.827,0
1369056,2015-02-10,22,HOME CARE,0.0,0
2395515,2016-09-09,23,GROCERY I,2074.0,26
1254061,2014-12-06,45,POULTRY,1639.2161,0
1674642,2015-07-31,46,MEATS,1818.042,48
2673167,2017-02-13,14,BEAUTY,2.0,0
2366314,2016-08-23,53,HOME AND KITCHEN II,24.0,0
347690,2013-07-15,15,BEAUTY,5.0,0
1461262,2015-04-03,1,"LIQUOR,WINE,BEER",44.0,0
2445076,2016-10-07,14,CLEANING,866.0,29
1469545,2015-04-07,41,"LIQUOR,WINE,BEER",34.0,0
380944,2013-08-02,47,PERSONAL CARE,462.0,0
2367847,2016-08-24,46,SCHOOL AND OFFICE SUPPLIES,30.0,8
757899,2014-03-03,24,LINGERIE,15.0,0
227487,2013-05-08,41,HOME CARE,0.0,0
1761547,2015-09-18,35,CLEANING,464.0,5
846165,2014-04-21,50,GROCERY I,4740.0,0
141134,2013-03-21,19,PET SUPPLIES,0.0,0
2355358,2016-08-17,46,HOME AND KITCHEN II,17.0,1
972290,2014-07-01,4,FROZEN FOODS,118.16,0
1025082,2014-07-31,21,BEVERAGES,0.0,0
1113302,2014-09-18,46,HARDWARE,0.0,0
848453,2014-04-23,15,MAGAZINES,0.0,0
1486127,2015-04-16,8,BREAD/BAKERY,660.76,1
2218439,2016-06-01,54,HARDWARE,0.0,0
453586,2013-09-12,36,BABY CARE,0.0,0
2356075,2016-08-18,17,CLEANING,946.0,19
2300647,2016-07-18,11,LADIESWEAR,7.0,0
2467190,2016-10-19,34,FROZEN FOODS,44.321,1
2852314,2017-05-24,4,PERSONAL CARE,194.0,8
759454,2014-03-04,18,PERSONAL CARE,159.0,0
2544747,2016-12-02,10,HOME CARE,145.0,4
211933,2013-04-29,6,CLEANING,966.0,0
946866,2014-06-17,26,PRODUCE,0.0,0
1923091,2015-12-18,18,HOME AND KITCHEN II,5.0,0
2894495,2017-06-17,23,SEAFOOD,4.0,0
2016701,2016-02-09,44,BREAD/BAKERY,1396.304,0
2138451,2016-04-18,10,HOME CARE,368.0,1
1575308,2015-06-06,1,LAWN AND GARDEN,3.0,0
2851847,2017-05-24,27,LAWN AND GARDEN,34.0,9
2753315,2017-03-30,12,PET SUPPLIES,1.0,0
2036244,2016-02-20,42,GROCERY I,3657.0,28
1823486,2015-10-23,23,BREAD/BAKERY,234.54,0
1519444,2015-05-05,41,PERSONAL CARE,268.0,3
1737520,2015-09-05,11,BOOKS,0.0,0
275568,2013-06-04,40,HOME CARE,0.0,0
2090762,2016-03-22,22,HARDWARE,0.0,0
1250877,2014-12-04,7,GROCERY I,3830.0,7
2481868,2016-10-27,46,BOOKS,1.0,0
2061846,2016-03-06,11,CELEBRATION,17.0,0
1670796,2015-07-29,39,CELEBRATION,5.0,0
2519158,2016-11-17,42,BOOKS,3.0,0
799932,2014-03-26,53,GROCERY I,0.0,0
1102711,2014-09-12,49,HOME AND KITCHEN II,21.0,0
631558,2013-12-21,3,BOOKS,0.0,0
2096058,2016-03-25,20,PRODUCE,919.971,0
2888203,2017-06-13,47,EGGS,314.0,4
1534824,2015-05-14,23,PLAYERS AND ELECTRONICS,0.0,0
1080624,2014-08-31,3,CELEBRATION,0.0,0
782651,2014-03-17,19,MAGAZINES,0.0,0
2508283,2016-11-11,37,LADIESWEAR,22.0,0
2820973,2017-05-07,11,BABY CARE,0.0,0
2258288,2016-06-24,22,SEAFOOD,1.0,0
668543,2014-01-12,17,PREPARED FOODS,59.0,0
707189,2014-02-02,50,SEAFOOD,24.349,0
875525,2014-05-08,25,BEAUTY,0.0,0
1023354,2014-07-30,22,MEATS,0.0,0
395178,2013-08-10,47,BEVERAGES,3047.0,0
2250105,2016-06-19,43,AUTOMOTIVE,9.0,0
281301,2013-06-07,51,DELI,334.774,0
605947,2013-12-07,11,BABY CARE,0.0,0
1701586,2015-08-15,52,CLEANING,0.0,0
215957,2013-05-02,19,BREAD/BAKERY,148.0,0
306249,2013-06-21,51,DELI,313.16,0
2579885,2016-12-21,46,FROZEN FOODS,4880.484,5
311912,2013-06-25,10,PREPARED FOODS,12.0,0
2393716,2016-09-08,22,POULTRY,215.033,0
2154951,2016-04-27,23,HOME CARE,107.0,4
764833,2014-03-07,19,PERSONAL CARE,172.0,0
1365891,2015-02-08,33,LINGERIE,21.0,1
2670409,2017-02-11,36,HOME AND KITCHEN II,28.0,1
407242,2013-08-17,35,"LIQUOR,WINE,BEER",48.0,0
1119589,2014-09-22,22,SCHOOL AND OFFICE SUPPLIES,0.0,0
301814,2013-06-19,27,PREPARED FOODS,88.676,0
969411,2014-06-30,1,BEVERAGES,1019.0,0
2783305,2017-04-15,53,LADIESWEAR,4.0,0
2155280,2016-04-27,32,HOME APPLIANCES,0.0,0
817895,2014-04-05,8,MAGAZINES,0.0,0
244736,2013-05-18,26,DAIRY,228.0,0
78268,2013-02-13,54,PERSONAL CARE,108.0,0
2129268,2016-04-12,52,DELI,0.0,0
387018,2013-08-06,18,PLAYERS AND ELECTRONICS,0.0,0
17483,2013-01-10,49,PET SUPPLIES,0.0,0
1672756,2015-07-30,43,LADIESWEAR,0.0,0
1220279,2014-11-17,48,BREAD/BAKERY,501.924,0
2782798,2017-04-15,4,CLEANING,809.0,22
2393827,2016-09-08,26,CLEANING,198.0,3
206695,2013-04-26,9,HOME AND KITCHEN II,0.0,0
1230422,2014-11-23,32,HOME APPLIANCES,0.0,0
2728445,2017-03-16,15,BREAD/BAKERY,144.0,10
2045677,2016-02-25,8,CLEANING,890.0,0
602816,2013-12-05,23,BREAD/BAKERY,206.894,0
2424292,2016-09-25,30,GROCERY II,4.0,2
291770,2013-06-13,45,HOME APPLIANCES,0.0,0
706264,2014-02-02,25,SCHOOL AND OFFICE SUPPLIES,0.0,0
505049,2013-10-11,3,HOME APPLIANCES,3.0,0
2255620,2016-06-22,48,BOOKS,0.0,0
1411028,2015-03-05,5,HARDWARE,0.0,0
1458052,2015-04-01,2,GROCERY II,45.0,0
1748164,2015-09-11,1,"LIQUOR,WINE,BEER",216.0,3
774210,2014-03-12,31,PRODUCE,837.079,0
1202677,2014-11-07,53,PERSONAL CARE,93.0,0
2372615,2016-08-27,30,HARDWARE,1.0,0
300224,2013-06-18,32,MAGAZINES,0.0,0
2140401,2016-04-19,15,LINGERIE,7.0,0
1273251,2014-12-17,34,GROCERY I,4405.357,19
292078,2013-06-13,53,POULTRY,0.0,0
2145608,2016-04-22,11,HARDWARE,0.0,0
1437403,2015-03-20,4,"LIQUOR,WINE,BEER",82.0,0
623239,2013-12-16,46,BABY CARE,0.0,0
2973481,2017-07-31,4,HOME AND KITCHEN II,8.0,1
1727059,2015-08-30,18,BOOKS,0.0,0
2122518,2016-04-09,13,MEATS,200.489,1
1712409,2015-08-21,7,CELEBRATION,24.0,0
2865472,2017-06-01,1,HOME AND KITCHEN II,34.0,1
458622,2013-09-15,27,LINGERIE,10.0,0
2449865,2016-10-09,48,FROZEN FOODS,330.491,4
79154,2013-02-14,3,LAWN AND GARDEN,10.0,0
1751099,2015-09-12,41,LAWN AND GARDEN,5.0,0
133022,2013-03-16,40,SEAFOOD,0.0,0
464697,2013-09-18,47,MEATS,578.494,0
2918618,2017-06-30,5,SEAFOOD,7.1940002,3
2642861,2017-01-27,13,MAGAZINES,4.0,0
2261963,2016-06-26,26,FROZEN FOODS,42.0,5
296991,2013-06-16,41,MEATS,178.515,0
1235811,2014-11-26,33,PLAYERS AND ELECTRONICS,2.0,0
2779262,2017-04-13,40,BEAUTY,1.0,0
2958930,2017-07-23,31,HOME CARE,382.0,9
721052,2014-02-10,40,BEAUTY,0.0,0
925022,2014-06-05,13,SEAFOOD,0.0,0
95181,2013-02-23,3,DELI,409.615,0
1760214,2015-09-17,47,PLAYERS AND ELECTRONICS,37.0,0
1988788,2016-01-25,11,EGGS,132.0,17
2126807,2016-04-11,33,MAGAZINES,0.0,0
463915,2013-09-18,26,BABY CARE,0.0,0
1409366,2015-03-04,53,BEAUTY,0.0,0
1891497,2015-11-30,31,BEVERAGES,2483.0,3
525669,2013-10-22,9,GROCERY I,4466.0,0
2166851,2016-05-03,8,BREAD/BAKERY,743.595,20
1113490,2014-09-18,51,BOOKS,0.0,0
1554862,2015-05-25,36,BABY CARE,0.0,0
590418,2013-11-28,25,HOME AND KITCHEN I,0.0,0
558826,2013-11-10,39,BOOKS,0.0,0
1062009,2014-08-20,8,BEVERAGES,1717.0,3
1874054,2015-11-20,41,HOME APPLIANCES,0.0,0
1967780,2016-01-13,21,MAGAZINES,0.0,0
2122954,2016-04-09,25,SCHOOL AND OFFICE SUPPLIES,0.0,0
1206461,2014-11-10,10,HARDWARE,0.0,0
1562071,2015-05-29,38,HOME AND KITCHEN II,20.0,1
1312694,2015-01-09,40,LAWN AND GARDEN,0.0,0
903387,2014-05-23,7,GROCERY I,3139.0,0
2154711,2016-04-27,17,DELI,318.0,0
2205710,2016-05-25,47,MAGAZINES,8.0,0
536221,2013-10-28,54,BOOKS,0.0,0
1317566,2015-01-12,28,DAIRY,614.0,3
1121798,2014-09-23,34,PREPARED FOODS,23.0,1
1570641,2015-06-03,29,CELEBRATION,10.0,0
2813094,2017-05-02,4,DELI,212.364,0
2987895,2017-08-08,44,DELI,405.926,6
2361532,2016-08-21,2,LADIESWEAR,36.0,0
1541635,2015-05-18,15,CLEANING,909.0,1
1766052,2015-09-21,11,MEATS,749.46,0
1888768,2015-11-28,54,GROCERY II,7.0,0
2464065,2016-10-17,46,LINGERIE,3.0,0
2498078,2016-11-05,50,FROZEN FOODS,228.0,7
1949539,2016-01-03,1,SCHOOL AND OFFICE SUPPLIES,0.0,0
2344019,2016-08-11,28,PREPARED FOODS,76.186,1
2066084,2016-03-08,3,LAWN AND GARDEN,20.0,0
1130147,2014-09-28,19,PREPARED FOODS,36.0,0
2077461,2016-03-14,49,GROCERY I,7002.0,24
527656,2013-10-24,14,LADIESWEAR,0.0,0
940036,2014-06-13,34,SCHOOL AND OFFICE SUPPLIES,0.0,0
1129217,2014-09-27,42,MAGAZINES,0.0,0
748225,2014-02-25,52,HOME AND KITCHEN II,0.0,0
2055827,2016-03-02,41,PET SUPPLIES,10.0,0
1669271,2015-07-28,45,SEAFOOD,55.0,0
2071018,2016-03-11,19,BOOKS,0.0,0
1425372,2015-03-13,52,BEVERAGES,0.0,0
131543,2013-03-15,5,BREAD/BAKERY,286.376,0
2349631,2016-08-14,35,SCHOOL AND OFFICE SUPPLIES,0.0,0
1938786,2015-12-27,9,BEVERAGES,3705.0,4
1747244,2015-09-10,33,PET SUPPLIES,0.0,0
2885405,2017-06-12,19,HOME APPLIANCES,0.0,0
2020982,2016-02-12,14,PREPARED FOODS,80.0,0
275290,2013-06-04,33,BOOKS,0.0,0
2325150,2016-07-31,49,BEVERAGES,7715.0,8
2624382,2017-01-16,44,MEATS,836.469,2
452423,2013-09-11,52,PET SUPPLIES,0.0,0
372178,2013-07-28,51,BOOKS,0.0,0
1668707,2015-07-28,3,PREPARED FOODS,364.267,0
202373,2013-04-24,37,HOME APPLIANCES,0.0,0
254272,2013-05-23,43,CLEANING,635.0,0
1990785,2016-01-26,17,PLAYERS AND ELECTRONICS,2.0,0
1810567,2015-10-16,10,"LIQUOR,WINE,BEER",14.0,0
2787913,2017-04-18,33,CLEANING,1040.0,28
1995639,2016-01-28,52,PRODUCE,0.0,0
1650907,2015-07-18,30,HOME AND KITCHEN II,8.0,1
62801,2013-02-05,21,BEAUTY,0.0,0
1725314,2015-08-29,19,DAIRY,462.0,0
1671673,2015-07-30,13,PERSONAL CARE,131.0,0
2996431,2017-08-13,33,SCHOOL AND OFFICE SUPPLIES,0.0,0
1724699,2015-08-28,50,LAWN AND GARDEN,2.0,0
554106,2013-11-07,7,BEVERAGES,1677.0,0
1067085,2014-08-23,49,PRODUCE,36.0,0
1820636,2015-10-21,42,PET SUPPLIES,3.0,0
1189759,2014-10-31,41,EGGS,90.0,18
1341892,2015-01-26,10,GROCERY II,2.0,0
1065452,2014-08-22,53,HARDWARE,0.0,0
1255474,2014-12-07,35,"LIQUOR,WINE,BEER",0.0,0
2889477,2017-06-14,32,PRODUCE,127.55,1
412371,2013-08-20,3,BEVERAGES,2658.0,0
920463,2014-06-02,35,PLAYERS AND ELECTRONICS,0.0,0
2999494,2017-08-15,2,PERSONAL CARE,202.0,8
1135342,2014-10-01,15,EGGS,54.0,0
3624,2013-01-03,10,PLAYERS AND ELECTRONICS,0.0,0
2029551,2016-02-16,54,HOME CARE,162.0,0
2058384,2016-03-04,14,DELI,250.0,43
2344969,2016-08-11,54,"LIQUOR,WINE,BEER",38.0,1
2267151,2016-06-29,21,HOME CARE,164.0,8
1664938,2015-07-26,24,"LIQUOR,WINE,BEER",0.0,0
787175,2014-03-19,45,PET SUPPLIES,9.0,0
944154,2014-06-15,5,MEATS,403.678,0
580503,2013-11-22,47,AUTOMOTIVE,7.0,0
1014015,2014-07-25,10,MEATS,139.99901,0
1244354,2014-12-01,23,MAGAZINES,0.0,0
44336,2013-01-25,52,HOME APPLIANCES,0.0,0
675006,2014-01-15,48,MEATS,660.093,0
2117469,2016-04-06,21,MEATS,90.206,0
2420788,2016-09-23,32,CLEANING,336.0,28
614152,2013-12-11,40,"LIQUOR,WINE,BEER",8.0,0
2315252,2016-07-26,21,BREAD/BAKERY,444.0,6
2512150,2016-11-13,45,PERSONAL CARE,1306.0,12
2838472,2017-05-16,51,EGGS,298.0,1
2313611,2016-07-25,25,HARDWARE,1.0,0
2657661,2017-02-04,29,CELEBRATION,31.0,0
2174449,2016-05-08,20,GROCERY II,14.0,5
2410417,2016-09-17,40,SCHOOL AND OFFICE SUPPLIES,0.0,0
433811,2013-09-01,30,PET SUPPLIES,0.0,0
2214924,2016-05-30,6,PRODUCE,2898.27,3
2134053,2016-04-15,37,DELI,190.973,41
1717895,2015-08-25,10,HARDWARE,0.0,0
770807,2014-03-10,36,PET SUPPLIES,1.0,0
552097,2013-11-06,5,CLEANING,1108.0,0
1024188,2014-07-30,46,AUTOMOTIVE,7.0,0
268773,2013-05-31,5,LINGERIE,11.0,0
2000979,2016-01-31,52,MEATS,0.0,0
243006,2013-05-17,27,PLAYERS AND ELECTRONICS,0.0,0
489694,2013-10-02,49,CLEANING,1320.0,0
1488956,2015-04-18,36,PREPARED FOODS,47.475,0
263727,2013-05-28,9,MEATS,258.072,0
2509309,2016-11-12,16,"LIQUOR,WINE,BEER",65.0,1
2937102,2017-07-11,2,BEVERAGES,2707.0,39
1542712,2015-05-18,44,POULTRY,1083.342,0
87696,2013-02-19,2,HOME AND KITCHEN I,0.0,0
2669039,2017-02-10,47,SEAFOOD,110.773,7
1641055,2015-07-12,53,SCHOOL AND OFFICE SUPPLIES,2.0,0
1761824,2015-09-18,42,LAWN AND GARDEN,17.0,0
1647477,2015-07-16,34,HOME CARE,231.0,0
1190389,2014-11-01,1,GROCERY II,21.0,0
2167169,2016-05-04,16,PET SUPPLIES,0.0,0
291285,2013-06-13,31,PLAYERS AND ELECTRONICS,0.0,0
1045366,2014-08-11,4,PERSONAL CARE,157.0,0
2860933,2017-05-29,31,SCHOOL AND OFFICE SUPPLIES,1.0,0
486707,2013-10-01,15,MAGAZINES,0.0,0
2732107,2017-03-18,18,BOOKS,0.0,0
1294078,2014-12-30,19,HOME AND KITCHEN II,11.0,0
190629,2013-04-17,8,LINGERIE,12.0,0
2538059,2016-11-28,22,PREPARED FOODS,56.0,0
485535,2013-09-30,32,CELEBRATION,0.0,0
1060425,2014-08-20,13,BEVERAGES,453.0,0
1134868,2014-09-30,50,SCHOOL AND OFFICE SUPPLIES,5.0,0
1361491,2015-02-06,10,EGGS,58.0,0
1448735,2015-03-26,9,BEAUTY,1.0,0
2272935,2016-07-02,33,PLAYERS AND ELECTRONICS,9.0,0
989964,2014-07-11,35,PRODUCE,230.077,1
2589771,2016-12-28,23,PRODUCE,1740.047,202
1435719,2015-03-19,42,LINGERIE,0.0,0
1253665,2014-12-06,34,POULTRY,172.83301,1
2456682,2016-10-13,39,PRODUCE,1331.026,2
771424,2014-03-10,53,HOME AND KITCHEN II,0.0,0
395471,2013-08-10,54,SEAFOOD,0.0,0
248101,2013-05-20,20,CLEANING,0.0,0
1588230,2015-06-13,22,CELEBRATION,0.0,0
2103360,2016-03-29,26,CELEBRATION,5.0,0
1845374,2015-11-04,37,HARDWARE,0.0,0
2041733,2016-02-23,46,MAGAZINES,9.0,0
1143850,2014-10-05,53,BOOKS,0.0,0
1395548,2015-02-25,16,FROZEN FOODS,9.0,0
2773682,2017-04-10,33,SEAFOOD,2.0,0
914673,2014-05-30,23,GROCERY I,1445.0,0
2250841,2016-06-20,14,EGGS,62.0,10
2941611,2017-07-13,45,MEATS,641.47,0
1398559,2015-02-26,5,LADIESWEAR,0.0,0
530321,2013-10-25,39,FROZEN FOODS,63.0,0
2550369,2016-12-05,18,PRODUCE,1098.935,8
745441,2014-02-24,25,BOOKS,0.0,0
903966,2014-05-24,22,PRODUCE,0.0,0
2122528,2016-04-09,14,BABY CARE,0.0,0
2319511,2016-07-28,40,CLEANING,885.0,16
508393,2013-10-13,23,POULTRY,186.567,0
2952192,2017-07-19,42,GROCERY I,3353.0,77
662239,2014-01-08,4,POULTRY,511.399,0
652066,2014-01-02,54,LADIESWEAR,0.0,0
626500,2013-12-18,37,POULTRY,280.171,0
1740356,2015-09-06,40,BEAUTY,0.0,0
623,2013-01-01,26,PREPARED FOODS,0.0,0
820437,2014-04-07,29,MEATS,0.0,0
58286,2013-02-02,44,DAIRY,2265.0,0
2483193,2016-10-28,33,DELI,120.0,43
511631,2013-10-15,14,SEAFOOD,6.0,0
249904,2013-05-21,20,POULTRY,0.0,0
2573751,2016-12-18,24,HOME AND KITCHEN I,36.0,13
2392865,2016-09-07,49,BEAUTY,8.0,0
530009,2013-10-25,3,PREPARED FOODS,336.514,0
951034,2014-06-19,43,CLEANING,619.0,0
972883,2014-07-01,7,EGGS,320.0,0
938878,2014-06-12,51,POULTRY,578.706,0
1411114,2015-03-05,52,BABY CARE,0.0,0
622920,2013-12-16,37,GROCERY I,5559.0,0
340115,2013-07-10,51,HOME APPLIANCES,0.0,0
2102050,2016-03-28,39,HOME AND KITCHEN II,9.0,0
1729957,2015-08-31,48,SCHOOL AND OFFICE SUPPLIES,109.0,4
1418744,2015-03-10,17,DAIRY,553.0,0
572899,2013-11-18,33,LADIESWEAR,0.0,0
2360924,2016-08-20,52,BREAD/BAKERY,0.0,0
67742,2013-02-08,1,PET SUPPLIES,0.0,0
143065,2013-03-22,23,EGGS,48.0,0
2403687,2016-09-13,52,AUTOMOTIVE,0.0,0
1613532,2015-06-27,31,PRODUCE,1506.267,0
1074056,2014-08-27,45,BREAD/BAKERY,909.917,2
2255123,2016-06-22,34,BEAUTY,5.0,0
2391097,2016-09-06,49,HOME AND KITCHEN II,55.0,1
2043911,2016-02-24,8,MAGAZINES,9.0,0
2991911,2017-08-10,7,SEAFOOD,32.756,0
791812,2014-03-22,26,EGGS,44.0,0
1109230,2014-09-16,32,BABY CARE,0.0,0
1159412,2014-10-14,4,MAGAZINES,0.0,0
2506679,2016-11-10,41,SEAFOOD,8.0,2
2874512,2017-06-06,13,HARDWARE,0.0,0
2499804,2016-11-06,49,LINGERIE,11.0,0
1926322,2015-12-19,9,GROCERY II,1.0,0
2405057,2016-09-14,40,HOME APPLIANCES,0.0,0
1402630,2015-03-01,14,SCHOOL AND OFFICE SUPPLIES,0.0,0
1047557,2014-08-12,51,BREAD/BAKERY,666.744,0
759678,2014-03-04,24,HOME CARE,224.0,0
2863245,2017-05-30,47,AUTOMOTIVE,15.0,0
2982836,2017-08-05,51,SEAFOOD,65.22,0
1608096,2015-06-24,3,CELEBRATION,28.0,0
657287,2014-01-05,50,PET SUPPLIES,15.0,0
1974968,2016-01-17,23,HOME APPLIANCES,1.0,0
2772019,2017-04-09,37,LADIESWEAR,34.0,0
2696109,2017-02-25,8,DELI,310.986,8
2758130,2017-04-01,47,MAGAZINES,12.0,0
422309,2013-08-25,9,DAIRY,348.0,0
1036742,2014-08-06,48,HARDWARE,0.0,0
1329139,2015-01-18,51,SCHOOL AND OFFICE SUPPLIES,0.0,0
1736684,2015-09-04,37,PET SUPPLIES,13.0,0
827216,2014-04-11,2,BREAD/BAKERY,338.101,0
1323151,2015-01-15,34,HOME AND KITCHEN II,32.0,0
1305104,2015-01-05,28,LAWN AND GARDEN,0.0,0
1641766,2015-07-13,24,HOME AND KITCHEN II,30.0,0
2564813,2016-12-13,23,LAWN AND GARDEN,0.0,0
294345,2013-06-15,18,HOME CARE,0.0,0
2417574,2016-09-21,41,PLAYERS AND ELECTRONICS,15.0,0
2460871,2016-10-15,7,POULTRY,565.086,0
1207477,2014-11-10,39,CLEANING,1022.0,0
1248352,2014-12-03,35,POULTRY,55.302002,0
2099124,2016-03-26,7,PLAYERS AND ELECTRONICS,9.0,0
385740,2013-08-05,32,BEVERAGES,398.0,0
2784533,2017-04-16,38,PET SUPPLIES,7.0,0
1157112,2014-10-13,26,AUTOMOTIVE,3.0,0
72903,2013-02-10,54,CELEBRATION,0.0,0
331898,2013-07-06,21,HOME APPLIANCES,0.0,0
2117167,2016-04-06,13,LADIESWEAR,0.0,0
407033,2013-08-17,3,FROZEN FOODS,453.751,0
817999,2014-04-06,10,POULTRY,354.729,0
1664435,2015-07-26,10,HARDWARE,0.0,0
552275,2013-11-06,54,LAWN AND GARDEN,0.0,0
1443133,2015-03-23,50,EGGS,113.0,0
2236821,2016-06-12,20,HOME AND KITCHEN I,48.0,0
1460203,2015-04-02,3,LADIESWEAR,0.0,0
24621,2013-01-14,5,BEVERAGES,708.0,0
1331872,2015-01-20,29,PERSONAL CARE,0.0,0
821494,2014-04-07,9,PERSONAL CARE,345.0,0
1203491,2014-11-08,27,HARDWARE,4.0,0
1053834,2014-08-16,28,GROCERY I,4001.825,8
59359,2013-02-03,24,PERSONAL CARE,399.0,0
343790,2013-07-12,54,PREPARED FOODS,34.0,0
1166962,2014-10-18,51,HOME AND KITCHEN II,10.0,0
1525425,2015-05-09,10,AUTOMOTIVE,4.0,0
649888,2014-01-01,43,LADIESWEAR,0.0,0
1132110,2014-09-29,24,GROCERY I,3291.0,3
42610,2013-01-24,54,CLEANING,408.0,0
984135,2014-07-08,22,DELI,0.0,0
772028,2014-03-11,20,PET SUPPLIES,0.0,0
611423,2013-12-10,14,SEAFOOD,9.0,0
1344624,2015-01-27,37,CELEBRATION,0.0,0
2594747,2016-12-31,13,MAGAZINES,1.0,0
2281209,2016-07-07,16,HOME CARE,183.0,7
861758,2014-04-30,38,PREPARED FOODS,120.682,0
1384945,2015-02-19,19,BABY CARE,0.0,0
671400,2014-01-13,47,HOME AND KITCHEN I,63.0,0
2706067,2017-03-03,37,BABY CARE,0.0,0
1240889,2014-11-29,26,MAGAZINES,0.0,0
2428773,2016-09-27,7,CELEBRATION,7.0,0
2651647,2017-02-01,1,SCHOOL AND OFFICE SUPPLIES,0.0,0
2057977,2016-03-03,51,SCHOOL AND OFFICE SUPPLIES,2.0,0
1936270,2015-12-26,37,POULTRY,216.887,0
1388492,2015-02-21,18,HOME APPLIANCES,0.0,0
2335734,2016-08-06,45,PLAYERS AND ELECTRONICS,34.0,0
1571381,2015-06-03,49,LAWN AND GARDEN,21.0,2
1615996,2015-06-28,50,LADIESWEAR,35.0,0
766605,2014-03-08,19,HOME AND KITCHEN I,22.0,0
852913,2014-04-25,4,POULTRY,536.8404,0
13970,2013-01-08,50,FROZEN FOODS,128.886,0
1773448,2015-09-25,19,POULTRY,146.078,10
2953359,2017-07-20,25,MEATS,178.66699,0
2108758,2016-04-01,27,PERSONAL CARE,254.0,5
2217054,2016-06-01,16,HOME AND KITCHEN I,11.0,0
2421039,2016-09-23,39,PLAYERS AND ELECTRONICS,5.0,0
1669998,2015-07-29,17,AUTOMOTIVE,3.0,0
61515,2013-02-04,35,BEVERAGES,573.0,0
696842,2014-01-28,11,HARDWARE,0.0,0
1378934,2015-02-15,49,PREPARED FOODS,301.187,0
243668,2013-05-17,45,PREPARED FOODS,288.839,0
829069,2014-04-12,21,EGGS,0.0,0
1770254,2015-09-23,3,BEAUTY,6.0,0
1005382,2014-07-20,19,BOOKS,0.0,0
2262383,2016-06-26,38,BEAUTY,11.0,1
959829,2014-06-24,4,MEATS,271.226,0
927702,2014-06-06,39,CELEBRATION,0.0,0
845846,2014-04-21,41,MAGAZINES,0.0,0
1073429,2014-08-27,28,BREAD/BAKERY,464.0,0
1221566,2014-11-18,34,BREAD/BAKERY,599.0,0
2126460,2016-04-11,24,CELEBRATION,11.0,0
2420750,2016-09-23,31,BEAUTY,1.0,0
2761206,2017-04-03,33,PRODUCE,1085.37,0
2817216,2017-05-04,6,CELEBRATION,12.0,0
2221511,2016-06-03,40,HOME APPLIANCES,0.0,0
608304,2013-12-08,27,HOME AND KITCHEN I,0.0,0
668332,2014-01-12,11,HOME AND KITCHEN II,19.0,0
1675416,2015-08-01,19,CELEBRATION,8.0,0
1688923,2015-08-08,47,HOME AND KITCHEN II,42.0,0
2639237,2017-01-25,11,PREPARED FOODS,105.39,10
1035322,2014-08-05,9,GROCERY II,4.0,0
1773140,2015-09-25,10,HOME APPLIANCES,0.0,0
1215208,2014-11-14,6,HOME AND KITCHEN II,4.0,0
1446410,2015-03-25,42,LAWN AND GARDEN,0.0,0
11023,2013-01-07,19,BABY CARE,0.0,0
309817,2013-06-23,51,GROCERY II,35.0,0
709964,2014-02-04,3,BEAUTY,12.0,0
1627031,2015-07-05,10,SEAFOOD,8.0,0
553154,2013-11-07,3,DAIRY,1247.0,0
2443404,2016-10-06,17,HOME CARE,286.0,12
1399934,2015-02-27,39,DAIRY,385.0,1
1956330,2016-01-06,5,MEATS,280.662,1
2209282,2016-05-27,47,SCHOOL AND OFFICE SUPPLIES,7.0,0
1343455,2015-01-26,53,PERSONAL CARE,123.0,1
359421,2013-07-21,43,HOME CARE,0.0,0
856560,2014-04-27,42,GROCERY I,0.0,0
1075705,2014-08-28,41,BOOKS,0.0,0
2718519,2017-03-10,36,GROCERY I,3269.188,29
1972824,2016-01-16,13,HOME CARE,240.0,0
1386127,2015-02-19,50,POULTRY,462.005,1
9687,2013-01-06,30,HOME CARE,0.0,0
1567303,2015-06-01,35,BABY CARE,0.0,0
1751984,2015-09-13,17,HARDWARE,2.0,0
2026898,2016-02-15,30,BREAD/BAKERY,144.0,0
1056194,2014-08-17,43,PREPARED FOODS,68.0,0
19686,2013-01-12,11,HOME CARE,0.0,0
2300805,2016-07-18,16,GROCERY I,2183.0,46
1078478,2014-08-30,2,BREAD/BAKERY,599.85,1
1228521,2014-11-22,29,PRODUCE,0.0,0
1649164,2015-07-17,31,"LIQUOR,WINE,BEER",13.0,0
205472,2013-04-26,24,HARDWARE,0.0,0
2796051,2017-04-23,11,PLAYERS AND ELECTRONICS,24.0,0
2508691,2016-11-11,48,SCHOOL AND OFFICE SUPPLIES,2.0,0
902329,2014-05-23,27,EGGS,128.0,0
365785,2013-07-25,22,GROCERY II,0.0,0
2097947,2016-03-26,24,BREAD/BAKERY,687.319,2
1273472,2014-12-17,40,BEAUTY,1.0,0
380875,2013-08-02,45,"LIQUOR,WINE,BEER",265.0,0
2502905,2016-11-08,36,LAWN AND GARDEN,26.0,1
2118580,2016-04-06,52,GROCERY II,0.0,0
204076,2013-04-25,35,BOOKS,0.0,0
2886037,2017-06-12,36,"LIQUOR,WINE,BEER",7.0,0
1393994,2015-02-24,22,DAIRY,0.0,0
1039957,2014-08-08,38,POULTRY,189.674,25
1509186,2015-04-29,53,PRODUCE,3.0,1
1442205,2015-03-23,25,CELEBRATION,0.0,0
2338943,2016-08-08,36,BEAUTY,3.0,0
1768252,2015-09-22,23,GROCERY II,15.0,0
867825,2014-05-03,9,MEATS,431.37698,0
1217690,2014-11-16,25,MAGAZINES,3.0,0
56554,2013-02-01,45,PERSONAL CARE,464.0,0
533655,2013-10-27,32,GROCERY I,1506.0,0
2324367,2016-07-31,27,GROCERY I,5696.0,46
2245142,2016-06-16,53,LAWN AND GARDEN,1.0,0
310508,2013-06-24,21,FROZEN FOODS,0.0,0
1943145,2015-12-30,30,CELEBRATION,2.0,0
805525,2014-03-30,10,POULTRY,351.167,0
2344445,2016-08-11,4,PET SUPPLIES,12.0,0
1961511,2016-01-09,45,MEATS,1565.703,1
1660249,2015-07-23,42,LADIESWEAR,0.0,0
92746,2013-02-22,11,HOME AND KITCHEN II,0.0,0
189110,2013-04-17,15,LAWN AND GARDEN,0.0,0
2849956,2017-05-23,24,EGGS,182.0,1
1508454,2015-04-29,33,MEATS,209.921,0
2708672,2017-03-05,1,SEAFOOD,14.918,0
406686,2013-08-17,2,PLAYERS AND ELECTRONICS,0.0,0
2052356,2016-02-29,44,LAWN AND GARDEN,5.0,0
1169269,2014-10-20,17,GROCERY II,9.0,0
2694254,2017-02-24,6,BEAUTY,3.0,0
825086,2014-04-10,1,LAWN AND GARDEN,2.0,0
2996017,2017-08-13,22,GROCERY II,3.0,2
1389700,2015-02-21,51,BOOKS,0.0,0
248512,2013-05-20,31,"LIQUOR,WINE,BEER",24.0,0
1579381,2015-06-08,24,BABY CARE,0.0,0
2452822,2016-10-11,30,SCHOOL AND OFFICE SUPPLIES,0.0,0
513804,2013-10-16,25,PLAYERS AND ELECTRONICS,0.0,0
1564586,2015-05-30,9,MAGAZINES,0.0,0
152646,2013-03-27,41,LINGERIE,13.0,0
342409,2013-07-12,17,BABY CARE,0.0,0
514608,2013-10-16,48,CELEBRATION,0.0,0
2573909,2016-12-18,29,DAIRY,1358.0,15
679714,2014-01-18,30,GROCERY II,1.0,0
1760692,2015-09-18,11,EGGS,101.0,1
2763153,2017-04-04,38,PRODUCE,1561.18,1
80784,2013-02-15,26,AUTOMOTIVE,1.0,0
1925226,2015-12-19,28,CELEBRATION,16.0,0
2270090,2016-06-30,53,LAWN AND GARDEN,1.0,0
43974,2013-01-25,42,HOME CARE,0.0,0
815197,2014-04-04,31,SCHOOL AND OFFICE SUPPLIES,0.0,0
1897230,2015-12-03,41,PLAYERS AND ELECTRONICS,6.0,0
887874,2014-05-15,21,DELI,0.0,0
2006053,2016-02-03,45,HOME AND KITCHEN II,89.0,1
2951431,2017-07-19,21,EGGS,289.0,2
1029917,2014-08-02,7,LAWN AND GARDEN,20.0,0
2167415,2016-05-04,23,DAIRY,496.0,1
2445864,2016-10-07,36,BEVERAGES,2242.0,9
401195,2013-08-14,16,HARDWARE,0.0,0
2499098,2016-11-06,3,DAIRY,3333.0,27
151863,2013-03-27,2,PRODUCE,0.0,0
2880973,2017-06-09,44,CLEANING,2351.0,24
905585,2014-05-25,18,SEAFOOD,2.622,0
2648950,2017-01-30,34,CLEANING,820.0,17
2259904,2016-06-25,18,SCHOOL AND OFFICE SUPPLIES,1.0,0
760315,2014-03-04,41,POULTRY,151.429,0
420395,2013-08-24,54,DAIRY,52.0,0
281950,2013-06-08,2,SCHOOL AND OFFICE SUPPLIES,0.0,0
2178645,2016-05-10,38,HOME CARE,250.0,0
635619,2013-12-23,43,CELEBRATION,0.0,0
1307187,2015-01-06,36,MEATS,186.234,0
2534854,2016-11-26,32,PERSONAL CARE,96.0,2
2019630,2016-02-11,26,PRODUCE,591.43,0
2515314,2016-11-15,34,LINGERIE,2.0,0
2847125,2017-05-21,44,HOME APPLIANCES,4.0,0
2596064,2016-12-31,5,LAWN AND GARDEN,10.0,0
1426590,2015-03-14,37,AUTOMOTIVE,4.0,0
1112526,2014-09-18,24,PRODUCE,2349.703,0
2211253,2016-05-28,52,"LIQUOR,WINE,BEER",0.0,0
2876097,2017-06-06,8,HOME AND KITCHEN I,61.0,2
225437,2013-05-07,34,HARDWARE,3.0,0
2050906,2016-02-28,53,"LIQUOR,WINE,BEER",0.0,0
1613001,2015-06-27,17,PLAYERS AND ELECTRONICS,8.0,0
1017,2013-01-01,37,PLAYERS AND ELECTRONICS,0.0,0
1033507,2014-08-04,8,GROCERY II,30.0,0
2739644,2017-03-22,29,HOME APPLIANCES,0.0,0
2901555,2017-06-21,21,PRODUCE,1064.625,2
1515795,2015-05-03,4,CELEBRATION,0.0,0
849736,2014-04-23,50,LADIESWEAR,0.0,0
217273,2013-05-02,6,BABY CARE,0.0,0
846750,2014-04-22,18,BEVERAGES,971.0,0
2873726,2017-06-05,40,LAWN AND GARDEN,0.0,0
2849870,2017-05-23,21,MAGAZINES,3.0,0
1469874,2015-04-07,50,LINGERIE,0.0,0
91796,2013-02-21,34,MAGAZINES,0.0,0
984631,2014-07-08,36,EGGS,100.0,0
363875,2013-07-24,19,HOME APPLIANCES,1.0,0
1728290,2015-08-30,51,HARDWARE,1.0,0
2935639,2017-07-10,28,PERSONAL CARE,245.0,9
2421523,2016-09-23,52,HOME AND KITCHEN II,0.0,0
1637689,2015-07-11,1,SCHOOL AND OFFICE SUPPLIES,1.0,0
2567156,2016-12-14,39,LAWN AND GARDEN,7.0,0
1088529,2014-09-04,50,MEATS,580.592,0
1544726,2015-05-19,50,PREPARED FOODS,70.232,0
2261354,2016-06-25,9,PREPARED FOODS,136.918,0
1266676,2014-12-13,5,BOOKS,0.0,0
1821102,2015-10-21,6,PRODUCE,3656.502,186
121481,2013-03-10,18,DAIRY,334.0,0
2931930,2017-07-08,24,GROCERY I,4500.0,54
1467011,2015-04-06,20,PREPARED FOODS,38.22,0
1739198,2015-09-05,8,SEAFOOD,89.28,0
35026,2013-01-20,41,GROCERY II,26.0,0
1593103,2015-06-15,9,POULTRY,566.069,0
1955311,2016-01-06,21,POULTRY,188.572,0
331475,2013-07-06,1,MAGAZINES,0.0,0
1365139,2015-02-08,12,POULTRY,241.177,0
1325806,2015-01-16,9,SCHOOL AND OFFICE SUPPLIES,0.0,0
2301088,2016-07-18,23,SCHOOL AND OFFICE SUPPLIES,1.0,0
2519403,2016-11-17,49,HOME CARE,350.0,11
795901,2014-03-24,40,CLEANING,1318.0,0
1703341,2015-08-16,51,GROCERY II,45.0,0
347270,2013-07-14,52,FROZEN FOODS,0.0,0
1200438,2014-11-06,40,PRODUCE,1061.896,2
2181658,2016-05-12,22,POULTRY,103.93,0
54524,2013-01-31,39,DAIRY,146.0,0
1046818,2014-08-12,30,PERSONAL CARE,63.0,0
2155188,2016-04-27,3,MEATS,651.364,1
1192177,2014-11-02,1,LADIESWEAR,3.0,0
457304,2013-09-14,4,MAGAZINES,0.0,0
1535291,2015-05-14,36,SEAFOOD,1.0,1
2552857,2016-12-06,38,EGGS,81.0,0
1870317,2015-11-18,37,DELI,136.499,1
1792206,2015-10-05,45,DELI,625.358,0
81666,2013-02-15,5,MEATS,340.484,0
2940932,2017-07-13,27,BREAD/BAKERY,498.744,0
2081568,2016-03-17,14,PLAYERS AND ELECTRONICS,6.0,0
1231828,2014-11-24,22,BOOKS,0.0,0
1978826,2016-01-19,31,HARDWARE,0.0,0
214895,2013-05-01,38,SEAFOOD,34.686,0
1328113,2015-01-18,23,POULTRY,326.275,0
2020785,2016-02-11,9,PRODUCE,1316.942,0
2232888,2016-06-10,10,DELI,195.0,0
1102223,2014-09-12,35,MAGAZINES,0.0,0
2649028,2017-01-30,36,LADIESWEAR,0.0,0
247393,2013-05-19,5,PERSONAL CARE,331.0,0
1514098,2015-05-02,41,PERSONAL CARE,431.0,0
642049,2013-12-28,24,BABY CARE,0.0,0
2272710,2016-07-02,28,AUTOMOTIVE,15.0,0
1723802,2015-08-28,26,HARDWARE,0.0,0
1657754,2015-07-22,22,SEAFOOD,0.0,0
63964,2013-02-05,53,EGGS,0.0,0
1033822,2014-08-05,16,SCHOOL AND OFFICE SUPPLIES,0.0,0
1298116,2015-01-01,31,POULTRY,0.0,0
951437,2014-06-19,54,HARDWARE,0.0,0
1532187,2015-05-12,49,PRODUCE,1.0,0
2823530,2017-05-08,32,HOME APPLIANCES,0.0,0
190968,2013-04-18,17,PRODUCE,0.0,0
1856466,2015-11-10,48,HOME CARE,366.0,0
1019711,2014-07-28,20,FROZEN FOODS,0.0,0
2154814,2016-04-27,2,GROCERY II,16.0,0
2671987,2017-02-12,30,EGGS,131.0,0
2067997,2016-03-09,33,LADIESWEAR,0.0,0
88949,2013-02-19,54,HARDWARE,1.0,0
2407195,2016-09-15,50,EGGS,81.0,0
2275898,2016-07-04,17,LAWN AND GARDEN,0.0,0
1064369,2014-08-22,23,LAWN AND GARDEN,0.0,0
162238,2013-04-02,11,EGGS,79.0,0
2184165,2016-05-13,42,PLAYERS AND ELECTRONICS,17.0,0
2552444,2016-12-06,26,PET SUPPLIES,0.0,0
376038,2013-07-31,10,BEVERAGES,548.0,0
707599,2014-02-03,13,GROCERY II,0.0,0
2336327,2016-08-07,12,PET SUPPLIES,1.0,0
213514,2013-04-30,5,BOOKS,0.0,0
870392,2014-05-05,30,HOME APPLIANCES,2.0,0
1591806,2015-06-15,22,HOME CARE,0.0,0
2272461,2016-07-02,20,HOME AND KITCHEN I,42.0,0
1138798,2014-10-03,12,BABY CARE,0.0,0
1825200,2015-10-24,21,BEVERAGES,2242.0,2
1100806,2014-09-11,45,PERSONAL CARE,343.0,1
1032889,2014-08-04,4,"LIQUOR,WINE,BEER",29.0,0
1944876,2015-12-31,29,LINGERIE,15.0,0
989676,2014-07-11,28,CELEBRATION,17.0,0
2432198,2016-09-29,51,SEAFOOD,29.31,0
536168,2013-10-28,52,HOME APPLIANCES,0.0,0
1246130,2014-12-02,23,HOME APPLIANCES,0.0,0
1402476,2015-03-01,10,DELI,403.0,0
2715644,2017-03-08,6,DAIRY,1001.0,39
897379,2014-05-20,38,EGGS,99.0,1
689108,2014-01-23,44,BEAUTY,5.0,0
2935578,2017-07-10,26,PRODUCE,462.491,9
1376357,2015-02-14,27,PET SUPPLIES,0.0,0
2561621,2016-12-11,33,PREPARED FOODS,52.0,1
529376,2013-10-25,12,MAGAZINES,0.0,0
346607,2013-07-14,34,DAIRY,215.0,0
1440161,2015-03-22,18,DAIRY,780.0,1
2682799,2017-02-18,33,SCHOOL AND OFFICE SUPPLIES,0.0,0
2755076,2017-03-31,12,BREAD/BAKERY,117.0,2
2835509,2017-05-15,19,HOME APPLIANCES,0.0,0
1375869,2015-02-14,14,AUTOMOTIVE,15.0,0
1949979,2016-01-03,22,DELI,225.0,0
18227,2013-01-11,20,FROZEN FOODS,0.0,0
2095849,2016-03-25,15,LADIESWEAR,12.0,0
2051069,2016-02-28,9,LAWN AND GARDEN,7.0,0
1760789,2015-09-18,14,DAIRY,244.0,0
2373921,2016-08-28,18,AUTOMOTIVE,0.0,0
2785800,2017-04-17,24,CELEBRATION,11.0,0
2801841,2017-04-26,24,DELI,306.751,5
2967687,2017-07-28,27,PRODUCE,2278.518,14
770629,2014-03-10,31,GROCERY II,2.0,0
1711039,2015-08-21,18,"LIQUOR,WINE,BEER",123.0,0
2922190,2017-07-02,50,CLEANING,3430.0,48
986328,2014-07-09,33,MEATS,206.40399,1
2368013,2016-08-24,50,SEAFOOD,22.202,2
2816199,2017-05-04,27,GROCERY I,3003.0,52
1282538,2014-12-22,44,PET SUPPLIES,33.0,0
1954216,2016-01-05,40,"LIQUOR,WINE,BEER",41.0,0
2606913,2017-01-06,54,GROCERY I,2374.0,44
2300275,2016-07-17,50,EGGS,148.0,1
72864,2013-02-10,53,AUTOMOTIVE,0.0,0
1296590,2014-12-31,39,LAWN AND GARDEN,14.0,0
29674,2013-01-17,41,CLEANING,479.0,0
569038,2013-11-16,25,LADIESWEAR,0.0,0
2229738,2016-06-08,21,PLAYERS AND ELECTRONICS,1.0,0
105758,2013-03-01,26,PET SUPPLIES,0.0,0
659332,2014-01-06,9,PERSONAL CARE,358.0,0
323171,2013-07-01,27,BEAUTY,2.0,0
957735,2014-06-23,31,DELI,231.172,0
2885079,2017-06-12,1,LINGERIE,3.0,0
2883693,2017-06-11,20,LINGERIE,9.0,0
2083351,2016-03-18,14,POULTRY,54.55,11
1586176,2015-06-12,14,SCHOOL AND OFFICE SUPPLIES,0.0,0
690066,2014-01-24,21,BEVERAGES,0.0,0
1658137,2015-07-22,33,LADIESWEAR,0.0,0
2024186,2016-02-13,53,SEAFOOD,1.0,0
1622507,2015-07-02,33,PREPARED FOODS,27.0,0
416051,2013-08-22,32,LAWN AND GARDEN,0.0,0
1480244,2015-04-13,41,PREPARED FOODS,34.24,0
1391108,2015-02-22,40,PET SUPPLIES,0.0,0
362402,2013-07-23,27,PREPARED FOODS,67.914,0
222445,2013-05-05,5,PERSONAL CARE,434.0,0
1040090,2014-08-08,41,PREPARED FOODS,47.867,1
1637801,2015-07-11,13,FROZEN FOODS,39.0,13
2893107,2017-06-16,34,PRODUCE,695.208,2
746902,2014-02-25,16,GROCERY II,4.0,0
2690613,2017-02-22,52,MEATS,0.0,0
2326285,2016-08-01,30,HOME AND KITCHEN II,2.0,0
1683945,2015-08-05,8,LINGERIE,24.0,0
1063399,2014-08-21,46,CLEANING,1548.0,3
547335,2013-11-04,16,PRODUCE,0.0,0
1629798,2015-07-06,38,PLAYERS AND ELECTRONICS,6.0,0
2096876,2016-03-25,43,MAGAZINES,1.0,0
161030,2013-04-01,27,MAGAZINES,0.0,0
1280269,2014-12-21,31,BABY CARE,0.0,0
2131617,2016-04-14,19,HOME AND KITCHEN I,16.0,0
532724,2013-10-26,7,BREAD/BAKERY,441.44,0
117271,2013-03-07,49,"LIQUOR,WINE,BEER",99.0,0
602667,2013-12-05,19,LINGERIE,4.0,0
2582591,2016-12-23,22,FROZEN FOODS,1146.885,2
293254,2013-06-14,37,HOME AND KITCHEN II,0.0,0
2679315,2017-02-16,36,GROCERY I,3614.759,60
416292,2013-08-22,39,PRODUCE,0.0,0
1038509,2014-08-07,47,SEAFOOD,50.428,0
2668783,2017-02-10,40,CLEANING,1324.0,29
2846541,2017-05-21,28,PLAYERS AND ELECTRONICS,5.0,0
2754635,2017-03-30,49,PET SUPPLIES,13.0,0
2099877,2016-03-27,28,LINGERIE,2.0,0
1791049,2015-10-05,13,CLEANING,964.0,4
1081456,2014-08-31,52,GROCERY II,0.0,0
1378952,2015-02-15,5,HARDWARE,2.0,0
328593,2013-07-04,29,GROCERY I,0.0,0
1659768,2015-07-23,3,AUTOMOTIVE,4.0,0
375864,2013-07-30,54,PLAYERS AND ELECTRONICS,0.0,0
25600,2013-01-15,27,PERSONAL CARE,125.0,0
2543153,2016-12-01,16,DAIRY,226.0,15
1004427,2014-07-19,41,CELEBRATION,10.0,0
311406,2013-06-24,46,HOME CARE,0.0,0
146363,2013-03-24,16,DAIRY,149.0,0
983894,2014-07-08,15,SEAFOOD,0.0,0
993443,2014-07-13,33,FROZEN FOODS,41.0,0
935480,2014-06-10,7,PREPARED FOODS,173.368,0
926970,2014-06-06,19,AUTOMOTIVE,9.0,0
44530,2013-01-25,9,GROCERY II,6.0,0
2632466,2017-01-21,21,MAGAZINES,5.0,0
2288937,2016-07-11,32,MEATS,69.43,0
2564298,2016-12-13,1,AUTOMOTIVE,4.0,0
2049415,2016-02-28,12,HOME AND KITCHEN II,18.0,0
2574747,2016-12-18,51,LINGERIE,6.0,0
1472441,2015-04-09,23,HARDWARE,0.0,0
1972477,2016-01-15,53,BABY CARE,0.0,0
2925452,2017-07-04,42,BEAUTY,9.0,1
2196939,2016-05-20,50,PRODUCE,2118.531,0
1578631,2015-06-07,52,EGGS,0.0,0
742511,2014-02-22,42,FROZEN FOODS,0.0,0
1549702,2015-05-22,40,"LIQUOR,WINE,BEER",147.0,0
1515471,2015-05-03,30,GROCERY I,1705.0,5
266245,2013-05-30,3,BABY CARE,0.0,0
379962,2013-08-02,20,AUTOMOTIVE,0.0,0
2503391,2016-11-08,5,FROZEN FOODS,111.321,7
2162427,2016-05-01,33,BEVERAGES,2698.0,25
2860285,2017-05-29,14,EGGS,35.0,11
426387,2013-08-28,22,PLAYERS AND ELECTRONICS,0.0,0
1828716,2015-10-26,2,LINGERIE,7.0,1
1432078,2015-03-17,40,EGGS,160.0,1
2899432,2017-06-20,12,LADIESWEAR,10.0,0
48674,2013-01-28,24,SEAFOOD,39.899,0
277917,2013-06-05,7,MEATS,524.881,0
577132,2013-11-20,51,POULTRY,844.378,0
1455676,2015-03-30,52,GROCERY II,0.0,0
375152,2013-07-30,35,DAIRY,43.0,0
2590141,2016-12-28,34,BOOKS,0.0,0
2527828,2016-11-22,35,POULTRY,20.337,0
1141503,2014-10-04,38,AUTOMOTIVE,19.0,0
319529,2013-06-29,24,MAGAZINES,0.0,0
293950,2013-06-14,7,LADIESWEAR,0.0,0
1478106,2015-04-12,32,BEVERAGES,259.0,1
2798512,2017-04-24,30,GROCERY II,1.0,0
1086248,2014-09-03,37,LAWN AND GARDEN,11.0,2
403350,2013-08-15,26,MEATS,449.61398,0
1606725,2015-06-23,40,LINGERIE,16.0,0
61561,2013-02-04,36,HOME AND KITCHEN II,0.0,0
492676,2013-10-04,32,LADIESWEAR,0.0,0
2372885,2016-08-27,38,LAWN AND GARDEN,1.0,0
2725555,2017-03-14,33,LADIESWEAR,0.0,0
76836,2013-02-13,15,GROCERY I,2452.0,0
1374617,2015-02-13,29,BEAUTY,0.0,0
409825,2013-08-18,8,SCHOOL AND OFFICE SUPPLIES,0.0,0
1836346,2015-10-30,33,POULTRY,294.229,15
468399,2013-09-20,50,PRODUCE,14.0,0
135560,2013-03-18,12,PREPARED FOODS,18.0,0
922237,2014-06-03,35,LADIESWEAR,0.0,0
2060267,2016-03-05,17,FROZEN FOODS,189.0,21
2157459,2016-04-28,43,HOME CARE,171.0,0
1884419,2015-11-26,32,LAWN AND GARDEN,0.0,0
2982144,2017-08-05,33,AUTOMOTIVE,3.0,0
1615837,2015-06-28,46,PERSONAL CARE,1412.0,1
282173,2013-06-08,26,MAGAZINES,0.0,0
1615473,2015-06-28,36,MEATS,203.869,1
1129992,2014-09-28,15,CELEBRATION,4.0,0
2819597,2017-05-06,22,FROZEN FOODS,174.4,19
1212170,2014-11-13,20,HARDWARE,0.0,0
2260702,2016-06-25,40,BOOKS,0.0,0
1463182,2015-04-04,13,POULTRY,356.3,0
2827618,2017-05-10,47,GROCERY II,68.0,0
453492,2013-09-12,33,CELEBRATION,0.0,0
2723295,2017-03-13,20,BEVERAGES,2825.0,14
2732148,2017-03-18,19,GROCERY I,5317.0,32
1285907,2014-12-24,39,PREPARED FOODS,45.0,0
1501628,2015-04-25,41,PREPARED FOODS,71.276,0
1861522,2015-11-13,4,PERSONAL CARE,168.0,0
430249,2013-08-30,30,POULTRY,71.432,0
69447,2013-02-08,8,HOME AND KITCHEN I,0.0,0
2680230,2017-02-17,12,BEVERAGES,1271.0,11
2152639,2016-04-25,9,HOME AND KITCHEN II,22.0,0
818274,2014-04-06,19,CELEBRATION,0.0,0
1485609,2015-04-16,42,HOME AND KITCHEN I,0.0,0
2454221,2016-10-12,20,FROZEN FOODS,69.0,5
319661,2013-06-29,28,MAGAZINES,0.0,0
1845817,2015-11-04,49,POULTRY,1190.71,0
446412,2013-09-08,34,LINGERIE,22.0,0
2574471,2016-12-18,44,DELI,1135.626,14
2362163,2016-08-21,37,MAGAZINES,9.0,0
2028491,2016-02-16,25,HARDWARE,0.0,0
2306173,2016-07-21,17,BABY CARE,0.0,0
2930171,2017-07-07,25,BEAUTY,3.0,0
943274,2014-06-15,26,BEAUTY,0.0,0
2446364,2016-10-07,5,DAIRY,538.0,12
2520102,2016-11-18,19,MEATS,129.672,0
2317942,2016-07-27,46,"LIQUOR,WINE,BEER",123.0,0
2347862,2016-08-13,36,FROZEN FOODS,331.647,18
2450639,2016-10-10,2,PET SUPPLIES,10.0,0
2814967,2017-05-03,42,BABY CARE,0.0,0
1484211,2015-04-15,53,BEVERAGES,586.0,1
122602,2013-03-10,49,CLEANING,1570.0,0
954365,2014-06-21,37,BREAD/BAKERY,524.28,0
788299,2014-03-20,27,POULTRY,242.23401,0
1996673,2016-01-29,32,DAIRY,140.0,0
340643,2013-07-11,17,HOME APPLIANCES,0.0,0
2146155,2016-04-22,27,AUTOMOTIVE,11.0,0
2110660,2016-04-02,30,GROCERY II,2.0,0
1576899,2015-06-06,53,PLAYERS AND ELECTRONICS,8.0,0
1603996,2015-06-22,14,SCHOOL AND OFFICE SUPPLIES,0.0,0
1339695,2015-01-24,48,PLAYERS AND ELECTRONICS,0.0,0
316359,2013-06-27,35,LINGERIE,1.0,0
105641,2013-03-01,23,DAIRY,275.0,0
1085881,2014-09-03,27,HOME AND KITCHEN II,7.0,0
1355771,2015-02-02,49,SEAFOOD,107.448,0
2537872,2016-11-28,18,CLEANING,0.0,0
729198,2014-02-15,19,PRODUCE,0.0,0
66637,2013-02-07,29,EGGS,0.0,0
1542223,2015-05-18,31,BABY CARE,0.0,0
36906,2013-01-21,44,GROCERY I,5932.0,0
1410806,2015-03-05,43,MAGAZINES,0.0,0
1930540,2015-12-22,27,CLEANING,987.0,6
2234358,2016-06-10,50,PLAYERS AND ELECTRONICS,14.0,0
1244032,2014-12-01,14,SCHOOL AND OFFICE SUPPLIES,0.0,0
1834909,2015-10-29,43,EGGS,80.0,0
2421993,2016-09-24,16,MEATS,60.895,0
929879,2014-06-07,5,BREAD/BAKERY,386.863,0
1751224,2015-09-12,45,GROCERY II,83.0,0
153823,2013-03-28,25,EGGS,359.0,0
1744192,2015-09-08,48,EGGS,96.0,0
2225388,2016-06-05,5,AUTOMOTIVE,10.0,0
233205,2013-05-11,51,PLAYERS AND ELECTRONICS,0.0,0
930542,2014-06-08,19,DAIRY,462.0,0
2677653,2017-02-15,4,AUTOMOTIVE,3.0,0
621301,2013-12-15,41,EGGS,145.0,0
444984,2013-09-07,44,GROCERY I,12121.0,0
2400465,2016-09-12,12,GROCERY I,2332.0,58
598845,2013-12-03,11,PLAYERS AND ELECTRONICS,0.0,0
524066,2013-10-22,13,PET SUPPLIES,0.0,0
759925,2014-03-04,31,BABY CARE,0.0,0
1077491,2014-08-29,41,DAIRY,393.0,1
2033719,2016-02-19,21,POULTRY,102.143,15
387987,2013-08-06,45,CELEBRATION,0.0,0
2485096,2016-10-29,36,SCHOOL AND OFFICE SUPPLIES,0.0,0
1508230,2015-04-29,27,SCHOOL AND OFFICE SUPPLIES,0.0,0
250223,2013-05-21,3,HOME APPLIANCES,1.0,0
618293,2013-12-13,8,BREAD/BAKERY,491.508,0
692506,2014-01-25,4,BABY CARE,0.0,0
2546126,2016-12-02,49,FROZEN FOODS,664.368,3
1459036,2015-04-01,47,CLEANING,2433.0,2
288943,2013-06-12,16,POULTRY,60.171,0
2102019,2016-03-28,38,HOME CARE,257.0,0
754690,2014-03-01,34,GROCERY II,18.0,0
514174,2013-10-16,36,BABY CARE,0.0,0
2172451,2016-05-07,14,POULTRY,186.298,0
2825272,2017-05-09,31,EGGS,286.0,0
2793866,2017-04-21,5,LAWN AND GARDEN,9.0,0
2362709,2016-08-21,52,DAIRY,0.0,0
2825137,2017-05-09,28,CLEANING,1206.0,33
1121407,2014-09-23,24,BABY CARE,0.0,0
929237,2014-06-07,31,MAGAZINES,0.0,0
2457387,2016-10-14,1,DELI,124.083,40
868898,2014-05-04,39,DAIRY,827.0,2
29392,2013-01-17,33,"LIQUOR,WINE,BEER",25.0,0
2572126,2016-12-17,29,CLEANING,1326.0,25
311871,2013-06-25,1,LINGERIE,17.0,0
335677,2013-07-08,28,BABY CARE,0.0,0
444768,2013-09-07,38,PLAYERS AND ELECTRONICS,0.0,0
1157176,2014-10-13,27,SCHOOL AND OFFICE SUPPLIES,0.0,0
358147,2013-07-20,8,SCHOOL AND OFFICE SUPPLIES,0.0,0
2457643,2016-10-14,17,BABY CARE,0.0,0
981368,2014-07-06,44,HARDWARE,4.0,0
548791,2013-11-04,8,BABY CARE,0.0,0
536307,2013-10-28,7,MEATS,490.28,0
2152930,2016-04-26,17,EGGS,224.0,0
1880466,2015-11-24,21,PLAYERS AND ELECTRONICS,8.0,0
1711520,2015-08-21,31,DAIRY,411.0,1
1985110,2016-01-22,8,POULTRY,858.563,39
1852594,2015-11-08,4,CLEANING,1394.0,1
526903,2013-10-23,42,PERSONAL CARE,0.0,0
1092518,2014-09-07,13,LAWN AND GARDEN,0.0,0
1737127,2015-09-04,5,CLEANING,1165.0,5
813057,2014-04-03,22,BEVERAGES,0.0,0
2542921,2016-12-01,1,CLEANING,818.0,6
2921451,2017-07-02,3,PLAYERS AND ELECTRONICS,45.0,0
1008634,2014-07-22,1,"LIQUOR,WINE,BEER",88.0,0
2226727,2016-06-06,37,LADIESWEAR,23.0,0
2255998,2016-06-22,9,LADIESWEAR,10.0,0
1970160,2016-01-14,38,PLAYERS AND ELECTRONICS,9.0,0
2782731,2017-04-15,38,CELEBRATION,32.0,0
712594,2014-02-05,52,PERSONAL CARE,0.0,0
837960,2014-04-17,20,MEATS,0.0,0
2467302,2016-10-19,37,MEATS,225.431,0
1551880,2015-05-23,51,"LIQUOR,WINE,BEER",370.0,0
2193053,2016-05-18,42,BREAD/BAKERY,523.07,16
2209805,2016-05-28,12,PET SUPPLIES,0.0,0
1875948,2015-11-21,44,PRODUCE,13043.329,0
542821,2013-11-01,4,BOOKS,0.0,0
1333737,2015-01-21,31,DELI,224.761,4
2482948,2016-10-28,26,POULTRY,202.062,0
55055,2013-01-31,53,FROZEN FOODS,0.0,0
2125645,2016-04-10,50,HOME AND KITCHEN II,53.0,2
465364,2013-09-19,16,SCHOOL AND OFFICE SUPPLIES,0.0,0
2818042,2017-05-05,29,CLEANING,1384.0,36
347350,2013-07-14,54,PERSONAL CARE,213.0,0
325071,2013-07-02,3,LINGERIE,34.0,0
878064,2014-05-09,46,AUTOMOTIVE,10.0,0
2315705,2016-07-26,33,PREPARED FOODS,35.0,1
2212110,2016-05-29,27,LINGERIE,8.0,0
1217173,2014-11-16,11,BABY CARE,0.0,0
838967,2014-04-17,49,DAIRY,1430.0,0
2186627,2016-05-15,12,HARDWARE,1.0,0
1901223,2015-12-05,53,PLAYERS AND ELECTRONICS,3.0,0
2892210,2017-06-16,1,MEATS,741.206,44
1283918,2014-12-23,33,LAWN AND GARDEN,5.0,1
2454717,2016-10-12,34,GROCERY I,2650.474,86
357995,2013-07-20,53,FROZEN FOODS,0.0,0
828835,2014-04-12,15,CLEANING,871.0,0
217262,2013-05-02,54,MAGAZINES,0.0,0
585476,2013-11-25,36,MAGAZINES,0.0,0
1403427,2015-03-01,37,BEVERAGES,1804.0,0
229013,2013-05-09,34,PET SUPPLIES,0.0,0
1207007,2014-11-10,25,SEAFOOD,2.0,0
1729186,2015-08-31,27,LADIESWEAR,5.0,0
2721827,2017-03-12,29,LAWN AND GARDEN,8.0,0
1336292,2015-01-22,52,MAGAZINES,0.0,0
1306921,2015-01-06,29,"LIQUOR,WINE,BEER",0.0,0
572449,2013-11-18,20,SCHOOL AND OFFICE SUPPLIES,0.0,0
1028332,2014-08-02,12,LADIESWEAR,0.0,0
421079,2013-08-25,23,SEAFOOD,28.636,0
2241005,2016-06-14,38,DAIRY,629.0,6
2061999,2016-03-06,15,PLAYERS AND ELECTRONICS,3.0,0
956684,2014-06-22,51,HARDWARE,0.0,0
414912,2013-08-21,50,BEVERAGES,990.0,0
589034,2013-11-27,36,HOME APPLIANCES,2.0,0
953843,2014-06-21,22,FROZEN FOODS,0.0,0
993003,2014-07-13,21,AUTOMOTIVE,0.0,0
1446605,2015-03-25,48,HOME APPLIANCES,0.0,0
2966994,2017-07-27,8,PRODUCE,3047.898,14
631240,2013-12-21,20,HOME AND KITCHEN II,0.0,0
2009250,2016-02-05,35,GROCERY I,1989.0,9
1570754,2015-06-03,31,LAWN AND GARDEN,0.0,0
1829973,2015-10-26,54,MEATS,53.989998,0
907410,2014-05-26,2,DELI,193.59,0
12865,2013-01-08,2,POULTRY,200.62599,0
2752042,2017-03-29,27,CLEANING,858.0,8
1431820,2015-03-17,33,HOME AND KITCHEN II,18.0,0
826130,2014-04-10,39,DAIRY,302.0,0
193284,2013-04-19,32,BEVERAGES,440.0,0
909551,2014-05-27,3,BREAD/BAKERY,885.365,0
2149041,2016-04-23,8,HOME AND KITCHEN I,29.0,0
1882604,2015-11-25,31,LAWN AND GARDEN,1.0,0
977580,2014-07-04,38,LINGERIE,18.0,0
685713,2014-01-21,49,CELEBRATION,21.0,0
828266,2014-04-11,48,SEAFOOD,46.4796,0
2785408,2017-04-17,13,EGGS,30.0,10
2715885,2017-03-09,12,HOME CARE,155.0,6
2175872,2016-05-09,10,HOME APPLIANCES,1.0,0
2359475,2016-08-20,12,DAIRY,339.0,1
2770438,2017-04-08,42,"LIQUOR,WINE,BEER",178.0,1
1943030,2015-12-30,27,MAGAZINES,2.0,0
2257236,2016-06-23,43,BEVERAGES,2170.0,5
145830,2013-03-23,50,BEVERAGES,1950.0,0
859572,2014-04-29,27,LINGERIE,2.0,0
463621,2013-09-18,18,BOOKS,0.0,0
262660,2013-05-28,29,GROCERY II,0.0,0
1029635,2014-08-02,49,BEAUTY,9.0,0
1654941,2015-07-20,43,MEATS,197.185,0
2747058,2017-03-26,37,CELEBRATION,6.0,0
1203089,2014-11-08,16,DAIRY,350.0,3
1361329,2015-02-05,6,GROCERY II,28.0,0
434937,2013-09-02,12,PRODUCE,0.0,0
2965769,2017-07-27,23,PET SUPPLIES,1.0,0
2377800,2016-08-30,26,HOME CARE,71.0,1
433346,2013-09-01,18,MAGAZINES,0.0,0
1505744,2015-04-27,8,LAWN AND GARDEN,3.0,0
393412,2013-08-09,47,LADIESWEAR,0.0,0
118717,2013-03-08,4,HOME AND KITCHEN II,0.0,0
2765397,2017-04-05,50,PRODUCE,2689.567,226
1845668,2015-11-04,45,FROZEN FOODS,299.952,1
907422,2014-05-26,2,LINGERIE,9.0,0
2019309,2016-02-11,18,CELEBRATION,5.0,0
1443362,2015-03-23,8,DAIRY,1253.0,0
2749851,2017-03-28,15,PLAYERS AND ELECTRONICS,6.0,0
2900402,2017-06-20,39,SEAFOOD,20.0,0
764304,2014-03-06,53,MEATS,0.0,0
1476228,2015-04-11,3,CELEBRATION,0.0,0
2630373,2017-01-20,13,DELI,221.0,40
666262,2014-01-10,52,PERSONAL CARE,0.0,0
80473,2013-02-15,17,LADIESWEAR,0.0,0
1961686,2016-01-09,50,BABY CARE,0.0,0
1470923,2015-04-08,30,HARDWARE,0.0,0
956906,2014-06-22,9,BREAD/BAKERY,778.0,0
877279,2014-05-09,24,CLEANING,0.0,0
927081,2014-06-06,21,GROCERY I,0.0,0
1774320,2015-09-25,43,DELI,266.0,50
2365177,2016-08-23,22,BABY CARE,0.0,0
1878764,2015-11-23,24,DAIRY,1237.0,1
646909,2013-12-31,10,EGGS,35.0,0
1511160,2015-05-01,1,MEATS,378.228,35
152266,2013-03-27,31,BOOKS,0.0,0
2107376,2016-03-31,38,PREPARED FOODS,95.309,0
1671829,2015-07-30,18,HOME AND KITCHEN II,9.0,0
527390,2013-10-23,7,HOME APPLIANCES,1.0,0
2846555,2017-05-21,29,DAIRY,1532.0,20
1508086,2015-04-29,23,LADIESWEAR,0.0,0
834864,2014-04-15,33,PRODUCE,0.0,0
1469995,2015-04-07,54,EGGS,78.0,0
90189,2013-02-20,4,AUTOMOTIVE,4.0,0
2244533,2016-06-16,37,BREAD/BAKERY,681.236,2
2085545,2016-03-19,26,FROZEN FOODS,78.938,0
494434,2013-10-05,31,POULTRY,121.062,0
1291739,2014-12-28,52,LAWN AND GARDEN,0.0,0
2505825,2016-11-10,19,BEVERAGES,2318.0,33
2696803,2017-02-26,27,EGGS,294.0,1
901878,2014-05-23,14,LINGERIE,4.0,0
2787430,2017-04-18,2,LADIESWEAR,20.0,0
51982,2013-01-30,18,CLEANING,456.0,0
700222,2014-01-29,6,POULTRY,488.303,0
377687,2013-07-31,7,BEAUTY,4.0,0
2532216,2016-11-24,9,PLAYERS AND ELECTRONICS,10.0,0
1140784,2014-10-04,18,CLEANING,1064.0,1
743996,2014-02-23,34,FROZEN FOODS,132.0,0
960644,2014-06-25,13,HARDWARE,1.0,0
1383638,2015-02-18,31,HARDWARE,1.0,0
2965770,2017-07-27,23,PLAYERS AND ELECTRONICS,6.0,0
2295651,2016-07-15,21,CELEBRATION,9.0,0
1356079,2015-02-02,9,EGGS,333.0,1
224265,2013-05-06,50,PRODUCE,1.0,0
268619,2013-05-31,45,SEAFOOD,99.287,0
1786206,2015-10-02,27,HOME AND KITCHEN I,15.0,0
1246861,2014-12-02,43,"LIQUOR,WINE,BEER",137.0,0
2306584,2016-07-21,28,HOME AND KITCHEN II,15.0,0
2277029,2016-07-04,48,PREPARED FOODS,103.88,0
2659105,2017-02-05,19,SCHOOL AND OFFICE SUPPLIES,0.0,0
2431957,2016-09-29,45,"LIQUOR,WINE,BEER",116.0,1
1464041,2015-04-04,37,PREPARED FOODS,169.132,0
1728370,2015-08-30,53,POULTRY,232.871,1
1635670,2015-07-09,52,PERSONAL CARE,0.0,0
2917761,2017-06-30,27,AUTOMOTIVE,2.0,0
1887602,2015-11-28,22,BEAUTY,2.0,0
1939312,2015-12-28,23,BABY CARE,0.0,0
1798691,2015-10-09,27,PET SUPPLIES,7.0,0
521844,2013-10-20,50,HOME AND KITCHEN I,0.0,0
897930,2014-05-20,53,AUTOMOTIVE,0.0,0
410799,2013-08-19,35,HOME AND KITCHEN I,0.0,0
272876,2013-06-03,15,SEAFOOD,4.0,0
2359999,2016-08-20,27,BOOKS,0.0,0
2737211,2017-03-21,10,PET SUPPLIES,0.0,0
1707436,2015-08-19,17,HOME AND KITCHEN II,19.0,0
2316612,2016-07-27,1,GROCERY I,2842.0,0
888505,2014-05-15,39,GROCERY II,16.0,0
2406025,2016-09-15,18,POULTRY,0.0,0
2225344,2016-06-05,48,"LIQUOR,WINE,BEER",61.0,1
966552,2014-06-28,29,HOME AND KITCHEN I,0.0,0
2037643,2016-02-21,31,PERSONAL CARE,451.0,1
2046333,2016-02-26,26,BEVERAGES,572.0,20
2462407,2016-10-16,5,GROCERY II,9.0,0
1174449,2014-10-23,12,GROCERY I,2041.0,0
2998459,2017-08-14,40,GROCERY II,8.0,0
1607341,2015-06-23,9,EGGS,314.0,0
1360174,2015-02-05,23,GROCERY II,11.0,0
1085153,2014-09-02,7,HARDWARE,1.0,0
895266,2014-05-19,29,DELI,0.0,0
2525904,2016-11-21,31,HOME CARE,271.0,6
1668333,2015-07-28,2,HOME CARE,244.0,0
2586863,2016-12-26,41,PET SUPPLIES,11.0,1
2213736,2016-05-30,22,PRODUCE,359.356,2
2514520,2016-11-15,12,LADIESWEAR,0.0,0
654147,2014-01-04,13,LINGERIE,9.0,0
2157203,2016-04-28,36,PET SUPPLIES,1.0,0
1133226,2014-09-29,6,CELEBRATION,7.0,0
72953,2013-02-10,6,MAGAZINES,0.0,0
2904608,2017-06-22,8,HARDWARE,2.0,0
615511,2013-12-12,29,POULTRY,0.0,0
622410,2013-12-16,22,PRODUCE,0.0,0
1249643,2014-12-04,21,SEAFOOD,0.0,0
1466027,2015-04-05,43,BEAUTY,3.0,0
2628874,2017-01-19,20,POULTRY,213.061,0
986117,2014-07-09,28,FROZEN FOODS,28.29,0
2543831,2016-12-01,34,PET SUPPLIES,2.0,0
2521320,2016-11-18,52,LINGERIE,0.0,0
2934672,2017-07-09,50,HOME AND KITCHEN I,86.0,7
2257398,2016-06-23,48,AUTOMOTIVE,12.0,1
1595071,2015-06-17,14,HOME AND KITCHEN II,17.0,0
708203,2014-02-03,3,MAGAZINES,0.0,0
2956620,2017-07-22,17,HOME CARE,332.0,11
897632,2014-05-20,44,SEAFOOD,100.3,0
1960909,2016-01-09,29,HOME AND KITCHEN II,19.0,0
1567945,2015-06-01,52,HOME AND KITCHEN II,0.0,0
224284,2013-05-06,51,HOME AND KITCHEN II,0.0,0
376554,2013-07-31,24,MEATS,528.655,0
1343233,2015-01-26,48,BABY CARE,0.0,0
167519,2013-04-05,1,FROZEN FOODS,170.0,0
131278,2013-03-15,42,BOOKS,0.0,0
904230,2014-05-24,3,PRODUCE,25.0,0
1348785,2015-01-29,53,DELI,101.615,0
98324,2013-02-25,18,HOME APPLIANCES,0.0,0
517939,2013-10-18,41,BOOKS,0.0,0
2538927,2016-11-28,47,CELEBRATION,23.0,0
2071308,2016-03-11,26,PRODUCE,599.206,0
921874,2014-06-03,25,LADIESWEAR,0.0,0
723697,2014-02-12,15,CLEANING,574.0,0
1476332,2015-04-11,32,FROZEN FOODS,11.0,0
1776554,2015-09-26,6,SEAFOOD,52.045,1
261409,2013-05-27,43,HOME AND KITCHEN II,0.0,0
718350,2014-02-09,15,CELEBRATION,0.0,0
226540,2013-05-08,15,POULTRY,54.035,0
2451819,2016-10-10,52,HOME CARE,0.0,0
1308498,2015-01-07,23,HOME AND KITCHEN I,6.0,0
724679,2014-02-12,41,SEAFOOD,2.0,0
2170012,2016-05-05,45,SCHOOL AND OFFICE SUPPLIES,6.0,0
1536744,2015-05-15,28,AUTOMOTIVE,4.0,0
481566,2013-09-28,20,PRODUCE,0.0,0
588084,2013-11-27,1,MEATS,337.598,0
289176,2013-06-12,22,PRODUCE,0.0,0
2435866,2016-10-01,6,BOOKS,0.0,0
2650112,2017-01-31,17,HARDWARE,0.0,0
375913,2013-07-30,7,EGGS,222.0,0
153696,2013-03-28,21,HOME AND KITCHEN I,0.0,0
1287981,2014-12-26,47,MEATS,1200.796,45
1772888,2015-09-24,52,PREPARED FOODS,0.0,0
656871,2014-01-05,4,CELEBRATION,11.0,0
2150936,2016-04-25,10,PREPARED FOODS,22.0,0
856120,2014-04-27,30,BABY CARE,0.0,0
423092,2013-08-26,3,SEAFOOD,96.91,0
1890464,2015-11-29,51,PET SUPPLIES,28.0,0
706204,2014-02-02,24,BOOKS,0.0,0
1787713,2015-10-03,2,BOOKS,0.0,0
144633,2013-03-23,17,PLAYERS AND ELECTRONICS,0.0,0
532982,2013-10-27,13,SEAFOOD,2.0,0
1181231,2014-10-26,51,PREPARED FOODS,265.056,0
1211748,2014-11-12,9,LINGERIE,3.0,0
1487036,2015-04-17,32,MAGAZINES,0.0,0
2776458,2017-04-12,12,BEVERAGES,2014.0,29
1941796,2015-12-29,42,EGGS,102.0,0
136398,2013-03-18,36,DELI,0.0,0
169235,2013-04-05,8,FROZEN FOODS,142.632,0
2475035,2016-10-23,54,BEAUTY,0.0,0
1777484,2015-09-27,32,BREAD/BAKERY,122.0,27
603483,2013-12-05,41,GROCERY I,2556.0,0
204787,2013-04-25,54,"LIQUOR,WINE,BEER",11.0,0
1802682,2015-10-11,39,MEATS,141.543,0
291911,2013-06-13,49,PET SUPPLIES,0.0,0
2205747,2016-05-25,48,PLAYERS AND ELECTRONICS,9.0,0
578863,2013-11-21,50,EGGS,62.0,0
2216089,2016-05-31,39,CLEANING,2117.0,17
1570531,2015-06-03,25,POULTRY,151.296,0
601320,2013-12-04,30,PLAYERS AND ELECTRONICS,0.0,0
1201543,2014-11-07,22,GROCERY II,0.0,0
538509,2013-10-30,19,HOME AND KITCHEN I,0.0,0
4137,2013-01-03,25,GROCERY I,1462.0,0
1603644,2015-06-21,54,DELI,319.0,0
2142839,2016-04-20,33,HOME APPLIANCES,0.0,0
1471448,2015-04-08,45,FROZEN FOODS,286.0,3
2200795,2016-05-23,1,PERSONAL CARE,153.0,2
379511,2013-08-01,8,FROZEN FOODS,152.808,0
371341,2013-07-28,28,PERSONAL CARE,379.0,0
2110445,2016-04-02,24,PREPARED FOODS,144.875,0
476390,2013-09-25,26,BEAUTY,1.0,0
218875,2013-05-03,5,LADIESWEAR,0.0,0
916198,2014-05-31,16,LADIESWEAR,0.0,0
407413,2013-08-17,4,POULTRY,302.793,0
789375,2014-03-20,8,HOME AND KITCHEN I,18.0,0
765053,2014-03-07,25,HARDWARE,2.0,0
1519753,2015-05-05,50,BOOKS,0.0,0
150672,2013-03-26,36,PLAYERS AND ELECTRONICS,0.0,0
2248030,2016-06-18,35,BOOKS,0.0,0
963308,2014-06-26,38,BREAD/BAKERY,383.182,0
158681,2013-03-31,11,HOME APPLIANCES,1.0,0
1628580,2015-07-05,53,PRODUCE,2054.317,0
1369371,2015-02-10,31,BEVERAGES,771.0,0
164114,2013-04-03,14,BREAD/BAKERY,223.0,0
2864155,2017-05-31,22,LADIESWEAR,5.0,0
2644304,2017-01-27,53,HARDWARE,2.0,0
1213797,2014-11-14,16,MEATS,98.982,0
1059105,2014-08-19,26,BEVERAGES,257.0,1
1843113,2015-11-03,23,PRODUCE,1543.261,0
487348,2013-10-01,33,BOOKS,0.0,0
1459767,2015-04-02,18,GROCERY I,2231.944,2
868288,2014-05-04,21,PERSONAL CARE,0.0,0
1006305,2014-07-20,44,BEVERAGES,12334.0,0
2593489,2016-12-30,28,LADIESWEAR,0.0,0
1601679,2015-06-20,49,MEATS,1090.478,3
1319567,2015-01-13,33,PREPARED FOODS,58.0,0
1345968,2015-01-28,24,PRODUCE,3.0,1
1169409,2014-10-20,20,LINGERIE,0.0,0
773842,2014-03-12,21,PERSONAL CARE,0.0,0
2901531,2017-06-21,21,CELEBRATION,5.0,0
155562,2013-03-29,24,AUTOMOTIVE,4.0,0
2770181,2017-04-08,35,PREPARED FOODS,6.0,0
902503,2014-05-23,31,LADIESWEAR,0.0,0
2541059,2016-11-29,7,PET SUPPLIES,11.0,1
2605888,2017-01-06,26,EGGS,31.0,13
1006170,2014-07-20,40,AUTOMOTIVE,4.0,0
48659,2013-01-28,24,HOME APPLIANCES,0.0,0
1756343,2015-09-15,39,HOME APPLIANCES,1.0,0
685859,2014-01-21,52,LAWN AND GARDEN,0.0,0
2471489,2016-10-21,54,LAWN AND GARDEN,0.0,0
504673,2013-10-11,2,BOOKS,0.0,0
1651005,2015-07-18,33,HOME AND KITCHEN I,61.0,0
239386,2013-05-15,26,BOOKS,0.0,0
1216228,2014-11-15,34,GROCERY II,4.0,0
1475702,2015-04-11,15,DAIRY,302.0,0
2048110,2016-02-27,25,SCHOOL AND OFFICE SUPPLIES,0.0,0
1240522,2014-11-29,16,LADIESWEAR,0.0,0
1041555,2014-08-09,33,DELI,307.0,0
2843898,2017-05-19,53,MEATS,462.09,41
27219,2013-01-16,22,PLAYERS AND ELECTRONICS,0.0,0
614888,2013-12-12,11,SEAFOOD,5.0,0
2462535,2016-10-16,53,DELI,385.1,1
1029706,2014-08-02,50,CLEANING,2281.0,6
753988,2014-03-01,15,BOOKS,0.0,0
398691,2013-08-12,45,HOME CARE,0.0,0
2844123,2017-05-20,10,HOME CARE,222.0,13
726874,2014-02-13,53,HOME AND KITCHEN II,0.0,0
139237,2013-03-20,16,EGGS,73.0,0
2770306,2017-04-08,39,"LIQUOR,WINE,BEER",132.0,0
2201500,2016-05-23,3,BOOKS,0.0,0
420910,2013-08-25,19,POULTRY,59.947002,0
2529802,2016-11-23,40,"LIQUOR,WINE,BEER",67.0,2
492205,2013-10-04,2,EGGS,181.0,0
2142657,2016-04-20,29,AUTOMOTIVE,2.0,0
1789014,2015-10-03,6,HOME CARE,511.0,0
805232,2014-03-29,51,SEAFOOD,84.706,0
485460,2013-09-30,3,PRODUCE,2.0,0
2310153,2016-07-23,28,LINGERIE,12.0,0
911589,2014-05-28,36,PRODUCE,0.0,0
1809192,2015-10-15,22,AUTOMOTIVE,11.0,0
2076170,2016-03-14,13,DAIRY,301.0,0
436654,2013-09-03,10,SCHOOL AND OFFICE SUPPLIES,0.0,0
463280,2013-09-17,8,PET SUPPLIES,0.0,0
2804951,2017-04-28,11,HOME APPLIANCES,0.0,0
2964039,2017-07-26,25,GROCERY I,1612.0,65
2430980,2016-09-29,19,BEAUTY,0.0,0
706848,2014-02-02,41,LINGERIE,17.0,0
786427,2014-03-19,25,BOOKS,0.0,0
2326084,2016-08-01,25,GROCERY II,15.0,0
2225061,2016-06-05,40,BEVERAGES,3747.0,5
992240,2014-07-12,49,PREPARED FOODS,344.923,0
632484,2013-12-21,6,CELEBRATION,0.0,0
2735726,2017-03-20,19,PET SUPPLIES,3.0,1
1236397,2014-11-26,5,LADIESWEAR,2.0,0
241642,2013-05-16,39,HOME AND KITCHEN II,0.0,0
2308533,2016-07-22,32,HOME CARE,89.0,4
2954472,2017-07-20,7,HOME AND KITCHEN I,27.0,6
784905,2014-03-18,32,AUTOMOTIVE,1.0,0
966594,2014-06-28,3,MEATS,881.911,0
56904,2013-02-01,6,GROCERY I,3731.0,0
2278841,2016-07-05,49,PET SUPPLIES,18.0,1
1624383,2015-07-03,36,MEATS,171.074,0
2105610,2016-03-30,39,GROCERY I,3187.203,3
1694640,2015-08-11,8,MEATS,426.097,3
358087,2013-07-20,7,BOOKS,0.0,0
287652,2013-06-11,3,MEATS,602.235,0
1546885,2015-05-21,12,EGGS,0.0,0
104230,2013-02-28,33,HOME AND KITCHEN II,0.0,0
2194137,2016-05-19,23,AUTOMOTIVE,2.0,0
1367886,2015-02-09,4,BEVERAGES,756.0,1
2691970,2017-02-23,40,POULTRY,149.81999,0
542472,2013-11-01,3,HOME CARE,0.0,0
2244873,2016-06-16,46,HOME AND KITCHEN I,21.0,0
1071861,2014-08-26,33,LINGERIE,5.0,0
1199753,2014-11-06,22,BREAD/BAKERY,0.0,0
389518,2013-08-07,38,LADIESWEAR,0.0,0
2279351,2016-07-06,14,DAIRY,482.0,99
2627205,2017-01-18,24,DELI,271.757,10
1683788,2015-08-05,52,PREPARED FOODS,0.0,0
5891,2013-01-04,24,HOME APPLIANCES,0.0,0
1163899,2014-10-17,16,"LIQUOR,WINE,BEER",21.0,0
122941,2013-03-10,9,HOME AND KITCHEN II,0.0,0
110815,2013-03-04,19,BABY CARE,0.0,0
1287518,2014-12-26,34,MAGAZINES,0.0,0
1753751,2015-09-14,16,SEAFOOD,2.0,0
1489873,2015-04-19,12,"LIQUOR,WINE,BEER",0.0,0
910782,2014-05-28,14,HOME AND KITCHEN I,0.0,0
1730024,2015-08-31,5,SEAFOOD,13.292,0
1425941,2015-03-14,19,FROZEN FOODS,60.094,0
1682034,2015-08-04,53,MEATS,193.906,5
1934992,2015-12-24,51,BOOKS,0.0,0
2118141,2016-04-06,40,BEVERAGES,3409.0,26
612712,2013-12-10,50,BABY CARE,0.0,0
2999834,2017-08-15,3,BEAUTY,13.0,1
1819292,2015-10-20,6,BEAUTY,5.0,0
2995892,2017-08-13,19,LAWN AND GARDEN,0.0,0
603768,2013-12-05,5,AUTOMOTIVE,7.0,0
2945781,2017-07-16,13,BEVERAGES,1565.0,30
2797916,2017-04-24,14,FROZEN FOODS,44.0,3
2786593,2017-04-17,46,CLEANING,1777.0,20
583870,2013-11-24,41,BABY CARE,0.0,0
1255521,2014-12-07,37,BEVERAGES,3829.0,4
2723564,2017-03-13,28,DAIRY,783.0,28
2801963,2017-04-26,27,SEAFOOD,16.598,0
2783172,2017-04-15,5,HOME CARE,196.0,9
1888256,2015-11-28,4,PREPARED FOODS,91.757996,0
1846760,2015-11-05,26,HARDWARE,0.0,0
2665475,2017-02-08,47,SEAFOOD,75.115,1
2691846,2017-02-23,38,BEVERAGES,1845.0,12
2590785,2016-12-28,51,LINGERIE,2.0,0
212269,2013-04-30,15,GROCERY II,9.0,0
2482168,2016-10-27,54,CLEANING,912.0,31
504064,2013-10-10,51,"LIQUOR,WINE,BEER",211.0,0
1312380,2015-01-09,32,BEVERAGES,229.0,1
1249609,2014-12-04,20,SCHOOL AND OFFICE SUPPLIES,0.0,0
1134240,2014-09-30,33,PRODUCE,1930.975,50
1712399,2015-08-21,6,PREPARED FOODS,136.175,1
1065146,2014-08-22,45,BREAD/BAKERY,965.63,1
669450,2014-01-12,42,GROCERY I,0.0,0
306522,2013-06-22,1,HOME CARE,0.0,0
1825350,2015-10-24,25,LINGERIE,9.0,0
1779618,2015-09-28,41,PLAYERS AND ELECTRONICS,6.0,0
1497965,2015-04-23,39,PREPARED FOODS,55.614998,1
207717,2013-04-27,37,HOME AND KITCHEN I,0.0,0
170331,2013-04-06,38,HOME CARE,0.0,0
2865671,2017-06-01,15,HOME APPLIANCES,0.0,0
1497230,2015-04-23,19,LAWN AND GARDEN,0.0,0
2598369,2017-01-02,15,HOME AND KITCHEN I,23.0,6
91934,2013-02-21,38,PREPARED FOODS,97.0,0
771839,2014-03-11,16,BEAUTY,3.0,0
2249033,2016-06-19,13,HOME APPLIANCES,0.0,0
493672,2013-10-05,10,PERSONAL CARE,251.0,0
1534,2013-01-01,51,HOME AND KITCHEN II,0.0,0
255086,2013-05-24,16,PREPARED FOODS,54.0,0
1923953,2015-12-18,41,LAWN AND GARDEN,8.0,0
912599,2014-05-29,15,HOME APPLIANCES,0.0,0
120251,2013-03-09,32,SEAFOOD,4.0,0
313042,2013-06-25,42,BOOKS,0.0,0
1348661,2015-01-29,5,HOME APPLIANCES,0.0,0
1110243,2014-09-17,10,MEATS,206.741,0
2176076,2016-05-09,16,MAGAZINES,0.0,0
2308953,2016-07-22,44,DELI,566.094,71
171924,2013-04-07,32,PLAYERS AND ELECTRONICS,0.0,0
2574926,2016-12-18,8,BEAUTY,16.0,1
444931,2013-09-07,42,PERSONAL CARE,0.0,0
2345625,2016-08-12,23,HOME CARE,84.0,4
2325907,2016-08-01,20,BABY CARE,6.0,0
900951,2014-05-22,38,HOME CARE,0.0,0
1439831,2015-03-21,9,DAIRY,960.0,1
1348436,2015-01-29,43,MAGAZINES,0.0,0
1599974,2015-06-19,51,BEAUTY,1.0,0
2528332,2016-11-22,5,BOOKS,0.0,0
1794857,2015-10-07,2,LAWN AND GARDEN,4.0,1
1284059,2014-12-23,37,PREPARED FOODS,164.781,0
1895006,2015-12-02,3,HARDWARE,7.0,0
1049849,2014-08-14,16,LAWN AND GARDEN,0.0,0
1283597,2014-12-23,24,PREPARED FOODS,160.829,0
1536382,2015-05-15,18,BABY CARE,0.0,0
260361,2013-05-27,14,MEATS,508.655,0
1557903,2015-05-27,21,CELEBRATION,0.0,0
1478418,2015-04-12,40,HOME CARE,0.0,0
1366604,2015-02-08,53,DAIRY,502.0,2
2574894,2016-12-18,7,BEVERAGES,4924.0,73
2424714,2016-09-25,42,CELEBRATION,31.0,0
278321,2013-06-06,18,SEAFOOD,16.439,0
46987,2013-01-27,27,POULTRY,345.074,0
2497756,2016-11-05,41,LADIESWEAR,12.0,0
950272,2014-06-19,22,BOOKS,0.0,0
2091365,2016-03-22,39,MAGAZINES,3.0,0
832388,2014-04-14,14,PREPARED FOODS,36.0,0
2513770,2016-11-14,40,POULTRY,100.652,0
2263125,2016-06-26,9,HOME CARE,575.0,7
2287135,2016-07-10,32,BOOKS,0.0,0
1002390,2014-07-18,34,HOME AND KITCHEN I,35.0,0
2262199,2016-06-26,32,HOME AND KITCHEN II,5.0,0
1284462,2014-12-23,49,BEVERAGES,8503.0,10
310265,2013-06-24,14,SEAFOOD,2.0,0
2310052,2016-07-23,25,LADIESWEAR,0.0,0
988441,2014-07-10,42,PERSONAL CARE,0.0,0
1392171,2015-02-23,21,AUTOMOTIVE,0.0,0
2693208,2017-02-24,26,GROCERY I,1738.0,56
1634262,2015-07-09,14,BEVERAGES,1305.0,0
237874,2013-05-14,33,EGGS,132.0,0
115551,2013-03-06,50,HOME CARE,0.0,0
247887,2013-05-20,14,MEATS,394.952,0
879881,2014-05-10,47,BEAUTY,8.0,0
1468029,2015-04-06,49,MEATS,657.842,0
2048573,2016-02-27,38,SEAFOOD,23.373,0
1294858,2014-12-30,40,BOOKS,0.0,0
1766566,2015-09-21,26,EGGS,37.0,0
1271305,2014-12-16,3,GROCERY II,224.0,0
66604,2013-02-07,28,EGGS,58.0,0
113124,2013-03-05,33,AUTOMOTIVE,1.0,0
1134671,2014-09-30,45,SEAFOOD,113.78,0
1047702,2014-08-12,6,HOME CARE,0.0,0
614522,2013-12-11,50,PREPARED FOODS,97.453995,0
2312240,2016-07-24,36,PREPARED FOODS,69.789,1
2718104,2017-03-10,24,PET SUPPLIES,12.0,1
2920958,2017-07-02,16,PREPARED FOODS,30.0,1
1611772,2015-06-26,32,LADIESWEAR,0.0,0
821379,2014-04-07,6,DELI,317.967,0
2152217,2016-04-25,46,MAGAZINES,13.0,0
989331,2014-07-11,18,MEATS,64.657,0
1809504,2015-10-15,30,HOME AND KITCHEN I,10.0,0
90159,2013-02-20,39,BEVERAGES,575.0,0
1509172,2015-04-29,53,HOME AND KITCHEN II,8.0,0
316919,2013-06-27,50,LAWN AND GARDEN,1.0,0
530994,2013-10-25,8,MEATS,808.102,0
1801517,2015-10-10,7,HARDWARE,3.0,0
1510703,2015-04-30,46,PREPARED FOODS,145.001,0
1156788,2014-10-13,17,CELEBRATION,2.0,0
2858224,2017-05-27,6,POULTRY,650.114,0
2301292,2016-07-18,3,BOOKS,0.0,0
2934706,2017-07-09,51,HOME AND KITCHEN II,59.0,1
157866,2013-03-30,38,PLAYERS AND ELECTRONICS,0.0,0
2496462,2016-11-04,6,GROCERY I,5757.0,79
2479181,2016-10-26,20,MAGAZINES,2.0,0
2455364,2016-10-12,51,SEAFOOD,55.688,2
309724,2013-06-23,49,LADIESWEAR,0.0,0
522574,2013-10-21,21,LADIESWEAR,0.0,0
247595,2013-05-19,6,PREPARED FOODS,157.007,0
2859290,2017-05-28,36,BREAD/BAKERY,522.0,83
856197,2014-04-27,32,GROCERY I,1190.0,0
795750,2014-03-24,36,LINGERIE,12.0,0
2889082,2017-06-14,21,SCHOOL AND OFFICE SUPPLIES,0.0,0
991085,2014-07-12,17,PREPARED FOODS,76.0,0
1158185,2014-10-13,6,HOME APPLIANCES,1.0,0
2480248,2016-10-26,50,BABY CARE,0.0,0
739792,2014-02-21,16,SCHOOL AND OFFICE SUPPLIES,0.0,0
780324,2014-03-15,53,CELEBRATION,0.0,0
1742658,2015-09-07,54,PLAYERS AND ELECTRONICS,1.0,0
1398951,2015-02-27,11,HOME AND KITCHEN I,20.0,0
718801,2014-02-09,27,POULTRY,558.322,0
1363214,2015-02-06,9,HOME APPLIANCES,1.0,0
1163306,2014-10-16,49,MAGAZINES,3.0,0
1507532,2015-04-28,8,PET SUPPLIES,0.0,0
823796,2014-04-09,23,HOME APPLIANCES,0.0,0
2030586,2016-02-17,33,PRODUCE,931.513,0
130011,2013-03-14,7,MEATS,421.348,0
1879611,2015-11-23,47,PRODUCE,6343.399,1
657760,2014-01-06,15,BOOKS,0.0,0
2538365,2016-11-28,31,BREAD/BAKERY,435.0,6
2333480,2016-08-05,32,HOME APPLIANCES,0.0,0
457397,2013-09-14,42,HOME APPLIANCES,0.0,0
1077342,2014-08-29,37,MEATS,437.869,37
2985157,2017-08-07,18,EGGS,184.0,19
2577069,2016-12-20,18,AUTOMOTIVE,0.0,0
1770810,2015-09-23,44,PRODUCE,13409.628,196
2766931,2017-04-06,44,GROCERY II,42.0,0
1613919,2015-06-27,42,LINGERIE,0.0,0
447805,2013-09-09,23,POULTRY,216.649,0
1791962,2015-10-05,38,PREPARED FOODS,146.984,0
1017553,2014-07-27,1,SCHOOL AND OFFICE SUPPLIES,0.0,0
6238,2013-01-04,34,BABY CARE,0.0,0
397922,2013-08-12,24,DAIRY,616.0,0
1233508,2014-11-25,2,BABY CARE,0.0,0
2890567,2017-06-15,13,SCHOOL AND OFFICE SUPPLIES,0.0,0
650811,2014-01-02,2,HOME CARE,409.0,0
1018968,2014-07-27,49,PLAYERS AND ELECTRONICS,39.0,0
2375378,2016-08-28,9,BREAD/BAKERY,767.0,78
967156,2014-06-28,45,PERSONAL CARE,847.0,0
952362,2014-06-20,30,HOME AND KITCHEN I,0.0,0
956832,2014-06-22,6,PRODUCE,30.0,0
2187967,2016-05-15,5,BABY CARE,0.0,0
10077,2013-01-06,41,GROCERY I,2765.0,0
2329138,2016-08-03,10,SCHOOL AND OFFICE SUPPLIES,0.0,0
1096811,2014-09-09,33,MAGAZINES,0.0,0
2498989,2016-11-06,26,SCHOOL AND OFFICE SUPPLIES,0.0,0
1122715,2014-09-24,10,"LIQUOR,WINE,BEER",20.0,0
717298,2014-02-08,35,EGGS,96.0,0
377090,2013-07-31,39,SEAFOOD,1.222,0
2270904,2016-07-01,27,DELI,280.45,51
524301,2013-10-22,2,PRODUCE,25.0,0
1971506,2016-01-15,26,LAWN AND GARDEN,1.0,0
1883930,2015-11-26,19,PET SUPPLIES,0.0,0
2996874,2017-08-13,46,GROCERY I,10557.0,40
1773117,2015-09-25,1,PLAYERS AND ELECTRONICS,21.0,0
2043202,2016-02-24,38,CLEANING,796.0,1
2607460,2017-01-07,2,SCHOOL AND OFFICE SUPPLIES,1.0,0
2064691,2016-03-07,40,GROCERY II,10.0,0
1392326,2015-02-23,25,MAGAZINES,0.0,0
2012642,2016-02-07,30,BREAD/BAKERY,109.0,23
1646222,2015-07-15,49,HOME APPLIANCES,0.0,0
1107596,2014-09-15,36,HOME APPLIANCES,0.0,0
1022315,2014-07-29,43,DAIRY,321.0,0
1925109,2015-12-19,24,LINGERIE,11.0,0
310869,2013-06-24,31,DELI,175.008,0
2387246,2016-09-04,40,PET SUPPLIES,2.0,0
867329,2014-05-03,44,MAGAZINES,0.0,0
419139,2013-08-24,2,CELEBRATION,0.0,0
2343899,2016-08-11,25,DAIRY,817.0,9
257389,2013-05-25,30,"LIQUOR,WINE,BEER",103.0,0
929829,2014-06-07,48,LINGERIE,1.0,0
1266552,2014-12-13,46,GROCERY I,12299.0,25
2400165,2016-09-11,53,DELI,311.708,2
2346544,2016-08-12,49,GROCERY II,102.0,2
324883,2013-07-02,24,SCHOOL AND OFFICE SUPPLIES,0.0,0
1925747,2015-12-19,41,SEAFOOD,18.0,0
2844254,2017-05-20,14,HOME APPLIANCES,1.0,0
287307,2013-06-11,20,DELI,0.0,0
2187899,2016-05-15,47,SEAFOOD,130.326,2
2627425,2017-01-18,3,SCHOOL AND OFFICE SUPPLIES,1.0,0
1661973,2015-07-24,40,PLAYERS AND ELECTRONICS,6.0,0
879679,2014-05-10,40,SCHOOL AND OFFICE SUPPLIES,0.0,0
2374311,2016-08-28,28,PLAYERS AND ELECTRONICS,9.0,0
178787,2013-04-11,25,PET SUPPLIES,0.0,0
2462624,2016-10-16,6,SEAFOOD,49.39,1
1851682,2015-11-08,14,LADIESWEAR,0.0,0
1459542,2015-04-02,11,HOME CARE,0.0,0
2347285,2016-08-13,2,POULTRY,460.25198,0
1961731,2016-01-09,51,GROCERY II,42.0,0
2148621,2016-04-23,45,MEATS,1680.237,2
795219,2014-03-24,21,HOME CARE,0.0,0
1135794,2014-10-01,28,AUTOMOTIVE,0.0,0
2906385,2017-06-23,8,DELI,276.761,62
1362202,2015-02-06,3,POULTRY,1560.152,39
219150,2013-05-03,8,PRODUCE,5.0,0
1631796,2015-07-07,44,GROCERY I,4685.0,10
2669625,2017-02-11,14,MEATS,443.08502,0
2174440,2016-05-08,20,BOOKS,0.0,0
246386,2013-05-19,22,DAIRY,0.0,0
1568805,2015-06-02,27,HOME CARE,183.0,1
21326,2013-01-12,8,DAIRY,1009.0,0
1242281,2014-11-30,15,PREPARED FOODS,27.0,0
1952509,2016-01-04,42,SCHOOL AND OFFICE SUPPLIES,0.0,0
923217,2014-06-04,13,DELI,129.0,0
849369,2014-04-23,40,HOME AND KITCHEN I,0.0,0
1195652,2014-11-03,7,PREPARED FOODS,196.01599,0
1629712,2015-07-06,36,CLEANING,1058.0,1
1450211,2015-03-27,49,PET SUPPLIES,0.0,0
637419,2013-12-24,43,MEATS,69.928,0
1516419,2015-05-03,8,BEVERAGES,3645.0,3
1927524,2015-12-20,41,PLAYERS AND ELECTRONICS,17.0,0
2908845,2017-06-25,26,PLAYERS AND ELECTRONICS,2.0,0
2602686,2017-01-04,36,DELI,194.344,9
1044833,2014-08-11,25,LAWN AND GARDEN,0.0,0
2609176,2017-01-08,18,SCHOOL AND OFFICE SUPPLIES,6.0,0
165963,2013-04-04,16,CELEBRATION,0.0,0
1554865,2015-05-25,36,BOOKS,0.0,0
1973468,2016-01-16,31,BEAUTY,1.0,0
1575384,2015-06-06,11,PRODUCE,1319.72,0
1699371,2015-08-14,40,BEVERAGES,2262.0,0
2760265,2017-04-02,8,GROCERY II,42.0,0
2913257,2017-06-27,5,HOME APPLIANCES,0.0,0
2845948,2017-05-21,11,POULTRY,432.752,0
48978,2013-01-28,33,CELEBRATION,0.0,0
384912,2013-08-05,1,AUTOMOTIVE,6.0,0
544899,2013-11-02,48,BEVERAGES,3072.0,0
1144919,2014-10-06,33,HOME APPLIANCES,0.0,0
633267,2013-12-22,27,PRODUCE,15.0,0
2257907,2016-06-24,12,HARDWARE,0.0,0
2671610,2017-02-12,2,PREPARED FOODS,268.128,1
2268213,2016-06-29,50,MEATS,400.743,0
2231190,2016-06-09,12,PLAYERS AND ELECTRONICS,5.0,0
2399472,2016-09-11,34,DELI,241.002,5
2943682,2017-07-14,53,HOME AND KITCHEN II,9.0,0
1861625,2015-11-13,42,PREPARED FOODS,82.856,1
1307798,2015-01-06,53,DAIRY,307.0,4
2733489,2017-03-18,7,AUTOMOTIVE,5.0,0
2176529,2016-05-09,29,HARDWARE,0.0,0
2625525,2017-01-17,27,GROCERY I,3588.0,50
1075854,2014-08-28,45,LINGERIE,18.0,0
565670,2013-11-14,30,HOME APPLIANCES,3.0,0
995423,2014-07-14,39,FROZEN FOODS,68.0,0
2270716,2016-07-01,21,LADIESWEAR,2.0,0
1236822,2014-11-27,12,HOME AND KITCHEN I,9.0,0
2243933,2016-06-16,2,SEAFOOD,24.344,3
1694675,2015-08-11,9,PET SUPPLIES,2.0,0
2738862,2017-03-21,7,PLAYERS AND ELECTRONICS,15.0,0
2877449,2017-06-07,45,HARDWARE,3.0,0
1982907,2016-01-21,46,BEVERAGES,3257.0,0
1365144,2015-02-08,13,AUTOMOTIVE,5.0,0
2628702,2017-01-19,16,LINGERIE,1.0,0
1739662,2015-09-06,21,BABY CARE,0.0,0
1726701,2015-08-29,8,DELI,350.422,1
2613970,2017-01-10,52,CLEANING,0.0,0
57486,2013-02-02,22,AUTOMOTIVE,0.0,0
2051217,2016-02-29,13,BEVERAGES,1569.0,13
2430186,2016-09-28,46,AUTOMOTIVE,6.0,0
907641,2014-05-26,26,DELI,59.377,0
1231698,2014-11-24,19,CELEBRATION,5.0,0
2574522,2016-12-18,45,PLAYERS AND ELECTRONICS,53.0,0
2012013,2016-02-07,13,BEVERAGES,1472.0,0
2839849,2017-05-17,40,BABY CARE,0.0,0
549956,2013-11-05,4,FROZEN FOODS,85.0,0
1036694,2014-08-06,46,SEAFOOD,39.711,0
1247499,2014-12-03,12,AUTOMOTIVE,5.0,0
2898638,2017-06-19,4,HOME APPLIANCES,0.0,0
2427763,2016-09-27,28,LADIESWEAR,0.0,0
1381377,2015-02-17,18,PRODUCE,0.0,0
1863703,2015-11-14,50,POULTRY,575.506,0
1208230,2014-11-11,10,BABY CARE,0.0,0
2310406,2016-07-23,35,EGGS,182.0,0
1870833,2015-11-18,50,PRODUCE,2613.072,222
1933769,2015-12-24,18,BEAUTY,4.0,0
1156325,2014-10-12,53,BREAD/BAKERY,557.365,0
1376021,2015-02-14,18,LAWN AND GARDEN,0.0,0
131972,2013-03-16,12,BREAD/BAKERY,237.0,0
2069484,2016-03-10,25,LINGERIE,6.0,0
86163,2013-02-18,27,AUTOMOTIVE,1.0,0
1822728,2015-10-22,51,CELEBRATION,21.0,0
588271,2013-11-27,15,GROCERY II,4.0,0
1725506,2015-08-29,24,BEAUTY,7.0,0
1685827,2015-08-07,10,"LIQUOR,WINE,BEER",26.0,0
2450815,2016-10-10,25,BOOKS,0.0,0
2389245,2016-09-05,47,GROCERY I,11507.0,52
925333,2014-06-05,22,GROCERY II,0.0,0
1806519,2015-10-13,47,AUTOMOTIVE,10.0,0
1534875,2015-05-14,25,GROCERY I,1182.0,12
969645,2014-06-30,16,CELEBRATION,0.0,0
978405,2014-07-05,11,LINGERIE,17.0,0
299699,2013-06-18,18,PET SUPPLIES,0.0,0
1004537,2014-07-19,44,HOME APPLIANCES,0.0,0
1067757,2014-08-24,19,DELI,285.0,0
1107128,2014-09-15,23,FROZEN FOODS,48.0,0
24040,2013-01-14,33,HOME AND KITCHEN II,0.0,0
1832968,2015-10-28,39,HOME AND KITCHEN II,9.0,0
984136,2014-07-08,22,EGGS,0.0,0
423527,2013-08-26,42,BREAD/BAKERY,0.0,0
410529,2013-08-19,28,DELI,242.428,0
1875688,2015-11-21,38,BABY CARE,0.0,0
663696,2014-01-09,31,AUTOMOTIVE,4.0,0
2599754,2017-01-02,53,HARDWARE,1.0,0
1945725,2015-12-31,52,GROCERY I,0.0,0
2915232,2017-06-28,6,GROCERY I,4374.0,73
914120,2014-05-29,8,LAWN AND GARDEN,13.0,0
198956,2013-04-22,40,SEAFOOD,0.0,0
238014,2013-05-14,37,HOME CARE,0.0,0
391187,2013-08-08,35,BREAD/BAKERY,58.0,0
530452,2013-10-25,42,EGGS,0.0,0
1349223,2015-01-30,16,HOME CARE,0.0,0
2037909,2016-02-21,39,PLAYERS AND ELECTRONICS,16.0,0
1323743,2015-01-15,50,HARDWARE,0.0,0
2324665,2016-07-31,35,GROCERY II,1.0,1
1912750,2015-12-12,28,BOOKS,0.0,0
2131795,2016-04-14,23,POULTRY,179.543,0
344862,2013-07-13,35,GROCERY I,1536.0,0
1682647,2015-08-05,21,EGGS,163.0,0
335802,2013-07-08,30,PLAYERS AND ELECTRONICS,0.0,0
1350154,2015-01-30,41,PERSONAL CARE,239.0,0
2646876,2017-01-29,26,GROCERY I,2071.0,39
1657684,2015-07-22,20,POULTRY,247.40599,0
1293460,2014-12-29,50,PERSONAL CARE,755.0,1
253791,2013-05-23,3,LINGERIE,19.0,0
1187608,2014-10-30,31,BOOKS,0.0,0
2777973,2017-04-12,54,AUTOMOTIVE,8.0,2
131974,2013-03-16,12,CLEANING,649.0,0
1177562,2014-10-24,49,MAGAZINES,4.0,0
1510384,2015-04-30,38,CLEANING,931.0,1
829399,2014-04-12,30,EGGS,210.0,0
2928473,2017-07-06,27,LAWN AND GARDEN,25.0,0
2010372,2016-02-06,17,GROCERY I,4601.0,3
1327347,2015-01-17,51,LINGERIE,13.0,0
1003611,2014-07-19,19,HOME AND KITCHEN I,15.0,0
593890,2013-11-30,22,"LIQUOR,WINE,BEER",0.0,0
641336,2013-12-27,53,HARDWARE,0.0,0
1298409,2015-01-01,4,MEATS,0.0,0
940575,2014-06-13,5,DELI,206.7395,0
2919674,2017-07-01,3,SEAFOOD,132.517,0
1051362,2014-08-14,9,HOME AND KITCHEN I,0.0,0
602262,2013-12-04,8,GROCERY I,4407.0,0
2683102,2017-02-18,42,BOOKS,0.0,0
1079659,2014-08-30,51,SCHOOL AND OFFICE SUPPLIES,0.0,0
2315464,2016-07-26,27,LADIESWEAR,13.0,0
835081,2014-04-15,4,HOME AND KITCHEN II,0.0,0
642984,2013-12-28,5,GROCERY I,4260.0,0
2606660,2017-01-06,47,MAGAZINES,5.0,0
485789,2013-09-30,39,PREPARED FOODS,40.0,0
1990406,2016-01-25,7,FROZEN FOODS,186.0,2
138347,2013-03-19,40,FROZEN FOODS,24.0,0
364497,2013-07-24,36,GROCERY I,2091.0,0
913620,2014-05-29,43,HOME AND KITCHEN I,0.0,0
1842200,2015-11-02,48,DAIRY,1605.0,0
2093959,2016-03-24,12,EGGS,85.0,0
51306,2013-01-29,48,MEATS,697.764,0
1319945,2015-01-13,44,FROZEN FOODS,350.384,3
1906819,2015-12-09,11,GROCERY II,13.0,0
1394674,2015-02-24,40,POULTRY,180.064,0
2068557,2016-03-09,49,HOME CARE,390.0,2
2498250,2016-11-05,6,HOME CARE,421.0,10
651740,2014-01-02,45,MAGAZINES,0.0,0
2243008,2016-06-15,43,SCHOOL AND OFFICE SUPPLIES,0.0,0
2831009,2017-05-12,42,BREAD/BAKERY,437.945,5
1504443,2015-04-27,21,CELEBRATION,0.0,0
1754989,2015-09-14,50,HOME AND KITCHEN II,25.0,0
287474,2013-06-11,25,FROZEN FOODS,41.0,0
2909006,2017-06-25,30,MAGAZINES,0.0,0
1450232,2015-03-27,5,HARDWARE,0.0,0
1398448,2015-02-26,47,CLEANING,1363.0,1
2542132,2016-11-30,37,EGGS,108.0,0
2530792,2016-11-24,19,"LIQUOR,WINE,BEER",12.0,3
1052389,2014-08-15,37,LADIESWEAR,0.0,0
1053393,2014-08-16,16,AUTOMOTIVE,1.0,0
572390,2013-11-18,2,BREAD/BAKERY,356.981,0
190037,2013-04-17,40,MAGAZINES,0.0,0
217807,2013-05-03,20,CLEANING,0.0,0
148128,2013-03-25,15,MEATS,123.875,0
2094249,2016-03-24,20,BEVERAGES,2378.0,1
512077,2013-10-15,27,HOME AND KITCHEN II,0.0,0
2417318,2016-09-21,35,BEAUTY,0.0,0
2699139,2017-02-27,42,BEVERAGES,1775.0,13
2405183,2016-09-14,44,FROZEN FOODS,377.532,1
1647910,2015-07-16,46,"LIQUOR,WINE,BEER",91.0,0
348615,2013-07-15,40,BEVERAGES,461.0,0
2424898,2016-09-25,47,PERSONAL CARE,1057.0,12
136762,2013-03-18,46,EGGS,180.0,0
1784732,2015-10-01,35,PET SUPPLIES,0.0,0
1565298,2015-05-31,29,DELI,488.019,0
750612,2014-02-27,2,PLAYERS AND ELECTRONICS,0.0,0
680293,2014-01-18,46,SCHOOL AND OFFICE SUPPLIES,10.0,0
1934042,2015-12-24,25,FROZEN FOODS,613.315,1
2514969,2016-11-15,25,CELEBRATION,9.0,0
1225313,2014-11-20,39,MAGAZINES,0.0,0
529295,2013-10-25,10,DAIRY,53.0,0
1436786,2015-03-20,22,SEAFOOD,0.0,0
1890149,2015-11-29,43,DAIRY,410.0,0
1391977,2015-02-23,16,BOOKS,0.0,0
1462006,2015-04-03,30,CLEANING,449.0,0
1289329,2014-12-27,35,LADIESWEAR,0.0,0
2087926,2016-03-20,42,HOME AND KITCHEN II,25.0,0
274492,2013-06-04,10,SCHOOL AND OFFICE SUPPLIES,0.0,0
1797353,2015-10-08,4,DAIRY,620.0,0
2000336,2016-01-31,35,DAIRY,196.0,0
2223068,2016-06-04,34,MAGAZINES,2.0,0
606035,2013-12-07,13,MAGAZINES,0.0,0
2627688,2017-01-18,37,PRODUCE,5056.542,216
1204446,2014-11-08,53,GROCERY I,1604.0,5
2780622,2017-04-14,29,DELI,289.401,64
1340304,2015-01-25,16,DELI,424.0,0
2766582,2017-04-06,34,PLAYERS AND ELECTRONICS,12.0,0
1469167,2015-04-07,31,CLEANING,1344.0,0
100485,2013-02-26,29,AUTOMOTIVE,0.0,0
1217707,2014-11-16,26,CLEANING,803.0,0
2898836,2017-06-19,45,HOME APPLIANCES,4.0,0
2269105,2016-06-30,26,PERSONAL CARE,120.0,6
36728,2013-01-21,39,SEAFOOD,5.612,0
1932503,2015-12-23,31,MAGAZINES,2.0,0
1898193,2015-12-04,2,AUTOMOTIVE,0.0,0
2754311,2017-03-30,4,SEAFOOD,9.512,0
1505221,2015-04-27,42,PERSONAL CARE,0.0,0
2959511,2017-07-23,48,BREAD/BAKERY,1272.0,0
3933,2013-01-03,2,CELEBRATION,0.0,0
2499209,2016-11-06,32,LAWN AND GARDEN,0.0,0
651792,2014-01-02,47,DELI,696.82,0
2421465,2016-09-23,50,MEATS,792.75,50
1452213,2015-03-28,6,HOME AND KITCHEN I,38.0,0
2416699,2016-09-21,18,EGGS,0.0,0
806660,2014-03-30,42,DAIRY,0.0,0
1190898,2014-11-01,23,PLAYERS AND ELECTRONICS,3.0,0
28548,2013-01-17,10,BEVERAGES,297.0,0
428080,2013-08-29,20,BOOKS,0.0,0
924025,2014-06-04,35,PERSONAL CARE,58.0,0
2897384,2017-06-18,54,HOME APPLIANCES,0.0,0
2178831,2016-05-10,43,CELEBRATION,4.0,0
45377,2013-01-26,32,BEAUTY,1.0,0
2852529,2017-05-24,46,DELI,530.171,14
2889598,2017-06-14,36,LADIESWEAR,0.0,0
2257255,2016-06-23,43,"LIQUOR,WINE,BEER",14.0,0
1620385,2015-07-01,24,LADIESWEAR,10.0,0
2651890,2017-02-01,17,EGGS,271.0,1
904225,2014-05-24,3,PERSONAL CARE,630.0,0
201585,2013-04-24,15,LINGERIE,5.0,0
1567134,2015-06-01,3,PRODUCE,8544.756,0
2635052,2017-01-22,44,BEAUTY,17.0,2
1485842,2015-04-16,49,HOME APPLIANCES,3.0,0
358533,2013-07-21,19,LINGERIE,4.0,0
978433,2014-07-05,12,HOME AND KITCHEN II,8.0,0
1116548,2014-09-20,37,PET SUPPLIES,14.0,0
950593,2014-06-19,30,POULTRY,145.93,12
2289415,2016-07-11,46,CLEANING,1719.0,23
59386,2013-02-03,25,LADIESWEAR,0.0,0
1653980,2015-07-20,17,LAWN AND GARDEN,0.0,0
705368,2014-02-01,5,PET SUPPLIES,0.0,0
2343268,2016-08-10,8,BOOKS,0.0,0
1556300,2015-05-26,26,LAWN AND GARDEN,0.0,0
2441046,2016-10-04,50,BEVERAGES,3662.0,58
755763,2014-03-02,14,PRODUCE,302.18,0
12775,2013-01-08,18,BOOKS,0.0,0
2453013,2016-10-11,36,MEATS,207.755,0
2622494,2017-01-15,41,HOME APPLIANCES,0.0,0
1705254,2015-08-17,6,GROCERY I,4113.0,11
418348,2013-08-23,47,CLEANING,1543.0,0
2902517,2017-06-21,49,BEAUTY,16.0,1
1596620,2015-06-17,8,HARDWARE,4.0,0
2580202,2016-12-21,54,SCHOOL AND OFFICE SUPPLIES,0.0,0
2813832,2017-05-03,10,LINGERIE,0.0,0
972763,2014-07-01,52,"LIQUOR,WINE,BEER",0.0,0
247140,2013-05-19,43,BEVERAGES,1768.0,0
2886653,2017-06-12,53,FROZEN FOODS,63.0,0
864704,2014-05-02,21,BREAD/BAKERY,0.0,0
132272,2013-03-16,20,DAIRY,0.0,0
391272,2013-08-08,37,MEATS,225.422,0
816045,2014-04-04,6,LINGERIE,5.0,0
2429358,2016-09-28,22,PRODUCE,256.779,1
542109,2013-11-01,2,HOME CARE,0.0,0
1723866,2015-08-28,28,GROCERY I,2276.571,5
380904,2013-08-02,46,HOME CARE,0.0,0
889525,2014-05-16,18,EGGS,129.0,0
1267612,2014-12-14,26,HOME AND KITCHEN II,1.0,0
2978637,2017-08-03,34,MEATS,235.23201,23
1581310,2015-06-09,28,HOME AND KITCHEN II,9.0,0
2581787,2016-12-22,49,SEAFOOD,89.344,0
2100936,2016-03-27,8,MEATS,362.08,0
2575980,2016-12-19,37,AUTOMOTIVE,13.0,0
1627382,2015-07-05,20,LAWN AND GARDEN,10.0,0
2137465,2016-04-17,32,"LIQUOR,WINE,BEER",0.0,0
2274340,2016-07-03,23,GROCERY II,21.0,0
2378393,2016-08-30,42,HOME APPLIANCES,0.0,0
1769771,2015-09-23,16,HARDWARE,0.0,0
2457749,2016-10-14,2,DAIRY,849.0,9
784371,2014-03-18,17,PLAYERS AND ELECTRONICS,3.0,0
804697,2014-03-29,37,PERSONAL CARE,309.0,0
284594,2013-06-09,44,BEAUTY,8.0,0
111941,2013-03-04,5,BREAD/BAKERY,382.91998,0
298983,2013-06-17,48,BEVERAGES,1243.0,0
305030,2013-06-21,18,FROZEN FOODS,38.0,0
358005,2013-07-20,53,LINGERIE,0.0,0
1913791,2015-12-12,7,"LIQUOR,WINE,BEER",474.0,0
794568,2014-03-23,52,PLAYERS AND ELECTRONICS,0.0,0
2573670,2016-12-18,22,AUTOMOTIVE,7.0,0
831990,2014-04-13,52,PLAYERS AND ELECTRONICS,0.0,0
741037,2014-02-21,50,"LIQUOR,WINE,BEER",0.0,0
1575222,2015-06-05,8,AUTOMOTIVE,5.0,0
2048930,2016-02-27,48,PET SUPPLIES,12.0,0
1693734,2015-08-11,32,DELI,84.0,0
1729874,2015-08-31,46,HARDWARE,2.0,0
173151,2013-04-08,18,AUTOMOTIVE,2.0,0
567424,2013-11-15,3,"LIQUOR,WINE,BEER",350.0,0
1020436,2014-07-28,40,EGGS,172.0,1
70014,2013-02-09,23,LINGERIE,8.0,0
2324930,2016-07-31,42,HARDWARE,3.0,0
862988,2014-05-01,23,BREAD/BAKERY,184.099,0
2645282,2017-01-28,31,BEAUTY,1.0,0
1452181,2015-03-28,54,HOME AND KITCHEN II,4.0,0
1878712,2015-11-23,22,"LIQUOR,WINE,BEER",16.0,0
921146,2014-06-02,54,HOME APPLIANCES,0.0,0
1782118,2015-09-30,12,LADIESWEAR,0.0,0
707928,2014-02-03,22,GROCERY I,0.0,0
312045,2013-06-25,14,PRODUCE,0.0,0
1885673,2015-11-27,18,LAWN AND GARDEN,0.0,0
896360,2014-05-20,1,HARDWARE,1.0,0
1648628,2015-07-17,17,HARDWARE,1.0,0
156240,2013-03-29,42,HOME CARE,0.0,0
1745287,2015-09-09,29,HOME AND KITCHEN II,6.0,0
2201654,2016-05-23,33,PET SUPPLIES,1.0,0
2596918,2017-01-01,24,HOME AND KITCHEN II,0.0,0
1581676,2015-06-09,38,LADIESWEAR,37.0,0
136584,2013-03-18,40,PRODUCE,0.0,0
1301020,2015-01-03,13,POULTRY,326.641,3
542396,2013-11-01,28,DAIRY,186.0,0
923136,2014-06-04,10,PLAYERS AND ELECTRONICS,0.0,0
2500689,2016-11-07,24,HOME AND KITCHEN I,10.0,0
2124522,2016-04-10,2,HOME AND KITCHEN I,15.0,0
1221645,2014-11-18,36,HOME CARE,199.0,0
1434275,2015-03-18,51,PREPARED FOODS,156.19,0
2688846,2017-02-21,53,CELEBRATION,7.0,0
2251572,2016-06-20,34,HOME AND KITCHEN I,20.0,0
915622,2014-05-30,5,BOOKS,0.0,0
1838910,2015-10-31,6,HOME CARE,382.0,0
2004988,2016-02-03,16,CLEANING,743.0,0
1094416,2014-09-08,17,BOOKS,0.0,0
1843007,2015-11-03,20,MAGAZINES,0.0,0
1584359,2015-06-11,13,PREPARED FOODS,38.0,0
2632225,2017-01-21,15,GROCERY II,9.0,0
2319591,2016-07-28,42,LINGERIE,0.0,0
1205315,2014-11-09,28,MAGAZINES,0.0,0
1202097,2014-11-07,38,CELEBRATION,18.0,0
2490181,2016-11-01,3,BABY CARE,3.0,0
247808,2013-05-20,12,FROZEN FOODS,18.0,0
2490206,2016-11-01,3,PET SUPPLIES,26.0,0
1551939,2015-05-23,53,HOME AND KITCHEN I,20.0,0
483558,2013-09-29,27,DELI,261.248,0
2082819,2016-03-17,49,MEATS,608.341,0
535533,2013-10-28,35,DELI,47.0,0
1367718,2015-02-09,35,AUTOMOTIVE,2.0,0
2553470,2016-12-06,54,PREPARED FOODS,96.0,0
3000485,2017-08-15,47,PET SUPPLIES,18.0,0
397440,2013-08-12,10,LINGERIE,6.0,0
59796,2013-02-03,37,AUTOMOTIVE,11.0,0
2942588,2017-07-14,23,FROZEN FOODS,103.131,1
383077,2013-08-03,8,GROCERY II,49.0,0
2365413,2016-08-23,29,CELEBRATION,8.0,0
2873129,2017-06-05,24,HOME APPLIANCES,0.0,0
1555141,2015-05-25,43,HOME AND KITCHEN II,32.0,0
1416131,2015-03-08,43,BEAUTY,1.0,0
633064,2013-12-22,21,PERSONAL CARE,0.0,0
1249813,2014-12-04,27,BOOKS,0.0,0
2094279,2016-03-24,21,AUTOMOTIVE,8.0,0
1521693,2015-05-06,54,PRODUCE,0.0,0
1208418,2014-11-11,15,MEATS,108.026,0
457559,2013-09-14,47,HARDWARE,2.0,0
1861351,2015-11-13,35,LADIESWEAR,0.0,0
1889277,2015-11-29,19,PLAYERS AND ELECTRONICS,7.0,0
605154,2013-12-06,39,AUTOMOTIVE,7.0,0
2032958,2016-02-18,5,PET SUPPLIES,2.0,0
1585095,2015-06-11,34,CELEBRATION,14.0,0
595437,2013-12-01,16,HOME CARE,0.0,0
2745832,2017-03-25,52,BABY CARE,0.0,0
2999063,2017-08-14,8,MAGAZINES,12.0,0
1988911,2016-01-25,15,BABY CARE,1.0,0
849832,2014-04-23,53,HOME AND KITCHEN II,0.0,0
135426,2013-03-17,9,PLAYERS AND ELECTRONICS,0.0,0
2443917,2016-10-06,31,BEVERAGES,1438.0,5
1870370,2015-11-18,38,PREPARED FOODS,127.111,1
167994,2013-04-05,22,MEATS,0.0,0
1675551,2015-08-01,22,DELI,0.0,0
1475117,2015-04-10,48,HOME APPLIANCES,0.0,0
1335078,2015-01-22,19,PRODUCE,0.0,0
1685506,2015-08-06,50,SCHOOL AND OFFICE SUPPLIES,22.0,1
1540629,2015-05-17,36,MEATS,209.73601,0
1514021,2015-05-02,4,HARDWARE,1.0,0
1738545,2015-09-05,4,CELEBRATION,17.0,0
154471,2013-03-28,42,SCHOOL AND OFFICE SUPPLIES,0.0,0
272994,2013-06-03,19,HOME CARE,0.0,0
396169,2013-08-11,25,BOOKS,0.0,0
2779024,2017-04-13,33,POULTRY,184.242,1
1874967,2015-11-21,18,CELEBRATION,2.0,0
2605394,2017-01-06,12,FROZEN FOODS,59.714,1
1483574,2015-04-15,35,PET SUPPLIES,0.0,0
386075,2013-08-05,41,DAIRY,259.0,0
410982,2013-08-19,40,AUTOMOTIVE,5.0,0
2716276,2017-03-09,23,GROCERY II,35.0,0
2625639,2017-01-17,3,PLAYERS AND ELECTRONICS,21.0,0
626440,2013-12-18,36,BABY CARE,0.0,0
443810,2013-09-07,11,PET SUPPLIES,0.0,0
2220269,2016-06-02,6,PREPARED FOODS,95.367004,0
1721726,2015-08-27,18,HOME APPLIANCES,0.0,0
2974498,2017-08-01,19,EGGS,52.0,1
153108,2013-03-27,54,LINGERIE,3.0,0
1651091,2015-07-18,36,BEAUTY,4.0,0
131218,2013-03-15,40,EGGS,75.0,0
2150866,2016-04-24,9,PERSONAL CARE,761.0,4
168616,2013-04-05,4,LADIESWEAR,0.0,0
563959,2013-11-13,32,"LIQUOR,WINE,BEER",7.0,0
524027,2013-10-22,12,LAWN AND GARDEN,0.0,0
562323,2013-11-12,37,BEVERAGES,983.0,0
2136701,2016-04-17,11,HOME APPLIANCES,0.0,0
1177227,2014-10-24,4,HOME CARE,179.0,1
455658,2013-09-13,43,PLAYERS AND ELECTRONICS,0.0,0
553330,2013-11-07,34,LADIESWEAR,0.0,0
447658,2013-09-09,2,GROCERY II,26.0,0
225776,2013-05-07,43,MAGAZINES,0.0,0
1742588,2015-09-07,52,MAGAZINES,0.0,0
606371,2013-12-07,22,PREPARED FOODS,0.0,0
2098533,2016-03-26,4,PRODUCE,2639.725,0
1068299,2014-08-24,33,MAGAZINES,0.0,0
2499977,2016-11-06,53,PREPARED FOODS,96.358,0
2599851,2017-01-02,7,GROCERY I,5487.0,101
2416408,2016-09-21,1,HOME AND KITCHEN II,21.0,1
652214,2014-01-03,1,BEAUTY,5.0,0
809934,2014-04-01,34,HOME AND KITCHEN I,0.0,0
65773,2013-02-06,54,BOOKS,0.0,0
1136967,2014-10-02,10,HOME CARE,199.0,0
2941082,2017-07-13,30,MAGAZINES,0.0,0
460988,2013-09-16,43,FROZEN FOODS,13.833,0
186385,2013-04-15,39,BABY CARE,0.0,0
2340072,2016-08-09,18,DELI,183.36,12
197246,2013-04-21,43,BREAD/BAKERY,169.0,0
367975,2013-07-26,33,PERSONAL CARE,121.0,0
519193,2013-10-19,27,BOOKS,0.0,0
1268153,2014-12-14,40,PREPARED FOODS,56.0,0
2751119,2017-03-28,50,DAIRY,967.0,35
1572411,2015-06-04,28,PLAYERS AND ELECTRONICS,2.0,0
1228590,2014-11-22,31,AUTOMOTIVE,7.0,0
2562502,2016-12-11,9,LADIESWEAR,15.0,0
1964404,2016-01-11,27,GROCERY II,10.0,0
1437435,2015-03-20,40,LINGERIE,3.0,0
787527,2014-03-19,6,HOME AND KITCHEN I,12.0,0
778634,2014-03-14,6,SEAFOOD,47.792202,0
1220020,2014-11-17,40,EGGS,263.0,0
2824851,2017-05-09,2,HOME CARE,197.0,8
752469,2014-02-28,22,BEVERAGES,0.0,0
78160,2013-02-13,51,HOME AND KITCHEN II,0.0,0
965357,2014-06-27,45,DAIRY,1694.0,0
218216,2013-05-03,31,LAWN AND GARDEN,3.0,0
1465717,2015-04-05,34,"LIQUOR,WINE,BEER",0.0,0
1451484,2015-03-28,35,GROCERY I,1570.0,2
1165919,2014-10-18,22,PREPARED FOODS,0.0,0
790031,2014-03-21,26,FROZEN FOODS,30.0,0
1701122,2015-08-15,4,BREAD/BAKERY,513.119,4
466458,2013-09-19,47,BEVERAGES,2162.0,0
312735,2013-06-25,33,PLAYERS AND ELECTRONICS,0.0,0
1924167,2015-12-18,48,BEVERAGES,3283.0,23
2469544,2016-10-20,5,"LIQUOR,WINE,BEER",79.0,0
1345933,2015-01-28,23,POULTRY,413.024,0
2583643,2016-12-23,51,CLEANING,2148.0,40
712273,2014-02-05,44,BABY CARE,0.0,0
1642004,2015-07-13,30,MAGAZINES,1.0,0
2583944,2016-12-24,10,FROZEN FOODS,496.065,16
2315969,2016-07-26,40,PREPARED FOODS,38.0,1
1584802,2015-06-11,26,EGGS,18.0,1
2459952,2016-10-15,31,AUTOMOTIVE,7.0,0
2082256,2016-03-17,33,"LIQUOR,WINE,BEER",132.0,0
225525,2013-05-07,37,BEVERAGES,735.0,0
1716084,2015-08-24,1,HOME CARE,186.0,0
854302,2014-04-26,29,SCHOOL AND OFFICE SUPPLIES,0.0,0
2998184,2017-08-14,33,BEAUTY,2.0,0
1449838,2015-03-27,39,HOME AND KITCHEN II,16.0,0
2992184,2017-08-11,15,DAIRY,269.0,8
875748,2014-05-08,30,PLAYERS AND ELECTRONICS,0.0,0
2308483,2016-07-22,31,BABY CARE,3.0,0
33652,2013-01-19,52,PERSONAL CARE,0.0,0
84897,2013-02-17,40,LINGERIE,11.0,0
2589083,2016-12-27,54,BEAUTY,0.0,0
264642,2013-05-29,34,HOME AND KITCHEN I,0.0,0
621561,2013-12-15,49,CELEBRATION,0.0,0
685653,2014-01-21,47,GROCERY I,5868.0,0
873194,2014-05-07,1,HARDWARE,2.0,0
2497278,2016-11-05,29,BEVERAGES,2542.0,52
1990494,2016-01-26,1,AUTOMOTIVE,2.0,0
1756724,2015-09-15,5,BEAUTY,5.0,0
1117866,2014-09-21,24,MEATS,367.305,0
1941350,2015-12-29,3,PET SUPPLIES,29.0,0
2035584,2016-02-20,24,GROCERY I,4791.0,24
1722598,2015-08-27,41,SCHOOL AND OFFICE SUPPLIES,0.0,0
145245,2013-03-23,34,GROCERY I,4101.0,0
2524434,2016-11-20,40,AUTOMOTIVE,6.0,0
3000431,2017-08-15,46,BREAD/BAKERY,745.0,12
1230303,2014-11-23,29,PRODUCE,0.0,0
1643991,2015-07-14,36,PRODUCE,2813.065,113
744357,2014-02-23,44,DELI,745.396,0
331239,2013-07-05,52,HOME CARE,0.0,0
559143,2013-11-10,47,MEATS,1262.008,0
1781764,2015-09-29,51,POULTRY,562.252,0
321495,2013-06-30,3,DELI,517.183,0
1659967,2015-07-23,35,BABY CARE,0.0,0
1372363,2015-02-12,15,PERSONAL CARE,156.0,0
80693,2013-02-15,23,DAIRY,328.0,0
2694494,2017-02-25,12,FROZEN FOODS,50.0,14
1932131,2015-12-23,21,HARDWARE,1.0,0
850184,2014-04-24,14,BREAD/BAKERY,177.0,0
630527,2013-12-20,5,PREPARED FOODS,116.861,0
58630,2013-02-02,53,"LIQUOR,WINE,BEER",0.0,0
688770,2014-01-23,34,PLAYERS AND ELECTRONICS,6.0,0
185334,2013-04-15,1,CELEBRATION,0.0,0
2587089,2016-12-26,48,LINGERIE,13.0,0
89052,2013-02-19,8,HOME CARE,0.0,0
1042008,2014-08-09,46,AUTOMOTIVE,19.0,0
2759765,2017-04-02,43,DAIRY,958.0,4
2840039,2017-05-17,45,PET SUPPLIES,18.0,0
1004461,2014-07-19,42,CLEANING,0.0,0
171019,2013-04-06,8,GROCERY II,73.0,0
2250080,2016-06-19,42,DAIRY,814.0,5
2063170,2016-03-06,48,EGGS,314.0,1
1998267,2016-01-30,27,HOME CARE,248.0,2
1410715,2015-03-05,40,SCHOOL AND OFFICE SUPPLIES,0.0,0
2455115,2016-10-12,45,HARDWARE,0.0,0
1947035,2016-01-01,4,BEAUTY,0.0,0
2271621,2016-07-01,47,AUTOMOTIVE,17.0,3
891008,2014-05-17,1,DAIRY,593.0,0
612746,2013-12-10,51,BEAUTY,2.0,0
1598881,2015-06-19,20,SCHOOL AND OFFICE SUPPLIES,1.0,0
95560,2013-02-23,4,PERSONAL CARE,193.0,0
2841031,2017-05-18,23,POULTRY,244.587,0
362297,2013-07-23,24,MAGAZINES,0.0,0
2127903,2016-04-12,14,PRODUCE,404.855,71
1439057,2015-03-21,36,PET SUPPLIES,0.0,0
2685900,2017-02-20,20,PRODUCE,918.885,1
1427855,2015-03-15,22,FROZEN FOODS,0.0,0
2207045,2016-05-26,35,BREAD/BAKERY,86.0,7
114267,2013-03-06,15,LINGERIE,3.0,0
2432884,2016-09-30,21,PERSONAL CARE,217.0,5
1401176,2015-02-28,23,PREPARED FOODS,76.072,0
2006276,2016-02-03,51,DAIRY,1654.0,1
2575138,2016-12-19,13,HOME AND KITCHEN II,15.0,2
1619453,2015-06-30,48,FROZEN FOODS,164.125,2
1365180,2015-02-08,14,BEVERAGES,340.0,0
1346740,2015-01-28,46,EGGS,137.0,2
2232164,2016-06-09,4,FROZEN FOODS,62.268,5
1665788,2015-07-26,48,HARDWARE,5.0,0
2523357,2016-11-20,10,GROCERY I,3303.0,60
2077718,2016-03-14,7,BREAD/BAKERY,785.654,2
847565,2014-04-22,4,PET SUPPLIES,0.0,0
219876,2013-05-04,28,PRODUCE,0.0,0
2813579,2017-05-02,52,SEAFOOD,7.0,0
389495,2013-08-07,37,PREPARED FOODS,148.122,0
2633318,2017-01-21,45,HOME APPLIANCES,1.0,0
2601533,2017-01-03,53,FROZEN FOODS,130.946,2
362418,2013-07-23,28,GROCERY I,2391.0,0
354406,2013-07-18,52,LADIESWEAR,0.0,0
1573555,2015-06-05,10,HOME AND KITCHEN II,4.0,0
1632261,2015-07-07,8,HOME AND KITCHEN I,12.0,0
1274718,2014-12-18,25,PLAYERS AND ELECTRONICS,1.0,0
1891491,2015-11-30,30,PRODUCE,451.849,0
851119,2014-04-24,4,HOME AND KITCHEN II,0.0,0
879646,2014-05-10,4,SCHOOL AND OFFICE SUPPLIES,0.0,0
1913361,2015-12-12,44,LINGERIE,9.0,0
2896019,2017-06-18,17,BREAD/BAKERY,522.0,57
2508586,2016-11-11,45,PERSONAL CARE,541.0,12
729707,2014-02-15,33,FROZEN FOODS,38.276,0
2209009,2016-05-27,4,"LIQUOR,WINE,BEER",87.0,1
1029526,2014-08-02,45,PERSONAL CARE,1107.0,1
2111542,2016-04-02,6,BOOKS,0.0,0
879394,2014-05-10,33,EGGS,153.0,0
503214,2013-10-10,28,PRODUCE,0.0,0
2998865,2017-08-14,51,MAGAZINES,14.0,0
575652,2013-11-20,11,AUTOMOTIVE,3.0,0
316043,2013-06-27,27,BEAUTY,5.0,0
1468902,2015-04-07,24,CELEBRATION,0.0,0
1537430,2015-05-15,46,PET SUPPLIES,0.0,0
1021070,2014-07-28,9,HOME APPLIANCES,0.0,0
2496631,2016-11-05,10,HOME AND KITCHEN II,6.0,0
898899,2014-05-21,30,GROCERY I,1120.0,2
1377031,2015-02-14,46,CLEANING,2157.0,7
1595745,2015-06-17,32,PRODUCE,126.314,0
225357,2013-05-07,32,AUTOMOTIVE,0.0,0
1543139,2015-05-18,7,PET SUPPLIES,0.0,0
1628707,2015-07-05,8,PERSONAL CARE,435.0,0
1116322,2014-09-20,30,SCHOOL AND OFFICE SUPPLIES,0.0,0
2405598,2016-09-14,6,PRODUCE,3381.962,193
336473,2013-07-08,5,BREAD/BAKERY,376.688,0
2396893,2016-09-10,12,BOOKS,0.0,0
2936461,2017-07-10,50,"LIQUOR,WINE,BEER",71.0,4
1636911,2015-07-10,38,GROCERY I,3446.0,14
2855862,2017-05-26,4,DELI,261.663,55
512857,2013-10-15,49,BOOKS,0.0,0
60379,2013-02-03,52,"LIQUOR,WINE,BEER",0.0,0
1805730,2015-10-13,25,BEVERAGES,1320.0,6
1469159,2015-04-07,30,SEAFOOD,1.0,0
1024684,2014-07-31,10,BABY CARE,4.0,0
867251,2014-05-03,42,FROZEN FOODS,0.0,0
898927,2014-05-21,31,CLEANING,686.0,0
2358223,2016-08-19,27,EGGS,167.0,26
241560,2013-05-16,37,AUTOMOTIVE,0.0,0
2126204,2016-04-11,17,HARDWARE,0.0,0
2461784,2016-10-16,32,HOME APPLIANCES,0.0,0
1416853,2015-03-09,13,SCHOOL AND OFFICE SUPPLIES,0.0,0
1634505,2015-07-09,20,HOME AND KITCHEN I,16.0,0
2068738,2016-03-09,54,BABY CARE,1.0,0
1622269,2015-07-02,27,"LIQUOR,WINE,BEER",71.0,0
1328588,2015-01-18,37,DAIRY,998.0,0
1828392,2015-10-26,10,PLAYERS AND ELECTRONICS,4.0,0
1944669,2015-12-31,23,GROCERY I,2132.0,1
2890514,2017-06-15,12,FROZEN FOODS,54.035,1
2617459,2017-01-12,5,SCHOOL AND OFFICE SUPPLIES,0.0,0
404062,2013-08-15,46,EGGS,149.0,0
1193423,2014-11-02,44,FROZEN FOODS,569.379,0
1573066,2015-06-04,46,"LIQUOR,WINE,BEER",157.0,0
1009497,2014-07-22,33,PLAYERS AND ELECTRONICS,12.0,0
640921,2013-12-27,41,POULTRY,153.59,0
1127584,2014-09-26,47,CLEANING,1578.0,1
1171319,2014-10-21,24,HOME APPLIANCES,0.0,0
2687437,2017-02-21,14,HOME AND KITCHEN II,24.0,0
1286898,2014-12-26,17,PRODUCE,593.894,4
57227,2013-02-02,15,BREAD/BAKERY,145.0,0
1319305,2015-01-13,26,SCHOOL AND OFFICE SUPPLIES,0.0,0
1475390,2015-04-10,6,PET SUPPLIES,0.0,0
2673670,2017-02-13,28,EGGS,297.0,18
2055861,2016-03-02,42,PLAYERS AND ELECTRONICS,13.0,0
667992,2014-01-11,51,CELEBRATION,19.0,0
227104,2013-05-08,30,SCHOOL AND OFFICE SUPPLIES,0.0,0
1832400,2015-10-28,23,DELI,83.136,0
2209423,2016-05-27,51,CLEANING,1666.0,9
221875,2013-05-05,34,HOME AND KITCHEN II,0.0,0
775952,2014-03-13,30,MAGAZINES,0.0,0
2291339,2016-07-12,5,HOME APPLIANCES,0.0,0
1039905,2014-08-08,37,DELI,127.485,40
1198033,2014-11-05,24,BABY CARE,0.0,0
2715044,2017-03-08,39,BEAUTY,2.0,0
1185453,2014-10-29,20,PLAYERS AND ELECTRONICS,0.0,0
682485,2014-01-19,9,GROCERY I,6477.793,0
450490,2013-09-10,49,CLEANING,914.0,0
1616400,2015-06-29,12,PLAYERS AND ELECTRONICS,0.0,0
1638371,2015-07-11,29,LAWN AND GARDEN,0.0,0
229588,2013-05-09,50,CLEANING,1150.0,0
182684,2013-04-13,34,PREPARED FOODS,59.0,0
2303925,2016-07-19,52,PRODUCE,0.0,0
578514,2013-11-21,40,MEATS,93.084,0
2112956,2016-04-03,44,SEAFOOD,232.725,0
1329215,2015-01-18,54,DAIRY,313.0,0
1287410,2014-12-26,31,HARDWARE,2.0,0
2642192,2017-01-26,44,HARDWARE,3.0,0
2691575,2017-02-23,3,PREPARED FOODS,304.24,1
2129713,2016-04-13,15,PERSONAL CARE,174.0,0
2777812,2017-04-12,5,BOOKS,2.0,0
1377046,2015-02-14,46,"LIQUOR,WINE,BEER",225.0,0
2907575,2017-06-24,40,FROZEN FOODS,125.254,17
1285758,2014-12-24,35,GROCERY I,2886.898,88
1240617,2014-11-29,19,HOME AND KITCHEN I,8.0,0
2570584,2016-12-16,35,HOME AND KITCHEN II,9.0,0
2129403,2016-04-12,7,GROCERY I,4607.0,74
1797475,2015-10-08,42,SCHOOL AND OFFICE SUPPLIES,0.0,0
412889,2013-08-20,43,PET SUPPLIES,0.0,0
1046423,2014-08-12,2,PET SUPPLIES,0.0,0
1224846,2014-11-20,26,HOME CARE,51.0,0
1584515,2015-06-11,18,LAWN AND GARDEN,0.0,0
752985,2014-02-28,36,MEATS,181.462,0
2966587,2017-07-27,46,LADIESWEAR,18.0,0
1892593,2015-12-01,12,EGGS,50.0,1
406499,2013-08-17,15,BREAD/BAKERY,151.0,0
1789153,2015-10-04,1,PERSONAL CARE,96.0,1
234395,2013-05-12,35,PREPARED FOODS,21.0,0
449068,2013-09-10,1,BOOKS,0.0,0
853153,2014-04-25,47,BOOKS,0.0,0
1817681,2015-10-20,10,DAIRY,221.0,0
1503476,2015-04-26,43,PREPARED FOODS,54.0,0
553906,2013-11-07,50,BABY CARE,0.0,0
152417,2013-03-27,35,MAGAZINES,0.0,0
1358019,2015-02-04,13,BEVERAGES,747.0,0
2997890,2017-08-14,25,BREAD/BAKERY,417.564,11
2867700,2017-06-02,22,AUTOMOTIVE,1.0,0
1653167,2015-07-19,43,SEAFOOD,1.0,0
657950,2014-01-06,2,PREPARED FOODS,100.474,0
792828,2014-03-22,54,BEVERAGES,1345.0,0
1037386,2014-08-07,16,SCHOOL AND OFFICE SUPPLIES,0.0,0
2863541,2017-05-30,54,SEAFOOD,1.0,0
1963217,2016-01-10,43,HARDWARE,0.0,0
2146979,2016-04-22,49,SEAFOOD,116.164,6
680428,2014-01-18,50,BABY CARE,0.0,0
2572070,2016-12-17,27,HOME APPLIANCES,1.0,0
2549492,2016-12-04,43,FROZEN FOODS,106.46,1
2558997,2016-12-10,10,GROCERY I,3136.388,103
2969770,2017-07-29,36,BABY CARE,0.0,0
499874,2013-10-08,34,MAGAZINES,0.0,0
2239252,2016-06-13,39,BOOKS,0.0,0
2502881,2016-11-08,35,PREPARED FOODS,17.0,0
1606392,2015-06-23,31,HOME CARE,285.0,0
2113161,2016-04-03,50,CELEBRATION,21.0,0
1484997,2015-04-16,25,PRODUCE,10.0,0
471692,2013-09-22,43,MAGAZINES,0.0,0
755979,2014-03-02,20,HOME AND KITCHEN I,0.0,0
2471389,2016-10-21,51,LADIESWEAR,1.0,0
1111438,2014-09-17,43,SCHOOL AND OFFICE SUPPLIES,0.0,0
2498517,2016-11-06,13,LINGERIE,4.0,0
24941,2013-01-14,9,PET SUPPLIES,0.0,0
790853,2014-03-21,49,DAIRY,1424.0,0
2898409,2017-06-19,33,LADIESWEAR,0.0,0
2163927,2016-05-02,25,HOME CARE,83.0,4
2598766,2017-01-02,26,HOME AND KITCHEN II,15.0,5
2034469,2016-02-19,42,LADIESWEAR,6.0,0
2640187,2017-01-25,38,"LIQUOR,WINE,BEER",56.0,2
785061,2014-03-18,36,MEATS,140.663,0
911584,2014-05-28,36,PERSONAL CARE,155.0,0
2296708,2016-07-15,50,CLEANING,1181.0,5
2351548,2016-08-15,4,BABY CARE,0.0,0
2526058,2016-11-21,36,CLEANING,845.0,21
1127210,2014-09-26,36,PREPARED FOODS,23.0,0
1325243,2015-01-16,42,PREPARED FOODS,0.0,0
2380169,2016-08-31,42,FROZEN FOODS,124.0,0
116815,2013-03-07,36,POULTRY,0.0,0
1851918,2015-11-08,20,MEATS,453.967,0
2648863,2017-01-30,31,LADIESWEAR,0.0,0
1788737,2015-10-03,48,BREAD/BAKERY,1199.557,2
587879,2013-11-26,53,HOME APPLIANCES,0.0,0
1765621,2015-09-20,49,"LIQUOR,WINE,BEER",0.0,0
321615,2013-06-30,32,PRODUCE,0.0,0
2999684,2017-08-15,25,HOME APPLIANCES,0.0,0
1195513,2014-11-03,52,"LIQUOR,WINE,BEER",0.0,0
1081231,2014-08-31,46,LADIESWEAR,0.0,0
1812027,2015-10-16,50,PRODUCE,1965.736,1
839449,2014-04-18,12,POULTRY,83.291,0
1112203,2014-09-18,16,BOOKS,0.0,0
2952008,2017-07-19,37,PET SUPPLIES,12.0,0
1886913,2015-11-27,52,CELEBRATION,0.0,0
2626142,2017-01-17,44,BEAUTY,14.0,2
272700,2013-06-03,10,LINGERIE,4.0,0
2129213,2016-04-12,50,LAWN AND GARDEN,2.0,0
1225020,2014-11-20,30,PLAYERS AND ELECTRONICS,3.0,0
763884,2014-03-06,42,AUTOMOTIVE,0.0,0
1028081,2014-08-01,54,SEAFOOD,5.0,0
1727361,2015-08-30,26,DELI,134.004,0
171081,2013-04-07,1,DELI,63.288,0
643131,2013-12-28,53,PLAYERS AND ELECTRONICS,0.0,0
82501,2013-02-16,24,BABY CARE,0.0,0
565755,2013-11-14,33,BEVERAGES,493.0,0
1648423,2015-07-17,11,CLEANING,1943.0,1
2017358,2016-02-10,13,BEAUTY,1.0,0
1493230,2015-04-20,7,GROCERY II,65.0,0
1728579,2015-08-31,10,CELEBRATION,7.0,0
2118687,2016-04-06,6,LINGERIE,3.0,0
911804,2014-05-28,42,HARDWARE,0.0,0
493962,2013-10-05,19,HOME CARE,0.0,0
1641681,2015-07-13,21,PRODUCE,0.0,0
655353,2014-01-04,47,CELEBRATION,33.0,0
1265606,2014-12-13,2,MAGAZINES,4.0,0
630121,2013-12-20,39,LADIESWEAR,0.0,0
981932,2014-07-07,10,HOME APPLIANCES,0.0,0
1765737,2015-09-20,52,CELEBRATION,0.0,0
829270,2014-04-12,27,GROCERY II,19.0,0
2136752,2016-04-17,13,BEAUTY,4.0,0
208263,2013-04-27,52,AUTOMOTIVE,0.0,0
331257,2013-07-05,53,BEVERAGES,0.0,0
1420338,2015-03-11,11,HOME CARE,0.0,0
284331,2013-06-09,37,BEVERAGES,969.0,0
798451,2014-03-26,12,HOME AND KITCHEN II,5.0,0
1086603,2014-09-03,47,GROCERY I,9228.0,4
1647324,2015-07-16,3,PRODUCE,6414.417,0
2354420,2016-08-17,20,BEAUTY,12.0,1
1368094,2015-02-09,45,GROCERY II,66.0,0
595942,2013-12-01,3,POULTRY,1902.125,0
2845822,2017-05-20,9,BABY CARE,0.0,0
2962724,2017-07-25,38,HOME APPLIANCES,0.0,0
1165717,2014-10-18,17,PERSONAL CARE,266.0,0
391377,2013-08-08,4,PRODUCE,2.0,0
2838082,2017-05-16,40,HOME AND KITCHEN II,41.0,1
1515313,2015-05-03,26,LADIESWEAR,0.0,0
1710554,2015-08-20,53,SEAFOOD,1.0,0
2439479,2016-10-03,7,LAWN AND GARDEN,8.0,0
2844684,2017-05-20,26,HOME CARE,94.0,6
2637124,2017-01-23,51,POULTRY,740.258,0
832056,2014-04-13,54,PLAYERS AND ELECTRONICS,0.0,0
673080,2014-01-14,44,GROCERY I,5710.0,0
517255,2013-10-18,22,GROCERY II,0.0,0
405840,2013-08-16,46,CELEBRATION,0.0,0
1539362,2015-05-16,50,FROZEN FOODS,237.0,1
723709,2014-02-12,15,LADIESWEAR,0.0,0
2649109,2017-01-30,39,BABY CARE,3.0,0
818992,2014-04-06,38,SCHOOL AND OFFICE SUPPLIES,0.0,0
641158,2013-12-27,49,BABY CARE,0.0,0
836651,2014-04-16,34,BEAUTY,1.0,0
1995070,2016-01-28,37,"LIQUOR,WINE,BEER",101.0,1
1160667,2014-10-15,25,MEATS,145.53,0
700492,2014-01-30,14,BABY CARE,0.0,0
1495320,2015-04-22,15,MEATS,119.189,0
2656129,2017-02-03,35,PERSONAL CARE,71.0,4
620356,2013-12-15,15,"LIQUOR,WINE,BEER",0.0,0
1218116,2014-11-16,37,LAWN AND GARDEN,7.0,0
1744635,2015-09-09,10,MEATS,191.327,0
811750,2014-04-02,35,HOME AND KITCHEN II,0.0,0
1158194,2014-10-13,6,PET SUPPLIES,9.0,0
1566376,2015-05-31,9,SCHOOL AND OFFICE SUPPLIES,0.0,0
1170062,2014-10-20,39,HARDWARE,0.0,0
2100238,2016-03-27,38,LADIESWEAR,40.0,0
457496,2013-09-14,45,HOME APPLIANCES,1.0,0
2420173,2016-09-23,15,LADIESWEAR,12.0,0
1213808,2014-11-14,17,BEAUTY,1.0,0
1438974,2015-03-21,34,DELI,282.534,0
2473568,2016-10-23,13,LAWN AND GARDEN,0.0,0
1064524,2014-08-22,28,EGGS,154.0,1
1457424,2015-03-31,51,GROCERY I,4034.0,10
1023729,2014-07-30,33,BEVERAGES,1600.0,4
1006886,2014-07-21,10,MAGAZINES,0.0,0
2621868,2017-01-15,24,HOME CARE,278.0,6
2851905,2017-05-24,29,GROCERY I,2621.489,60
932963,2014-06-09,36,LAWN AND GARDEN,4.0,0
1061247,2014-08-20,36,AUTOMOTIVE,2.0,0
156085,2013-03-29,38,POULTRY,74.529,0
1474545,2015-04-10,32,CELEBRATION,0.0,0
917787,2014-06-01,10,MEATS,262.388,0
1649482,2015-07-17,40,EGGS,75.0,0
30418,2013-01-18,12,PERSONAL CARE,70.0,0
1144942,2014-10-06,34,CLEANING,1108.0,0
1251986,2014-12-05,37,SEAFOOD,23.081,4
433038,2013-09-01,1,GROCERY I,992.0,0
548967,2013-11-05,12,GROCERY I,2759.0,0
279835,2013-06-07,10,POULTRY,96.125,0
1431083,2015-03-17,13,BREAD/BAKERY,212.0,0
42322,2013-01-24,46,HOME AND KITCHEN II,0.0,0
2435882,2016-10-01,6,LAWN AND GARDEN,7.0,0
1645250,2015-07-15,22,BEAUTY,0.0,0
40869,2013-01-23,6,HOME AND KITCHEN I,0.0,0
1389334,2015-02-21,41,BABY CARE,0.0,0
2845429,2017-05-20,47,BOOKS,0.0,0
2996547,2017-08-13,37,HOME AND KITCHEN I,36.0,1
1611246,2015-06-26,18,LINGERIE,3.0,0
570085,2013-11-16,54,EGGS,26.0,0
2491369,2016-11-02,13,BABY CARE,0.0,0
1334435,2015-01-21,50,HARDWARE,2.0,0
2946081,2017-07-16,21,CELEBRATION,14.0,0
2369996,2016-08-25,8,BEAUTY,13.0,0
1077250,2014-08-29,34,SCHOOL AND OFFICE SUPPLIES,0.0,0
2804781,2017-04-27,7,GROCERY I,3326.0,92
2153047,2016-04-26,2,POULTRY,485.336,0
81334,2013-02-15,40,"LIQUOR,WINE,BEER",18.0,0
1416031,2015-03-08,40,BABY CARE,0.0,0
1094235,2014-09-08,11,LINGERIE,16.0,0
366902,2013-07-25,53,DAIRY,0.0,0
2719121,2017-03-10,52,LAWN AND GARDEN,0.0,0
2189100,2016-05-16,31,GROCERY I,3934.331,44
953376,2014-06-21,1,CELEBRATION,0.0,0
1082437,2014-09-01,30,BOOKS,0.0,0
317665,2013-06-28,22,CLEANING,0.0,0
2871920,2017-06-04,4,PREPARED FOODS,103.684,0
2775295,2017-04-11,29,POULTRY,164.371,0
2747739,2017-03-26,6,PLAYERS AND ELECTRONICS,25.0,0
1053614,2014-08-16,21,MAGAZINES,0.0,0
1570747,2015-06-03,31,GROCERY II,5.0,0
677753,2014-01-17,25,SEAFOOD,22.0,0
2270526,2016-07-01,16,PLAYERS AND ELECTRONICS,2.0,0
1063828,2014-08-21,9,CLEANING,1259.0,1
564635,2013-11-13,51,BREAD/BAKERY,800.787,0
2333368,2016-08-05,3,BOOKS,0.0,0
2733760,2017-03-19,14,CLEANING,506.0,17
2673122,2017-02-13,12,MAGAZINES,0.0,0
1706175,2015-08-18,31,DELI,299.701,0
1195900,2014-11-04,14,GROCERY II,2.0,0
1608695,2015-06-24,46,FROZEN FOODS,182.858,6
358132,2013-07-20,8,HOME AND KITCHEN II,0.0,0
176237,2013-04-09,53,HOME APPLIANCES,0.0,0
268382,2013-05-31,39,PET SUPPLIES,0.0,0
1855535,2015-11-10,22,FROZEN FOODS,25.0,0
1733311,2015-09-02,42,LADIESWEAR,30.0,0
895130,2014-05-19,25,BREAD/BAKERY,128.28,0
1739284,2015-09-06,10,LADIESWEAR,30.0,0
597572,2013-12-02,26,DAIRY,441.0,0
226640,2013-05-08,18,PREPARED FOODS,24.0,0
107552,2013-03-02,27,BREAD/BAKERY,402.695,0
2528768,2016-11-23,12,FROZEN FOODS,35.0,4
321555,2013-06-30,31,BEVERAGES,1109.0,0
1904535,2015-12-07,47,CELEBRATION,49.0,0
777874,2014-03-14,34,SCHOOL AND OFFICE SUPPLIES,0.0,0
2848817,2017-05-22,41,PET SUPPLIES,11.0,0
2627047,2017-01-18,2,HOME AND KITCHEN II,15.0,0
476738,2013-09-25,35,LAWN AND GARDEN,0.0,0
2979937,2017-08-04,21,BOOKS,0.0,0
1471521,2015-04-08,47,HOME CARE,0.0,0
1418145,2015-03-09,5,BEVERAGES,739.0,0
2828337,2017-05-11,18,CELEBRATION,9.0,0
1422463,2015-03-12,20,SCHOOL AND OFFICE SUPPLIES,0.0,0
2451717,2016-10-10,5,HOME AND KITCHEN I,18.0,0
329043,2013-07-04,41,AUTOMOTIVE,3.0,0
1037863,2014-08-07,3,GROCERY II,40.0,0
1089054,2014-09-05,16,LINGERIE,9.0,0
2580196,2016-12-21,54,PERSONAL CARE,180.0,8
574645,2013-11-19,32,HOME AND KITCHEN II,0.0,0
116450,2013-03-07,26,PET SUPPLIES,0.0,0
1824883,2015-10-24,12,HOME AND KITCHEN II,3.0,0
954588,2014-06-21,42,PRODUCE,0.0,0
2683804,2017-02-19,12,GROCERY II,10.0,2
1825380,2015-10-24,26,HOME CARE,110.0,0
1541058,2015-05-17,48,MEATS,1555.217,1
2646526,2017-01-29,16,PERSONAL CARE,236.0,8
137662,2013-03-19,21,LADIESWEAR,0.0,0
1397712,2015-02-26,26,PRODUCE,1.0,0
2401429,2016-09-12,39,LADIESWEAR,3.0,0
43139,2013-01-25,2,DAIRY,470.0,0
2150816,2016-04-24,8,DAIRY,2218.0,39
2397502,2016-09-10,29,LADIESWEAR,0.0,0
2286657,2016-07-10,19,LINGERIE,1.0,0
150949,2013-03-26,44,CLEANING,1179.0,0
2985691,2017-08-07,32,HOME AND KITCHEN II,2.0,0
2702486,2017-03-01,36,HOME APPLIANCES,0.0,0
778272,2014-03-14,46,AUTOMOTIVE,6.0,0
1063228,2014-08-21,41,BABY CARE,0.0,0
2303084,2016-07-19,3,HARDWARE,5.0,0
295661,2013-06-15,54,HARDWARE,0.0,0
1259542,2014-12-09,49,SCHOOL AND OFFICE SUPPLIES,6.0,0
1337814,2015-01-23,45,PLAYERS AND ELECTRONICS,0.0,0
1135357,2014-10-01,15,PERSONAL CARE,215.0,0
779686,2014-03-15,35,POULTRY,99.346,0
2693240,2017-02-24,27,FROZEN FOODS,158.185,2
563152,2013-11-13,10,CLEANING,648.0,0
2714507,2017-03-08,23,PET SUPPLIES,9.0,0
2267008,2016-06-29,18,CLEANING,401.0,12
2184773,2016-05-14,10,DAIRY,431.0,3
1391229,2015-02-22,44,HOME AND KITCHEN I,97.0,0
1902938,2015-12-06,51,PET SUPPLIES,23.0,0
515479,2013-10-17,22,LADIESWEAR,0.0,0
1999487,2016-01-31,11,HOME APPLIANCES,0.0,0
740477,2014-02-21,35,MAGAZINES,0.0,0
2779089,2017-04-13,35,PLAYERS AND ELECTRONICS,1.0,0
1532784,2015-05-13,17,AUTOMOTIVE,3.0,0
208372,2013-04-27,6,EGGS,239.0,0
2522225,2016-11-19,29,BEAUTY,4.0,1
1385949,2015-02-19,46,HOME AND KITCHEN I,17.0,0
1929067,2015-12-21,35,LADIESWEAR,0.0,0
1049959,2014-08-14,19,SCHOOL AND OFFICE SUPPLIES,0.0,0
2970899,2017-07-30,18,DAIRY,825.0,5
19933,2013-01-12,19,BABY CARE,0.0,0
2516250,2016-11-16,11,AUTOMOTIVE,10.0,0
2722959,2017-03-13,10,PRODUCE,248.181,6
2086255,2016-03-19,45,POULTRY,1589.423,0
2185063,2016-05-14,19,BABY CARE,1.0,0
1257356,2014-12-08,38,MAGAZINES,0.0,0
2197101,2016-05-20,6,PLAYERS AND ELECTRONICS,5.0,0
1617644,2015-06-29,47,HOME APPLIANCES,0.0,0
409408,2013-08-18,46,EGGS,326.0,0
53140,2013-01-30,5,EGGS,121.0,0
1150972,2014-10-09,52,SCHOOL AND OFFICE SUPPLIES,0.0,0
2809565,2017-04-30,40,FROZEN FOODS,49.0,3
1204648,2014-11-09,1,HOME AND KITCHEN II,1.0,0
146553,2013-03-24,21,AUTOMOTIVE,0.0,0
1599652,2015-06-19,42,EGGS,0.0,0
1668058,2015-07-28,12,CLEANING,758.0,0
1732935,2015-09-02,32,CELEBRATION,5.0,0
2202264,2016-05-23,50,DELI,374.68,6
2306926,2016-07-21,37,POULTRY,247.606,0
1350673,2015-01-30,7,HOME AND KITCHEN II,13.0,0
295910,2013-06-16,11,SEAFOOD,4.0,0
303642,2013-06-20,29,DELI,0.0,0
2825664,2017-05-09,42,CELEBRATION,5.0,0
1442191,2015-03-23,24,PERSONAL CARE,312.0,0
228158,2013-05-09,10,PREPARED FOODS,13.0,0
2300917,2016-07-18,19,PERSONAL CARE,174.0,8
2603233,2017-01-04,50,POULTRY,457.37,1
2591315,2016-12-29,17,MAGAZINES,1.0,0
1763764,2015-09-19,47,GROCERY II,101.0,0
1226565,2014-11-21,24,LINGERIE,11.0,0
1660603,2015-07-23,52,EGGS,0.0,0
1470140,2015-04-07,9,MAGAZINES,0.0,0
2195456,2016-05-20,1,SEAFOOD,38.564,6
586720,2013-11-26,21,GROCERY II,0.0,0
1580667,2015-06-09,10,AUTOMOTIVE,2.0,0
1670838,2015-07-29,4,HOME AND KITCHEN I,14.0,0
2227914,2016-06-07,20,HOME CARE,286.0,4
2657271,2017-02-04,18,GROCERY I,4099.15,42
2540377,2016-11-29,38,BOOKS,0.0,0
2493954,2016-11-03,35,GROCERY I,2510.0,80
2940996,2017-07-13,29,BEVERAGES,2364.0,30
1622873,2015-07-02,43,SEAFOOD,0.0,0
815524,2014-04-04,40,POULTRY,130.172,0
1142305,2014-10-05,10,EGGS,108.0,0
1674902,2015-07-31,53,LAWN AND GARDEN,0.0,0
1760266,2015-09-17,49,GROCERY II,48.0,0
1534177,2015-05-13,6,CLEANING,1123.0,1
582068,2013-11-23,40,HARDWARE,0.0,0
430241,2013-08-30,30,LAWN AND GARDEN,0.0,0
1496315,2015-04-22,42,PREPARED FOODS,0.0,0
2833478,2017-05-14,11,SEAFOOD,4.0,1
1331873,2015-01-20,29,PET SUPPLIES,0.0,0
2328977,2016-08-02,7,BEAUTY,2.0,0
1779555,2015-09-28,4,PRODUCE,2189.037,0
2133751,2016-04-15,29,BOOKS,0.0,0
2949774,2017-07-18,25,BEVERAGES,1414.0,37
2620208,2017-01-14,28,DAIRY,1080.0,20
1404251,2015-03-02,10,BEAUTY,3.0,0
2933926,2017-07-09,3,POULTRY,1484.058,0
51749,2013-01-30,11,BREAD/BAKERY,484.0,0
2804207,2017-04-27,4,SEAFOOD,15.307,0
2348634,2016-08-13,8,MEATS,385.235,3
1353691,2015-02-01,40,SCHOOL AND OFFICE SUPPLIES,0.0,0
232599,2013-05-11,35,HOME AND KITCHEN I,0.0,0
2394914,2016-09-08,7,BREAD/BAKERY,784.476,9
302258,2013-06-19,4,FROZEN FOODS,95.0,0
1840775,2015-11-01,9,BEAUTY,7.0,0
2426782,2016-09-26,5,POULTRY,179.379,0
1012191,2014-07-24,1,HOME AND KITCHEN I,37.0,0
1709102,2015-08-20,13,SEAFOOD,0.0,0
2850177,2017-05-23,30,AUTOMOTIVE,4.0,0
1791147,2015-10-05,16,CELEBRATION,0.0,0
2616299,2017-01-12,18,PET SUPPLIES,1.0,0
2000499,2016-01-31,4,CELEBRATION,15.0,0
2193468,2016-05-18,53,MEATS,271.833,35
2461168,2016-10-16,15,POULTRY,126.106,1
2429612,2016-09-28,3,LAWN AND GARDEN,26.0,0
1925228,2015-12-19,28,DAIRY,770.0,0
2267223,2016-06-29,23,MEATS,960.12,0
681632,2014-01-19,34,HOME APPLIANCES,0.0,0
2709672,2017-03-05,38,DELI,213.792,0
1576859,2015-06-06,52,LAWN AND GARDEN,0.0,0
2720074,2017-03-11,3,HOME AND KITCHEN II,65.0,2
600945,2013-12-04,20,HOME AND KITCHEN I,0.0,0
1924893,2015-12-19,19,BEVERAGES,3815.0,0
2304783,2016-07-20,27,PRODUCE,3650.968,204
413584,2013-08-21,13,POULTRY,42.228,0
1895929,2015-12-02,6,GROCERY II,45.0,0
884391,2014-05-13,23,MEATS,901.086,0
254470,2013-05-23,49,CLEANING,804.0,0
1386085,2015-02-19,5,LADIESWEAR,0.0,0
2657418,2017-02-04,21,PLAYERS AND ELECTRONICS,25.0,0
2372191,2016-08-27,19,LADIESWEAR,12.0,0
2927569,2017-07-05,51,CLEANING,1867.0,44
2664823,2017-02-08,3,CLEANING,2207.0,41
254086,2013-05-23,38,LADIESWEAR,0.0,0
2355447,2016-08-17,49,CELEBRATION,36.0,0
718040,2014-02-08,6,PET SUPPLIES,0.0,0
1939668,2015-12-28,32,PLAYERS AND ELECTRONICS,0.0,0
1852664,2015-11-08,41,FROZEN FOODS,127.371,0
1128712,2014-09-27,29,GROCERY II,0.0,0
2519264,2016-11-17,45,FROZEN FOODS,264.76,5
1842590,2015-11-03,1,BEAUTY,1.0,0
1459746,2015-04-02,17,MEATS,164.855,7
651194,2014-01-02,30,BREAD/BAKERY,157.0,0
2076373,2016-03-14,19,GROCERY II,3.0,0
2715466,2017-03-08,5,POULTRY,237.725,0
733619,2014-02-17,42,PREPARED FOODS,0.0,0
1283177,2014-12-23,13,BREAD/BAKERY,173.0,0
2642487,2017-01-26,52,GROCERY I,0.0,0
154535,2013-03-28,44,PREPARED FOODS,659.132,0
1837027,2015-10-30,52,HOME AND KITCHEN II,0.0,0
1437585,2015-03-20,45,CELEBRATION,0.0,0
1700508,2015-08-15,22,HOME CARE,0.0,0
184449,2013-04-14,34,GROCERY I,3528.0,0
497409,2013-10-07,16,AUTOMOTIVE,2.0,0
2831400,2017-05-12,53,AUTOMOTIVE,13.0,0
2796146,2017-04-23,14,MAGAZINES,1.0,0
15472,2013-01-09,42,POULTRY,0.0,0
883961,2014-05-13,11,MAGAZINES,0.0,0
1510026,2015-04-30,28,GROCERY I,2632.579,10
1014850,2014-07-25,34,BABY CARE,0.0,0
1300224,2015-01-02,40,MEATS,136.955,1
1394108,2015-02-24,25,MAGAZINES,0.0,0
584643,2013-11-25,13,HOME AND KITCHEN I,0.0,0
2757673,2017-04-01,34,POULTRY,153.05501,0
2113141,2016-04-03,5,LADIESWEAR,32.0,0
284893,2013-06-09,52,BOOKS,0.0,0
1115398,2014-09-19,54,SCHOOL AND OFFICE SUPPLIES,0.0,0
2295785,2016-07-15,25,DAIRY,492.0,10
192850,2013-04-19,2,SCHOOL AND OFFICE SUPPLIES,0.0,0
1466260,2015-04-05,5,BOOKS,0.0,0
1457787,2015-04-01,12,GROCERY I,0.0,0
491628,2013-10-03,52,PLAYERS AND ELECTRONICS,0.0,0
1880781,2015-11-24,30,GROCERY I,1826.0,2
2326291,2016-08-01,30,"LIQUOR,WINE,BEER",5.0,0
828158,2014-04-11,45,MAGAZINES,0.0,0
2359044,2016-08-19,5,CELEBRATION,29.0,0
2635594,2017-01-23,1,HOME AND KITCHEN II,20.0,0
1081061,2014-08-31,41,HARDWARE,0.0,0
968763,2014-06-29,40,HOME AND KITCHEN I,0.0,0
641238,2013-12-27,50,HOME AND KITCHEN I,0.0,0
1189064,2014-10-31,22,DAIRY,0.0,0
2149840,2016-04-24,3,"LIQUOR,WINE,BEER",0.0,0
41033,2013-01-24,10,HARDWARE,1.0,0
2574733,2016-12-18,51,CLEANING,2355.0,50
1496427,2015-04-22,46,DELI,616.814,5
2240705,2016-06-14,3,BREAD/BAKERY,1163.524,3
1321721,2015-01-14,44,BREAD/BAKERY,1315.832,4
2751887,2017-03-29,22,HOME APPLIANCES,0.0,0
2338805,2016-08-08,31,PREPARED FOODS,74.0,0
2209504,2016-05-27,53,"LIQUOR,WINE,BEER",170.0,18
1477427,2015-04-12,13,HOME APPLIANCES,0.0,0
757189,2014-03-02,54,BOOKS,0.0,0
1544302,2015-05-19,4,BABY CARE,0.0,0
1143768,2014-10-05,50,LINGERIE,29.0,0
2730245,2017-03-17,15,MAGAZINES,3.0,0
794416,2014-03-23,49,CLEANING,2076.0,0
1746822,2015-09-10,22,AUTOMOTIVE,0.0,0
1538871,2015-05-16,37,HOME AND KITCHEN I,13.0,0
562708,2013-11-12,47,PERSONAL CARE,434.0,0
388541,2013-08-07,10,SEAFOOD,0.0,0
2347023,2016-08-13,12,PRODUCE,260.174,1
1616965,2015-06-29,28,SCHOOL AND OFFICE SUPPLIES,6.0,0
580184,2013-11-22,38,FROZEN FOODS,159.674,0
831646,2014-04-13,43,GROCERY II,3.0,0
969060,2014-06-29,49,HOME AND KITCHEN I,0.0,0
730791,2014-02-16,14,CELEBRATION,0.0,0
896648,2014-05-20,18,BREAD/BAKERY,761.0,0
1355376,2015-02-02,39,AUTOMOTIVE,4.0,0
425644,2013-08-27,51,EGGS,232.0,0
125597,2013-03-12,32,SEAFOOD,6.0,0
599187,2013-12-03,21,CELEBRATION,0.0,0
97530,2013-02-24,45,HOME AND KITCHEN I,0.0,0
1720438,2015-08-26,31,HOME AND KITCHEN II,19.0,0
1303779,2015-01-04,40,HOME AND KITCHEN I,40.0,0
852476,2014-04-25,28,LAWN AND GARDEN,0.0,0
51070,2013-01-29,41,LADIESWEAR,0.0,0
2477950,2016-10-25,36,GROCERY II,4.0,0
2712379,2017-03-07,14,EGGS,33.0,2
1479546,2015-04-13,22,MEATS,0.0,0
2227232,2016-06-06,50,PREPARED FOODS,109.0,0
2859115,2017-05-28,30,POULTRY,69.803,0
2130030,2016-04-13,24,GROCERY I,4094.0,90
1945628,2015-12-31,5,HARDWARE,0.0,0
357545,2013-07-20,40,MAGAZINES,0.0,0
454655,2013-09-13,16,HARDWARE,0.0,0
872749,2014-05-06,46,SCHOOL AND OFFICE SUPPLIES,0.0,0
2904688,2017-06-23,1,POULTRY,487.16602,41
532735,2013-10-26,7,HOME AND KITCHEN II,0.0,0
199612,2013-04-23,1,POULTRY,137.132,0
1887114,2015-11-27,9,DELI,412.877,56
1160463,2014-10-15,2,HOME CARE,271.0,0
2937927,2017-07-11,42,BEVERAGES,2409.0,36
2691235,2017-02-23,20,LADIESWEAR,7.0,0
988863,2014-07-10,54,HOME CARE,136.0,0
2658090,2017-02-04,40,CELEBRATION,17.0,0
512387,2013-10-15,35,PREPARED FOODS,17.0,0
429138,2013-08-29,5,CELEBRATION,0.0,0
670407,2014-01-13,2,GROCERY I,2907.0,0
2114241,2016-04-04,30,PRODUCE,454.646,0
1834067,2015-10-29,2,PET SUPPLIES,3.0,0
525514,2013-10-22,53,"LIQUOR,WINE,BEER",0.0,0
1363737,2015-02-07,23,GROCERY I,1944.0,3
2203481,2016-05-24,35,BREAD/BAKERY,94.0,9
1147699,2014-10-08,11,PERSONAL CARE,337.0,0
1880175,2015-11-24,14,AUTOMOTIVE,3.0,0
1462665,2015-04-03,49,CELEBRATION,0.0,0
1543034,2015-05-18,53,LAWN AND GARDEN,0.0,0
1597669,2015-06-18,37,CLEANING,1117.0,3
1100715,2014-09-11,43,AUTOMOTIVE,9.0,0
952514,2014-06-20,35,BEAUTY,1.0,0
1894000,2015-12-01,50,SCHOOL AND OFFICE SUPPLIES,3.0,0
2541234,2016-11-30,12,BEVERAGES,1345.0,49
670871,2014-01-13,32,HARDWARE,0.0,0
1875239,2015-11-21,25,HARDWARE,2.0,0
952193,2014-06-20,26,FROZEN FOODS,22.0,0
2872615,2017-06-05,1,SCHOOL AND OFFICE SUPPLIES,0.0,0
1450457,2015-03-27,7,DAIRY,1289.0,0
1457824,2015-04-01,13,HOME AND KITCHEN II,19.0,0
46274,2013-01-26,8,DAIRY,960.0,0
1172790,2014-10-22,16,BEVERAGES,1159.0,0
2166326,2016-05-03,42,DAIRY,810.0,1
330080,2013-07-05,20,HARDWARE,0.0,0
1157708,2014-10-13,42,BEAUTY,0.0,0
112981,2013-03-05,29,"LIQUOR,WINE,BEER",0.0,0
797761,2014-03-25,42,LADIESWEAR,0.0,0
183555,2013-04-14,1,DELI,47.297,0
607786,2013-12-08,12,PERSONAL CARE,216.0,0
762454,2014-03-05,51,"LIQUOR,WINE,BEER",95.0,0
1389397,2015-02-21,42,SCHOOL AND OFFICE SUPPLIES,0.0,0
1450058,2015-03-27,45,BREAD/BAKERY,1050.346,0
2923303,2017-07-03,31,SCHOOL AND OFFICE SUPPLIES,1.0,0
390164,2013-08-07,7,BREAD/BAKERY,420.858,0
1881511,2015-11-24,50,HOME AND KITCHEN II,28.0,1
2861294,2017-05-29,41,PREPARED FOODS,61.244,0
2338913,2016-08-08,35,BREAD/BAKERY,93.0,0
1792617,2015-10-05,7,MEATS,526.695,0
1724128,2015-08-28,35,EGGS,208.0,0
1780259,2015-09-29,10,DAIRY,209.0,0
244949,2013-05-18,31,MAGAZINES,0.0,0
62921,2013-02-05,24,MAGAZINES,0.0,0
2877960,2017-06-08,1,PRODUCE,2106.388,0
1124904,2014-09-25,22,AUTOMOTIVE,0.0,0
1131619,2014-09-29,10,HOME AND KITCHEN II,3.0,0
2386380,2016-09-04,17,HOME CARE,495.0,4
108106,2013-03-02,41,SCHOOL AND OFFICE SUPPLIES,0.0,0
1422964,2015-03-12,35,BOOKS,0.0,0
302315,2013-06-19,41,BEAUTY,1.0,0
2679965,2017-02-16,54,BEAUTY,1.0,0
2501951,2016-11-08,1,MAGAZINES,4.0,0
312478,2013-06-25,27,BABY CARE,0.0,0
493953,2013-10-05,19,DELI,338.0,0
1146433,2014-10-07,26,GROCERY II,5.0,0
862262,2014-04-30,52,BREAD/BAKERY,0.0,0
683892,2014-01-20,48,AUTOMOTIVE,5.0,0
1552659,2015-05-24,24,DELI,348.858,1
1750799,2015-09-12,33,HOME APPLIANCES,0.0,0
2555125,2016-12-07,51,BABY CARE,0.0,0
2214218,2016-05-30,36,HOME APPLIANCES,0.0,0
985970,2014-07-09,23,PREPARED FOODS,51.0,1
341650,2013-07-11,45,BABY CARE,0.0,0
426747,2013-08-28,32,MEATS,47.597,0
1903372,2015-12-07,14,SCHOOL AND OFFICE SUPPLIES,0.0,0
421088,2013-08-25,24,DAIRY,764.0,0
390617,2013-08-08,19,PREPARED FOODS,11.0,0
2169328,2016-05-05,27,CLEANING,640.0,6
389132,2013-08-07,27,PREPARED FOODS,83.009,0
2679397,2017-02-16,38,POULTRY,87.115,0
664331,2014-01-09,49,DAIRY,1211.0,0
1975289,2016-01-17,32,DAIRY,222.0,2
1390576,2015-02-22,26,"LIQUOR,WINE,BEER",0.0,0
930703,2014-06-08,23,BOOKS,0.0,0
1643262,2015-07-14,16,PLAYERS AND ELECTRONICS,1.0,0
2640998,2017-01-26,11,DAIRY,452.0,13
1961014,2016-01-09,31,"LIQUOR,WINE,BEER",48.0,0
75967,2013-02-12,40,BABY CARE,0.0,0
2389382,2016-09-05,50,HOME APPLIANCES,0.0,0
1741188,2015-09-07,14,DELI,378.0,1
2671604,2017-02-12,2,MAGAZINES,21.0,0
2129693,2016-04-13,15,BREAD/BAKERY,148.0,0
1507130,2015-04-28,46,LAWN AND GARDEN,1.0,0
2556191,2016-12-08,31,FROZEN FOODS,203.432,0
1209828,2014-11-11,54,HOME AND KITCHEN I,6.0,0
950618,2014-06-19,31,LAWN AND GARDEN,1.0,0
2473961,2016-10-23,24,HOME APPLIANCES,0.0,0
1118763,2014-09-21,49,PRODUCE,8817.544,0
563147,2013-11-13,10,BEAUTY,0.0,0
1268942,2014-12-15,13,PET SUPPLIES,0.0,0
255386,2013-05-24,24,SEAFOOD,46.019,0
410882,2013-08-19,37,SEAFOOD,18.568,0
2909143,2017-06-25,34,POULTRY,118.298,0
2562608,2016-12-12,11,PET SUPPLIES,3.0,0
532459,2013-10-26,49,BOOKS,0.0,0
50315,2013-01-29,20,MAGAZINES,0.0,0
2997710,2017-08-14,2,MAGAZINES,13.0,0
1022380,2014-07-29,45,CLEANING,1800.0,1
2661893,2017-02-06,47,HARDWARE,1.0,0
217911,2013-05-03,23,GROCERY I,1891.0,0
989043,2014-07-11,10,AUTOMOTIVE,0.0,0
1453205,2015-03-29,33,HOME APPLIANCES,0.0,0
1661978,2015-07-24,40,SEAFOOD,0.0,0
1444494,2015-03-24,39,HOME CARE,0.0,0
550500,2013-11-05,54,PLAYERS AND ELECTRONICS,0.0,0
1477280,2015-04-12,1,BEAUTY,1.0,0
1534268,2015-05-13,8,SEAFOOD,60.422,0
1615137,2015-06-28,27,HOME CARE,412.0,1
250653,2013-05-21,41,HOME CARE,0.0,0
2313445,2016-07-25,20,GROCERY II,4.0,0
467409,2013-09-20,23,PRODUCE,7.0,0
804774,2014-03-29,4,BEVERAGES,3274.0,0
574774,2013-11-19,36,GROCERY II,2.0,0
273154,2013-06-03,23,GROCERY II,14.0,0
810720,2014-04-01,7,DELI,192.145,0
2086281,2016-03-19,46,LINGERIE,6.0,0
1619802,2015-06-30,8,PRODUCE,3616.55,1
2099497,2016-03-27,18,BOOKS,0.0,0
134228,2013-03-17,25,HOME APPLIANCES,0.0,0
192005,2013-04-18,46,FROZEN FOODS,175.796,0
1884899,2015-11-26,46,BREAD/BAKERY,458.626,0
1123523,2014-09-24,33,BREAD/BAKERY,243.0,7
490303,2013-10-03,16,"LIQUOR,WINE,BEER",27.0,0
1654042,2015-07-20,19,HOME AND KITCHEN II,14.0,1
747430,2014-02-25,30,GROCERY II,3.0,0
585221,2013-11-25,29,SEAFOOD,0.0,0
2691017,2017-02-23,14,SEAFOOD,6.0,0
2041486,2016-02-23,4,CLEANING,740.0,0
597768,2013-12-02,31,CELEBRATION,0.0,0
2806137,2017-04-28,44,HOME AND KITCHEN I,175.0,2
2514556,2016-11-15,13,"LIQUOR,WINE,BEER",26.0,0
854614,2014-04-26,38,GROCERY II,45.0,0
1810654,2015-10-16,13,EGGS,41.0,0
1113207,2014-09-18,43,HOME CARE,178.0,0
1893132,2015-12-01,27,LINGERIE,7.0,0
2288932,2016-07-11,32,LADIESWEAR,0.0,0
2948926,2017-07-17,50,GROCERY II,55.0,1
712807,2014-02-06,1,CLEANING,743.0,0
730094,2014-02-15,44,BEAUTY,12.0,0
2792675,2017-04-21,17,HOME APPLIANCES,1.0,0
440663,2013-09-05,23,HARDWARE,0.0,0
2651066,2017-01-31,43,FROZEN FOODS,50.0,2
2868120,2017-06-02,33,MEATS,264.045,0
1116553,2014-09-20,37,SCHOOL AND OFFICE SUPPLIES,0.0,0
1953694,2016-01-05,26,POULTRY,167.881,0
1157236,2014-10-13,29,PERSONAL CARE,0.0,0
2811438,2017-05-01,43,BEVERAGES,6270.0,30
1856376,2015-11-10,45,PLAYERS AND ELECTRONICS,15.0,0
2530262,2016-11-23,53,LAWN AND GARDEN,4.0,1
882412,2014-05-12,18,PERSONAL CARE,129.0,0
1553500,2015-05-24,47,PERSONAL CARE,1102.0,7
694497,2014-01-26,45,GROCERY I,11914.0,0
1871172,2015-11-19,11,CELEBRATION,16.0,0
519410,2013-10-19,32,MAGAZINES,0.0,0
1705733,2015-08-18,19,PREPARED FOODS,32.0,0
1713828,2015-08-22,46,CELEBRATION,41.0,0
1287871,2014-12-26,44,GROCERY II,99.0,0
1419839,2015-03-10,47,HARDWARE,0.0,0
2767369,2017-04-06,7,"LIQUOR,WINE,BEER",119.0,0
47590,2013-01-27,44,BOOKS,0.0,0
2820581,2017-05-06,5,BREAD/BAKERY,408.085,8
403639,2013-08-15,34,HOME AND KITCHEN II,0.0,0
2315056,2016-07-26,16,CLEANING,668.0,14
1632965,2015-07-08,27,PET SUPPLIES,5.0,0
736963,2014-02-19,37,CLEANING,1076.0,0
2237130,2016-06-12,29,PLAYERS AND ELECTRONICS,6.0,0
392211,2013-08-09,14,CELEBRATION,0.0,0
2119087,2016-04-07,17,PERSONAL CARE,264.0,0
1384129,2015-02-18,45,EGGS,454.0,1
2301485,2016-07-18,34,SEAFOOD,10.0,1
2405670,2016-09-14,9,BEVERAGES,2534.0,13
668048,2014-01-11,52,PREPARED FOODS,0.0,0
2646566,2017-01-29,17,SEAFOOD,18.0,0
1989127,2016-01-25,20,LADIESWEAR,5.0,0
2018806,2016-02-10,52,SCHOOL AND OFFICE SUPPLIES,0.0,0
663253,2014-01-09,19,LADIESWEAR,5.0,0
322705,2013-07-01,13,SCHOOL AND OFFICE SUPPLIES,0.0,0
2054296,2016-03-01,49,GROCERY II,108.0,0
403441,2013-08-15,29,HOME AND KITCHEN II,0.0,0
1040347,2014-08-08,49,"LIQUOR,WINE,BEER",306.0,0
2263761,2016-06-27,26,PLAYERS AND ELECTRONICS,0.0,0
2626819,2017-01-18,13,LADIESWEAR,1.0,0
2506204,2016-11-10,29,LADIESWEAR,0.0,0
2428957,2016-09-28,11,PERSONAL CARE,327.0,12
662388,2014-01-08,44,GROCERY I,8683.0,0
2829920,2017-05-12,12,BREAD/BAKERY,89.0,2
2549703,2016-12-04,49,MEATS,1158.574,1
1684863,2015-08-06,33,HOME AND KITCHEN I,26.0,0
1227647,2014-11-21,54,HARDWARE,0.0,0
828437,2014-04-11,53,BREAD/BAKERY,0.0,0
2429676,2016-09-28,31,HOME CARE,183.0,9
1678394,2015-08-02,51,HARDWARE,1.0,0
1684531,2015-08-06,24,GROCERY II,15.0,0
2005384,2016-02-03,27,CLEANING,931.0,4
660460,2014-01-07,4,SCHOOL AND OFFICE SUPPLIES,0.0,0
2769898,2017-04-08,28,EGGS,238.0,3
1964244,2016-01-11,22,HOME CARE,117.0,0
227764,2013-05-08,49,SCHOOL AND OFFICE SUPPLIES,0.0,0
353386,2013-07-18,24,"LIQUOR,WINE,BEER",60.0,0
24894,2013-01-14,8,GROCERY I,2902.0,0
1447251,2015-03-26,17,BEVERAGES,929.0,0
1685328,2015-08-06,46,HOME CARE,489.0,0
2822126,2017-05-07,42,SEAFOOD,24.546,0
1412105,2015-03-06,30,BEAUTY,1.0,0
197388,2013-04-21,47,HOME AND KITCHEN I,0.0,0
2936363,2017-07-10,48,MAGAZINES,5.0,0
2796523,2017-04-23,25,BOOKS,0.0,0
2139010,2016-04-18,26,HOME AND KITCHEN II,15.0,1
2033538,2016-02-19,17,GROCERY I,2784.0,59
1548554,2015-05-21,9,PREPARED FOODS,56.007,1
2020004,2016-02-11,37,DAIRY,996.0,0
1525683,2015-05-09,17,PLAYERS AND ELECTRONICS,0.0,0
1911075,2015-12-11,30,GROCERY I,1510.0,0
296072,2013-06-16,16,PREPARED FOODS,64.0,0
896439,2014-05-20,11,PLAYERS AND ELECTRONICS,0.0,0
157004,2013-03-30,14,MAGAZINES,0.0,0
910272,2014-05-27,5,AUTOMOTIVE,9.0,0
477137,2013-09-25,46,MAGAZINES,0.0,0
1907863,2015-12-09,40,BABY CARE,0.0,0
2130043,2016-04-13,24,PERSONAL CARE,283.0,1
1612313,2015-06-26,47,SEAFOOD,107.031,7
1745565,2015-09-09,36,PRODUCE,1099.039,1
1106838,2014-09-15,15,HOME CARE,251.0,0
2765274,2017-04-05,48,CELEBRATION,24.0,0
2692864,2017-02-24,16,SCHOOL AND OFFICE SUPPLIES,0.0,0
2990920,2017-08-10,29,SCHOOL AND OFFICE SUPPLIES,1.0,0
2499704,2016-11-06,46,LAWN AND GARDEN,13.0,0
555929,2013-11-08,8,FROZEN FOODS,222.1,0
187799,2013-04-16,28,PREPARED FOODS,38.785,0
2151798,2016-04-25,35,AUTOMOTIVE,2.0,0
52808,2013-01-30,40,DAIRY,126.0,0
1252605,2014-12-05,54,MEATS,39.988,0
2990552,2017-08-10,19,PET SUPPLIES,0.0,0
2071307,2016-03-11,26,PREPARED FOODS,44.0,0
2979943,2017-08-04,21,EGGS,173.0,1
343110,2013-07-12,36,DELI,63.367,0
1407871,2015-03-04,11,PERSONAL CARE,427.0,0
1575661,2015-06-06,2,EGGS,241.0,3
2285488,2016-07-09,36,CLEANING,763.0,15
1762831,2015-09-19,21,BOOKS,0.0,0
1209088,2014-11-11,34,BABY CARE,0.0,0
27816,2013-01-16,39,PRODUCE,0.0,0
594510,2013-11-30,4,HOME AND KITCHEN I,0.0,0
901384,2014-05-22,5,"LIQUOR,WINE,BEER",44.0,0
2836907,2017-05-15,8,PREPARED FOODS,118.868,1
335715,2013-07-08,29,CELEBRATION,0.0,0
2785154,2017-04-16,6,LAWN AND GARDEN,20.0,0
1363971,2015-02-07,3,HOME AND KITCHEN I,60.0,0
1174610,2014-10-23,17,DAIRY,343.0,0
549786,2013-11-05,35,CELEBRATION,0.0,0
1376988,2015-02-14,44,PRODUCE,67.0,0
2991275,2017-08-10,39,MAGAZINES,4.0,0
2146742,2016-04-22,42,PET SUPPLIES,5.0,0
826911,2014-04-11,10,PRODUCE,0.0,0
332008,2013-07-06,24,POULTRY,361.639,0
2222102,2016-06-03,8,HARDWARE,1.0,0
1242821,2014-11-30,30,DAIRY,299.0,0
2373869,2016-08-28,16,HARDWARE,0.0,0
2828421,2017-05-11,2,MEATS,294.428,0
364311,2013-07-24,30,MEATS,0.0,0
2304375,2016-07-20,16,HOME CARE,176.0,4
1723171,2015-08-27,9,EGGS,288.0,0
533632,2013-10-27,31,"LIQUOR,WINE,BEER",0.0,0
186245,2013-04-15,34,PET SUPPLIES,0.0,0
2701186,2017-02-28,5,BOOKS,4.0,0
2169481,2016-05-05,30,POULTRY,101.201996,0
2386522,2016-09-04,20,POULTRY,623.164,0
1898433,2015-12-04,26,DELI,82.992,34
1340961,2015-01-25,34,CELEBRATION,0.0,0
513037,2013-10-15,53,LADIESWEAR,0.0,0
2507310,2016-11-11,10,BEVERAGES,795.0,27
2349824,2016-08-14,40,PET SUPPLIES,0.0,0
1357057,2015-02-03,35,SCHOOL AND OFFICE SUPPLIES,0.0,0
2167963,2016-05-04,38,POULTRY,162.858,0
378079,2013-08-01,17,SCHOOL AND OFFICE SUPPLIES,0.0,0
540420,2013-10-31,22,GROCERY I,0.0,0
2079501,2016-03-15,7,CELEBRATION,15.0,0
1220877,2014-11-18,15,DELI,281.0,2
1457529,2015-03-31,54,HOME CARE,0.0,0
526713,2013-10-23,38,AUTOMOTIVE,6.0,0
825512,2014-04-10,21,HOME APPLIANCES,0.0,0
148819,2013-03-25,34,"LIQUOR,WINE,BEER",19.0,0
84642,2013-02-17,33,PRODUCE,0.0,0
1657647,2015-07-22,2,MEATS,434.985,2
1113373,2014-09-18,48,LADIESWEAR,3.0,0
408136,2013-08-18,10,PERSONAL CARE,161.0,0
416680,2013-08-22,5,"LIQUOR,WINE,BEER",35.0,0
2785173,2017-04-16,7,CELEBRATION,16.0,0
345746,2013-07-14,10,BREAD/BAKERY,95.0,0
2856861,2017-05-27,18,HOME CARE,213.0,15
1419815,2015-03-10,46,MAGAZINES,0.0,0
2130750,2016-04-13,44,CELEBRATION,33.0,0
1320445,2015-01-13,9,HOME AND KITCHEN II,13.0,0
2343800,2016-08-11,22,DAIRY,253.0,1
441568,2013-09-05,48,POULTRY,380.02402,0
1885340,2015-11-26,9,HOME APPLIANCES,1.0,0
32287,2013-01-19,15,GROCERY II,17.0,0
2202357,2016-05-23,53,BEVERAGES,2593.0,283
371390,2013-07-28,3,DAIRY,1227.0,0
499782,2013-10-08,31,PRODUCE,0.0,0
1786963,2015-10-02,48,GROCERY II,29.0,0
788349,2014-03-20,29,GROCERY I,0.0,0
2221258,2016-06-03,33,POULTRY,273.522,18
1838884,2015-10-31,54,PERSONAL CARE,321.0,0
731664,2014-02-16,38,LINGERIE,25.0,0
1668465,2015-07-28,23,HOME CARE,117.0,0
592054,2013-11-29,21,BABY CARE,0.0,0
556746,2013-11-09,30,BEVERAGES,505.0,0
1039085,2014-08-08,14,HARDWARE,0.0,0
60185,2013-02-03,47,PET SUPPLIES,0.0,0
2582470,2016-12-23,19,"LIQUOR,WINE,BEER",196.0,1
1293257,2014-12-29,45,LAWN AND GARDEN,21.0,0
1298677,2015-01-01,47,POULTRY,0.0,0
2754060,2017-03-30,33,GROCERY I,2905.0,539
2280343,2016-07-06,41,EGGS,95.0,0
1376917,2015-02-14,42,PERSONAL CARE,0.0,0
505446,2013-10-11,40,HOME CARE,0.0,0
9202,2013-01-06,17,POULTRY,148.582,0
1649361,2015-07-17,37,LINGERIE,17.0,0
349450,2013-07-16,14,GROCERY II,2.0,0
1104481,2014-09-13,49,BOOKS,0.0,0
1312389,2015-01-09,32,GROCERY I,1033.0,6
2869909,2017-06-03,33,SCHOOL AND OFFICE SUPPLIES,0.0,0
340442,2013-07-11,11,HARDWARE,1.0,0
1059316,2014-08-19,31,HOME AND KITCHEN II,0.0,0
390849,2013-08-08,25,PRODUCE,10.0,0
2131362,2016-04-14,11,MEATS,748.478,21
1578170,2015-06-07,4,FROZEN FOODS,190.904,1
2113696,2016-04-04,16,GROCERY II,2.0,0
1000997,2014-07-17,45,DAIRY,1728.0,1
2926744,2017-07-05,29,CLEANING,802.0,44
423498,2013-08-26,41,DELI,109.765,0
1192364,2014-11-02,15,DAIRY,271.0,2
2798786,2017-04-24,38,MAGAZINES,10.0,0
1466254,2015-04-05,49,SCHOOL AND OFFICE SUPPLIES,0.0,0
1246877,2014-12-02,44,BREAD/BAKERY,1193.632,0
2246856,2016-06-17,51,HOME CARE,307.0,2
2637308,2017-01-23,8,HARDWARE,3.0,0
1650416,2015-07-18,17,LAWN AND GARDEN,0.0,0
2723344,2017-03-13,21,LADIESWEAR,5.0,0
2143267,2016-04-20,45,HOME AND KITCHEN II,146.0,2
680477,2014-01-18,51,HOME APPLIANCES,1.0,0
2376620,2016-08-29,42,PET SUPPLIES,6.0,0
21894,2013-01-13,23,HOME AND KITCHEN I,0.0,0
229758,2013-05-09,6,GROCERY I,2663.0,0
587716,2013-11-26,49,LADIESWEAR,0.0,0
1674820,2015-07-31,51,BOOKS,0.0,0
1369435,2015-02-10,33,BABY CARE,0.0,0
979235,2014-07-05,34,PET SUPPLIES,2.0,0
2722547,2017-03-12,49,HARDWARE,6.0,0
1894328,2015-12-02,10,PREPARED FOODS,32.0,5
158077,2013-03-30,44,CLEANING,2761.0,0
2400587,2016-09-12,16,BEAUTY,0.0,0
2387914,2016-09-05,10,BABY CARE,0.0,0
411630,2013-08-19,9,LINGERIE,10.0,0
1824943,2015-10-24,14,EGGS,58.0,0
295349,2013-06-15,45,SEAFOOD,67.255,0
1018887,2014-07-27,47,GROCERY I,9879.0,5
1347520,2015-01-29,18,SCHOOL AND OFFICE SUPPLIES,0.0,0
2341480,2016-08-09,7,SCHOOL AND OFFICE SUPPLIES,1.0,0
836837,2014-04-16,39,MAGAZINES,0.0,0
1975177,2016-01-17,29,POULTRY,290.54,0
963175,2014-06-26,34,BOOKS,0.0,0
895547,2014-05-19,36,PET SUPPLIES,0.0,0
2281257,2016-07-07,18,AUTOMOTIVE,2.0,0
327842,2013-07-03,8,LAWN AND GARDEN,9.0,0
1926061,2015-12-19,50,HOME AND KITCHEN II,144.0,4
2144657,2016-04-21,34,LAWN AND GARDEN,0.0,0
1952617,2016-01-04,46,CLEANING,2780.0,6
2005446,2016-02-03,29,BEVERAGES,1770.0,0
1326761,2015-01-17,35,PREPARED FOODS,13.0,0
541476,2013-10-31,51,GROCERY I,3224.0,0
234169,2013-05-12,3,BABY CARE,0.0,0
1926209,2015-12-19,54,SEAFOOD,2.0,1
833664,2014-04-14,5,HOME CARE,0.0,0
1384013,2015-02-18,41,PET SUPPLIES,0.0,0
1193518,2014-11-02,47,CLEANING,2807.0,0
1192261,2014-11-02,12,BOOKS,0.0,0
1448049,2015-03-26,39,DELI,227.798,56
2210013,2016-05-28,19,BEVERAGES,2660.0,10
1668042,2015-07-28,11,MEATS,665.051,0
1625030,2015-07-03,54,FROZEN FOODS,31.192,0
2867573,2017-06-02,19,BREAD/BAKERY,120.0,0
1479937,2015-04-13,33,LADIESWEAR,0.0,0
2999669,2017-08-15,25,BEAUTY,3.0,0
2758510,2017-04-01,9,CLEANING,3755.0,33
1221106,2014-11-18,21,CLEANING,0.0,0
663269,2014-01-09,2,BEAUTY,2.0,0
833407,2014-04-14,42,PERSONAL CARE,0.0,0
996700,2014-07-15,25,BABY CARE,0.0,0
2866277,2017-06-01,31,PREPARED FOODS,83.037,0
2630359,2017-01-20,12,POULTRY,173.956,14
498257,2013-10-07,39,MAGAZINES,0.0,0
991713,2014-07-12,34,PRODUCE,907.576,0
1092164,2014-09-06,52,PREPARED FOODS,0.0,0
2425114,2016-09-25,53,EGGS,144.0,0
311532,2013-06-24,5,GROCERY I,3135.0,0
1490542,2015-04-19,30,SCHOOL AND OFFICE SUPPLIES,0.0,0
1409938,2015-03-05,2,GROCERY II,36.0,0
387138,2013-08-06,21,HOME AND KITCHEN I,0.0,0
1731590,2015-09-01,44,HARDWARE,4.0,0
1826151,2015-10-24,47,PRODUCE,7272.408,0
2378187,2016-08-30,37,DELI,153.256,2
1238468,2014-11-27,9,FROZEN FOODS,101.175,0
2494699,2016-11-03,6,SCHOOL AND OFFICE SUPPLIES,0.0,0
631705,2013-12-21,33,LADIESWEAR,0.0,0
2121830,2016-04-08,43,PREPARED FOODS,40.0,0
1315178,2015-01-11,10,PREPARED FOODS,32.0,0
1051721,2014-08-15,19,FROZEN FOODS,30.928,0
2091405,2016-03-22,4,PRODUCE,2268.415,0
2068627,2016-03-09,50,"LIQUOR,WINE,BEER",87.0,0
2789021,2017-04-19,14,PET SUPPLIES,0.0,0
470700,2013-09-22,16,LINGERIE,5.0,0
2884063,2017-06-11,30,POULTRY,149.133,0
1542761,2015-05-18,46,FROZEN FOODS,221.929,5
1319687,2015-01-13,37,HOME APPLIANCES,0.0,0
2652707,2017-02-01,4,BEAUTY,8.0,0
353317,2013-07-18,22,LADIESWEAR,0.0,0
1605445,2015-06-22,54,POULTRY,53.141,0
2974038,2017-07-31,6,GROCERY I,5237.0,62
267460,2013-05-31,13,POULTRY,57.569,0
141348,2013-03-21,25,DELI,125.692,0
1879006,2015-11-23,30,LADIESWEAR,0.0,0
2544073,2016-12-01,41,BOOKS,0.0,0
470617,2013-09-22,14,BOOKS,0.0,0
324224,2013-07-01,6,SEAFOOD,36.525,0
539430,2013-10-30,44,GROCERY I,7659.0,0
1041916,2014-08-09,43,CLEANING,958.0,0
256568,2013-05-24,8,PET SUPPLIES,0.0,0
2973769,2017-07-31,48,CLEANING,2911.0,27
2355194,2016-08-17,41,HOME APPLIANCES,0.0,0
1936974,2015-12-26,8,CELEBRATION,27.0,0
2795289,2017-04-22,4,MEATS,347.254,0
2866873,2017-06-01,48,SCHOOL AND OFFICE SUPPLIES,5.0,0
876369,2014-05-08,48,LINGERIE,1.0,0
2967438,2017-07-28,20,GROCERY I,4835.109,70
1692643,2015-08-10,51,CLEANING,1602.0,2
1008615,2014-07-22,1,BEVERAGES,1873.0,1
911573,2014-05-28,36,HARDWARE,0.0,0
1622980,2015-07-02,47,CLEANING,2257.0,2
1131562,2014-09-28,9,PERSONAL CARE,504.0,0
404097,2013-08-15,47,GROCERY I,5197.0,0
1102848,2014-09-12,52,LINGERIE,0.0,0
72739,2013-02-10,5,CLEANING,840.0,0
312122,2013-06-25,17,DAIRY,136.0,0
2243846,2016-06-16,18,FROZEN FOODS,48.0,0
138582,2013-03-19,47,HOME AND KITCHEN I,0.0,0
2455355,2016-10-12,51,MAGAZINES,9.0,0
2246155,2016-06-17,32,EGGS,83.0,0
2533366,2016-11-25,40,"LIQUOR,WINE,BEER",59.0,4
1494085,2015-04-21,30,EGGS,173.0,0
685912,2014-01-21,54,CLEANING,904.0,0
2148125,2016-04-23,31,MAGAZINES,2.0,0
2757527,2017-04-01,30,HARDWARE,1.0,0
132802,2013-03-16,35,EGGS,69.0,0
2089489,2016-03-21,36,POULTRY,120.666,0
495875,2013-10-06,22,HOME APPLIANCES,0.0,0
2952190,2017-07-19,42,EGGS,135.0,0
543863,2013-11-02,19,MAGAZINES,0.0,0
2503077,2016-11-08,40,PLAYERS AND ELECTRONICS,7.0,0
264289,2013-05-29,24,PERSONAL CARE,205.0,0
2193701,2016-05-19,10,PET SUPPLIES,0.0,0
1456963,2015-03-31,39,GROCERY II,30.0,0
1935227,2015-12-24,9,DAIRY,1240.0,2
2254594,2016-06-22,2,BABY CARE,0.0,0
1981795,2016-01-21,15,GROCERY II,5.0,0
98973,2013-02-25,36,CELEBRATION,0.0,0
2285454,2016-07-09,35,CELEBRATION,0.0,0
136358,2013-03-18,35,BEAUTY,0.0,0
1350285,2015-01-30,45,MEATS,1480.25,48
1924156,2015-12-18,47,PERSONAL CARE,692.0,3
1154246,2014-10-11,45,BREAD/BAKERY,1448.002,1
521064,2013-10-20,29,PLAYERS AND ELECTRONICS,0.0,0
2274512,2016-07-03,28,LAWN AND GARDEN,3.0,0
2777780,2017-04-12,49,BREAD/BAKERY,1313.46,7
2334799,2016-08-06,2,HOME AND KITCHEN II,20.0,1
456237,2013-09-14,10,GROCERY I,2839.0,0
1489410,2015-04-18,49,LINGERIE,11.0,0
1448113,2015-03-26,40,CLEANING,1165.0,0
1874927,2015-11-21,16,SEAFOOD,1.0,1
1876132,2015-11-21,5,HOME AND KITCHEN II,23.0,0
717035,2014-02-08,28,FROZEN FOODS,80.67,0
939248,2014-06-13,13,BEAUTY,1.0,0
2358702,2016-08-19,4,PLAYERS AND ELECTRONICS,7.0,0
1280683,2014-12-21,42,LADIESWEAR,0.0,0
617255,2013-12-13,28,MAGAZINES,0.0,0
2135682,2016-04-16,32,LINGERIE,6.0,0
986519,2014-07-09,39,HOME APPLIANCES,0.0,0
2302765,2016-07-19,20,PERSONAL CARE,214.0,6
2143730,2016-04-20,9,HOME APPLIANCES,0.0,0
2287895,2016-07-10,53,BREAD/BAKERY,1169.458,12
735198,2014-02-18,37,MEATS,267.212,0
